No.;year;origin_country;origin_station_name;origin_city;origin_region;destination_country;destination_station_name;destination_city;destination_region;Passengers_millions;Type
397;2016;France;Paris Gare du Nord;Paris;Île-de-France;France;Paris Gare de Lyon;Paris;Île-de-France;1.05;TGV/Intercités
398;2016;France;Paris Gare du Nord;Paris;Île-de-France;France;Paris Saint-Lazare;Paris;Île-de-France;1.13;TGV/Intercités
399;2016;France;Paris Gare du Nord;Paris;Île-de-France;France;Paris Montparnasse;Paris;Île-de-France;0.88;TGV/Intercités
400;2016;France;Paris Gare du Nord;Paris;Île-de-France;France;Paris Est;Paris;Île-de-France;0.93;TGV/Intercités
401;2016;France;Paris Gare du Nord;Paris;Île-de-France;France;Paris Austerlitz;Paris;Île-de-France;0.89;TGV/Intercités
402;2016;France;Paris Gare du Nord;Paris;Île-de-France;France;Lyon Part-Dieu;Lyon;Auvergne-Rhône-Alpes;9.15;TGV/Intercités
403;2016;France;Paris Gare du Nord;Paris;Île-de-France;France;Lyon Perrache;Lyon;Auvergne-Rhône-Alpes;8.91;TGV/Intercités
404;2016;France;Paris Gare du Nord;Paris;Île-de-France;France;Marseille Saint-Charles;Marseille;Provence-Alpes-Côte d'Azur;6.52;TGV/Intercités
405;2016;France;Paris Gare du Nord;Paris;Île-de-France;France;Lille Flandres;Lille;Hauts-de-France;7.3;TGV/Intercités
406;2016;France;Paris Gare du Nord;Paris;Île-de-France;France;Lille Europe;Lille;Hauts-de-France;6.78;TGV/Intercités
407;2016;France;Paris Gare du Nord;Paris;Île-de-France;France;Bordeaux Saint-Jean;Bordeaux;Nouvelle-Aquitaine;5.39;TGV/Intercités
408;2016;France;Paris Gare du Nord;Paris;Île-de-France;France;Toulouse Matabiau;Toulouse;Occitanie;4.11;TGV/Intercités
409;2016;France;Paris Gare du Nord;Paris;Île-de-France;France;Nantes;Nantes;Pays de la Loire;4.05;TGV/Intercités
410;2016;France;Paris Gare du Nord;Paris;Île-de-France;France;Rennes;Rennes;Bretagne;4.4;TGV/Intercités
411;2016;France;Paris Gare du Nord;Paris;Île-de-France;France;Strasbourg;Strasbourg;Grand Est;4.48;TGV/Intercités
412;2016;France;Paris Gare de Lyon;Paris;Île-de-France;France;Paris Gare du Nord;Paris;Île-de-France;0.9;TGV/Intercités
413;2016;France;Paris Gare de Lyon;Paris;Île-de-France;France;Paris Saint-Lazare;Paris;Île-de-France;0.98;TGV/Intercités
414;2016;France;Paris Gare de Lyon;Paris;Île-de-France;France;Paris Montparnasse;Paris;Île-de-France;1.12;TGV/Intercités
415;2016;France;Paris Gare de Lyon;Paris;Île-de-France;France;Paris Est;Paris;Île-de-France;0.93;TGV/Intercités
416;2016;France;Paris Gare de Lyon;Paris;Île-de-France;France;Paris Austerlitz;Paris;Île-de-France;1.1;TGV/Intercités
417;2016;France;Paris Gare de Lyon;Paris;Île-de-France;France;Lyon Part-Dieu;Lyon;Auvergne-Rhône-Alpes;6.86;TGV/Intercités
418;2016;France;Paris Gare de Lyon;Paris;Île-de-France;France;Lyon Perrache;Lyon;Auvergne-Rhône-Alpes;7.17;TGV/Intercités
419;2016;France;Paris Gare de Lyon;Paris;Île-de-France;France;Marseille Saint-Charles;Marseille;Provence-Alpes-Côte d'Azur;6.41;TGV/Intercités
420;2016;France;Paris Gare de Lyon;Paris;Île-de-France;France;Lille Flandres;Lille;Hauts-de-France;6.06;TGV/Intercités
421;2016;France;Paris Gare de Lyon;Paris;Île-de-France;France;Lille Europe;Lille;Hauts-de-France;7.29;TGV/Intercités
422;2016;France;Paris Gare de Lyon;Paris;Île-de-France;France;Bordeaux Saint-Jean;Bordeaux;Nouvelle-Aquitaine;4.77;TGV/Intercités
423;2016;France;Paris Gare de Lyon;Paris;Île-de-France;France;Toulouse Matabiau;Toulouse;Occitanie;4.33;TGV/Intercités
424;2016;France;Paris Gare de Lyon;Paris;Île-de-France;France;Nantes;Nantes;Pays de la Loire;3.7;TGV/Intercités
425;2016;France;Paris Gare de Lyon;Paris;Île-de-France;France;Rennes;Rennes;Bretagne;4.37;TGV/Intercités
426;2016;France;Paris Gare de Lyon;Paris;Île-de-France;France;Strasbourg;Strasbourg;Grand Est;4.2;TGV/Intercités
427;2016;France;Paris Saint-Lazare;Paris;Île-de-France;France;Paris Gare du Nord;Paris;Île-de-France;0.97;TGV/Intercités
428;2016;France;Paris Saint-Lazare;Paris;Île-de-France;France;Paris Gare de Lyon;Paris;Île-de-France;1.06;TGV/Intercités
429;2016;France;Paris Saint-Lazare;Paris;Île-de-France;France;Paris Montparnasse;Paris;Île-de-France;0.85;TGV/Intercités
430;2016;France;Paris Saint-Lazare;Paris;Île-de-France;France;Paris Est;Paris;Île-de-France;1.08;TGV/Intercités
431;2016;France;Paris Saint-Lazare;Paris;Île-de-France;France;Paris Austerlitz;Paris;Île-de-France;0.92;TGV/Intercités
432;2016;France;Paris Saint-Lazare;Paris;Île-de-France;France;Lyon Part-Dieu;Lyon;Auvergne-Rhône-Alpes;6.9;TGV/Intercités
433;2016;France;Paris Saint-Lazare;Paris;Île-de-France;France;Lyon Perrache;Lyon;Auvergne-Rhône-Alpes;9.09;TGV/Intercités
434;2016;France;Paris Saint-Lazare;Paris;Île-de-France;France;Marseille Saint-Charles;Marseille;Provence-Alpes-Côte d'Azur;5.35;TGV/Intercités
435;2016;France;Paris Saint-Lazare;Paris;Île-de-France;France;Lille Flandres;Lille;Hauts-de-France;7.18;TGV/Intercités
436;2016;France;Paris Saint-Lazare;Paris;Île-de-France;France;Lille Europe;Lille;Hauts-de-France;7.11;TGV/Intercités
437;2016;France;Paris Saint-Lazare;Paris;Île-de-France;France;Bordeaux Saint-Jean;Bordeaux;Nouvelle-Aquitaine;4.9;TGV/Intercités
438;2016;France;Paris Saint-Lazare;Paris;Île-de-France;France;Toulouse Matabiau;Toulouse;Occitanie;3.79;TGV/Intercités
439;2016;France;Paris Saint-Lazare;Paris;Île-de-France;France;Nantes;Nantes;Pays de la Loire;3.43;TGV/Intercités
440;2016;France;Paris Saint-Lazare;Paris;Île-de-France;France;Rennes;Rennes;Bretagne;4.1;TGV/Intercités
441;2016;France;Paris Saint-Lazare;Paris;Île-de-France;France;Strasbourg;Strasbourg;Grand Est;4.3;TGV/Intercités
442;2016;France;Paris Montparnasse;Paris;Île-de-France;France;Paris Gare du Nord;Paris;Île-de-France;0.97;TGV/Intercités
443;2016;France;Paris Montparnasse;Paris;Île-de-France;France;Paris Gare de Lyon;Paris;Île-de-France;1.14;TGV/Intercités
444;2016;France;Paris Montparnasse;Paris;Île-de-France;France;Paris Saint-Lazare;Paris;Île-de-France;1.01;TGV/Intercités
445;2016;France;Paris Montparnasse;Paris;Île-de-France;France;Paris Est;Paris;Île-de-France;1.07;TGV/Intercités
446;2016;France;Paris Montparnasse;Paris;Île-de-France;France;Paris Austerlitz;Paris;Île-de-France;1.05;TGV/Intercités
447;2016;France;Paris Montparnasse;Paris;Île-de-France;France;Lyon Part-Dieu;Lyon;Auvergne-Rhône-Alpes;7.79;TGV/Intercités
448;2016;France;Paris Montparnasse;Paris;Île-de-France;France;Lyon Perrache;Lyon;Auvergne-Rhône-Alpes;8.7;TGV/Intercités
449;2016;France;Paris Montparnasse;Paris;Île-de-France;France;Marseille Saint-Charles;Marseille;Provence-Alpes-Côte d'Azur;6.44;TGV/Intercités
450;2016;France;Paris Montparnasse;Paris;Île-de-France;France;Lille Flandres;Lille;Hauts-de-France;7.55;TGV/Intercités
451;2016;France;Paris Montparnasse;Paris;Île-de-France;France;Lille Europe;Lille;Hauts-de-France;8.03;TGV/Intercités
452;2016;France;Paris Montparnasse;Paris;Île-de-France;France;Bordeaux Saint-Jean;Bordeaux;Nouvelle-Aquitaine;4.52;TGV/Intercités
453;2016;France;Paris Montparnasse;Paris;Île-de-France;France;Toulouse Matabiau;Toulouse;Occitanie;4.58;TGV/Intercités
454;2016;France;Paris Montparnasse;Paris;Île-de-France;France;Nantes;Nantes;Pays de la Loire;4.15;TGV/Intercités
455;2016;France;Paris Montparnasse;Paris;Île-de-France;France;Rennes;Rennes;Bretagne;3.75;TGV/Intercités
456;2016;France;Paris Montparnasse;Paris;Île-de-France;France;Strasbourg;Strasbourg;Grand Est;4.06;TGV/Intercités
457;2016;France;Paris Est;Paris;Île-de-France;France;Paris Gare du Nord;Paris;Île-de-France;1.0;TGV/Intercités
458;2016;France;Paris Est;Paris;Île-de-France;France;Paris Gare de Lyon;Paris;Île-de-France;1.04;TGV/Intercités
459;2016;France;Paris Est;Paris;Île-de-France;France;Paris Saint-Lazare;Paris;Île-de-France;0.91;TGV/Intercités
460;2016;France;Paris Est;Paris;Île-de-France;France;Paris Montparnasse;Paris;Île-de-France;0.89;TGV/Intercités
461;2016;France;Paris Est;Paris;Île-de-France;France;Paris Austerlitz;Paris;Île-de-France;0.95;TGV/Intercités
462;2016;France;Paris Est;Paris;Île-de-France;France;Lyon Part-Dieu;Lyon;Auvergne-Rhône-Alpes;8.96;TGV/Intercités
463;2016;France;Paris Est;Paris;Île-de-France;France;Lyon Perrache;Lyon;Auvergne-Rhône-Alpes;9.02;TGV/Intercités
464;2016;France;Paris Est;Paris;Île-de-France;France;Marseille Saint-Charles;Marseille;Provence-Alpes-Côte d'Azur;6.12;TGV/Intercités
465;2016;France;Paris Est;Paris;Île-de-France;France;Lille Flandres;Lille;Hauts-de-France;6.13;TGV/Intercités
466;2016;France;Paris Est;Paris;Île-de-France;France;Lille Europe;Lille;Hauts-de-France;7.59;TGV/Intercités
467;2016;France;Paris Est;Paris;Île-de-France;France;Bordeaux Saint-Jean;Bordeaux;Nouvelle-Aquitaine;5.26;TGV/Intercités
468;2016;France;Paris Est;Paris;Île-de-France;France;Toulouse Matabiau;Toulouse;Occitanie;3.9;TGV/Intercités
469;2016;France;Paris Est;Paris;Île-de-France;France;Nantes;Nantes;Pays de la Loire;4.36;TGV/Intercités
470;2016;France;Paris Est;Paris;Île-de-France;France;Rennes;Rennes;Bretagne;4.46;TGV/Intercités
471;2016;France;Paris Est;Paris;Île-de-France;France;Strasbourg;Strasbourg;Grand Est;3.79;TGV/Intercités
472;2016;France;Paris Austerlitz;Paris;Île-de-France;France;Paris Gare du Nord;Paris;Île-de-France;0.96;TGV/Intercités
473;2016;France;Paris Austerlitz;Paris;Île-de-France;France;Paris Gare de Lyon;Paris;Île-de-France;0.98;TGV/Intercités
474;2016;France;Paris Austerlitz;Paris;Île-de-France;France;Paris Saint-Lazare;Paris;Île-de-France;0.98;TGV/Intercités
475;2016;France;Paris Austerlitz;Paris;Île-de-France;France;Paris Montparnasse;Paris;Île-de-France;1.06;TGV/Intercités
476;2016;France;Paris Austerlitz;Paris;Île-de-France;France;Paris Est;Paris;Île-de-France;1.05;TGV/Intercités
477;2016;France;Paris Austerlitz;Paris;Île-de-France;France;Lyon Part-Dieu;Lyon;Auvergne-Rhône-Alpes;8.82;TGV/Intercités
478;2016;France;Paris Austerlitz;Paris;Île-de-France;France;Lyon Perrache;Lyon;Auvergne-Rhône-Alpes;7.98;TGV/Intercités
479;2016;France;Paris Austerlitz;Paris;Île-de-France;France;Marseille Saint-Charles;Marseille;Provence-Alpes-Côte d'Azur;5.4;TGV/Intercités
480;2016;France;Paris Austerlitz;Paris;Île-de-France;France;Lille Flandres;Lille;Hauts-de-France;7.9;TGV/Intercités
481;2016;France;Paris Austerlitz;Paris;Île-de-France;France;Lille Europe;Lille;Hauts-de-France;7.49;TGV/Intercités
482;2016;France;Paris Austerlitz;Paris;Île-de-France;France;Bordeaux Saint-Jean;Bordeaux;Nouvelle-Aquitaine;4.46;TGV/Intercités
483;2016;France;Paris Austerlitz;Paris;Île-de-France;France;Toulouse Matabiau;Toulouse;Occitanie;4.2;TGV/Intercités
484;2016;France;Paris Austerlitz;Paris;Île-de-France;France;Nantes;Nantes;Pays de la Loire;4.08;TGV/Intercités
485;2016;France;Paris Austerlitz;Paris;Île-de-France;France;Rennes;Rennes;Bretagne;4.36;TGV/Intercités
486;2016;France;Paris Austerlitz;Paris;Île-de-France;France;Strasbourg;Strasbourg;Grand Est;4.19;TGV/Intercités
487;2016;France;Lyon Part-Dieu;Lyon;Auvergne-Rhône-Alpes;France;Paris Gare du Nord;Paris;Île-de-France;9.09;TGV/Intercités
488;2016;France;Lyon Part-Dieu;Lyon;Auvergne-Rhône-Alpes;France;Paris Gare de Lyon;Paris;Île-de-France;8.86;TGV/Intercités
489;2016;France;Lyon Part-Dieu;Lyon;Auvergne-Rhône-Alpes;France;Paris Saint-Lazare;Paris;Île-de-France;8.04;TGV/Intercités
490;2016;France;Lyon Part-Dieu;Lyon;Auvergne-Rhône-Alpes;France;Paris Montparnasse;Paris;Île-de-France;7.36;TGV/Intercités
491;2016;France;Lyon Part-Dieu;Lyon;Auvergne-Rhône-Alpes;France;Paris Est;Paris;Île-de-France;8.44;TGV/Intercités
492;2016;France;Lyon Part-Dieu;Lyon;Auvergne-Rhône-Alpes;France;Paris Austerlitz;Paris;Île-de-France;8.74;TGV/Intercités
493;2016;France;Lyon Part-Dieu;Lyon;Auvergne-Rhône-Alpes;France;Lyon Perrache;Lyon;Auvergne-Rhône-Alpes;0.94;TER/Intercités
494;2016;France;Lyon Part-Dieu;Lyon;Auvergne-Rhône-Alpes;France;Marseille Saint-Charles;Marseille;Provence-Alpes-Côte d'Azur;0.97;TER/Intercités
495;2016;France;Lyon Part-Dieu;Lyon;Auvergne-Rhône-Alpes;France;Lille Flandres;Lille;Hauts-de-France;0.94;TER/Intercités
496;2016;France;Lyon Part-Dieu;Lyon;Auvergne-Rhône-Alpes;France;Lille Europe;Lille;Hauts-de-France;1.0;TER/Intercités
497;2016;France;Lyon Part-Dieu;Lyon;Auvergne-Rhône-Alpes;France;Bordeaux Saint-Jean;Bordeaux;Nouvelle-Aquitaine;1.03;TER/Intercités
498;2016;France;Lyon Part-Dieu;Lyon;Auvergne-Rhône-Alpes;France;Toulouse Matabiau;Toulouse;Occitanie;1.04;TER/Intercités
499;2016;France;Lyon Part-Dieu;Lyon;Auvergne-Rhône-Alpes;France;Nantes;Nantes;Pays de la Loire;1.14;TER/Intercités
500;2016;France;Lyon Part-Dieu;Lyon;Auvergne-Rhône-Alpes;France;Rennes;Rennes;Bretagne;1.14;TER/Intercités
501;2016;France;Lyon Part-Dieu;Lyon;Auvergne-Rhône-Alpes;France;Strasbourg;Strasbourg;Grand Est;1.12;TER/Intercités
502;2016;France;Lyon Perrache;Lyon;Auvergne-Rhône-Alpes;France;Paris Gare du Nord;Paris;Île-de-France;9.1;TGV/Intercités
503;2016;France;Lyon Perrache;Lyon;Auvergne-Rhône-Alpes;France;Paris Gare de Lyon;Paris;Île-de-France;8.37;TGV/Intercités
504;2016;France;Lyon Perrache;Lyon;Auvergne-Rhône-Alpes;France;Paris Saint-Lazare;Paris;Île-de-France;7.75;TGV/Intercités
505;2016;France;Lyon Perrache;Lyon;Auvergne-Rhône-Alpes;France;Paris Montparnasse;Paris;Île-de-France;8.52;TGV/Intercités
506;2016;France;Lyon Perrache;Lyon;Auvergne-Rhône-Alpes;France;Paris Est;Paris;Île-de-France;7.56;TGV/Intercités
507;2016;France;Lyon Perrache;Lyon;Auvergne-Rhône-Alpes;France;Paris Austerlitz;Paris;Île-de-France;9.12;TGV/Intercités
508;2016;France;Lyon Perrache;Lyon;Auvergne-Rhône-Alpes;France;Lyon Part-Dieu;Lyon;Auvergne-Rhône-Alpes;1.13;TER/Intercités
509;2016;France;Lyon Perrache;Lyon;Auvergne-Rhône-Alpes;France;Marseille Saint-Charles;Marseille;Provence-Alpes-Côte d'Azur;0.93;TER/Intercités
510;2016;France;Lyon Perrache;Lyon;Auvergne-Rhône-Alpes;France;Lille Flandres;Lille;Hauts-de-France;1.15;TER/Intercités
511;2016;France;Lyon Perrache;Lyon;Auvergne-Rhône-Alpes;France;Lille Europe;Lille;Hauts-de-France;0.96;TER/Intercités
512;2016;France;Lyon Perrache;Lyon;Auvergne-Rhône-Alpes;France;Bordeaux Saint-Jean;Bordeaux;Nouvelle-Aquitaine;1.12;TER/Intercités
513;2016;France;Lyon Perrache;Lyon;Auvergne-Rhône-Alpes;France;Toulouse Matabiau;Toulouse;Occitanie;0.94;TER/Intercités
514;2016;France;Lyon Perrache;Lyon;Auvergne-Rhône-Alpes;France;Nantes;Nantes;Pays de la Loire;0.91;TER/Intercités
515;2016;France;Lyon Perrache;Lyon;Auvergne-Rhône-Alpes;France;Rennes;Rennes;Bretagne;1.0;TER/Intercités
516;2016;France;Lyon Perrache;Lyon;Auvergne-Rhône-Alpes;France;Strasbourg;Strasbourg;Grand Est;0.9;TER/Intercités
517;2016;France;Marseille Saint-Charles;Marseille;Provence-Alpes-Côte d'Azur;France;Paris Gare du Nord;Paris;Île-de-France;5.9;TGV/Intercités
518;2016;France;Marseille Saint-Charles;Marseille;Provence-Alpes-Côte d'Azur;France;Paris Gare de Lyon;Paris;Île-de-France;5.62;TGV/Intercités
519;2016;France;Marseille Saint-Charles;Marseille;Provence-Alpes-Côte d'Azur;France;Paris Saint-Lazare;Paris;Île-de-France;6.27;TGV/Intercités
520;2016;France;Marseille Saint-Charles;Marseille;Provence-Alpes-Côte d'Azur;France;Paris Montparnasse;Paris;Île-de-France;6.27;TGV/Intercités
521;2016;France;Marseille Saint-Charles;Marseille;Provence-Alpes-Côte d'Azur;France;Paris Est;Paris;Île-de-France;6.77;TGV/Intercités
522;2016;France;Marseille Saint-Charles;Marseille;Provence-Alpes-Côte d'Azur;France;Paris Austerlitz;Paris;Île-de-France;5.77;TGV/Intercités
523;2016;France;Marseille Saint-Charles;Marseille;Provence-Alpes-Côte d'Azur;France;Lyon Part-Dieu;Lyon;Auvergne-Rhône-Alpes;0.88;TER/Intercités
524;2016;France;Marseille Saint-Charles;Marseille;Provence-Alpes-Côte d'Azur;France;Lyon Perrache;Lyon;Auvergne-Rhône-Alpes;1.04;TER/Intercités
525;2016;France;Marseille Saint-Charles;Marseille;Provence-Alpes-Côte d'Azur;France;Lille Flandres;Lille;Hauts-de-France;0.89;TER/Intercités
526;2016;France;Marseille Saint-Charles;Marseille;Provence-Alpes-Côte d'Azur;France;Lille Europe;Lille;Hauts-de-France;1.08;TER/Intercités
527;2016;France;Marseille Saint-Charles;Marseille;Provence-Alpes-Côte d'Azur;France;Bordeaux Saint-Jean;Bordeaux;Nouvelle-Aquitaine;0.97;TER/Intercités
528;2016;France;Marseille Saint-Charles;Marseille;Provence-Alpes-Côte d'Azur;France;Toulouse Matabiau;Toulouse;Occitanie;0.94;TER/Intercités
529;2016;France;Marseille Saint-Charles;Marseille;Provence-Alpes-Côte d'Azur;France;Nantes;Nantes;Pays de la Loire;1.07;TER/Intercités
530;2016;France;Marseille Saint-Charles;Marseille;Provence-Alpes-Côte d'Azur;France;Rennes;Rennes;Bretagne;0.95;TER/Intercités
531;2016;France;Marseille Saint-Charles;Marseille;Provence-Alpes-Côte d'Azur;France;Strasbourg;Strasbourg;Grand Est;1.05;TER/Intercités
532;2016;France;Lille Flandres;Lille;Hauts-de-France;France;Paris Gare du Nord;Paris;Île-de-France;6.55;TGV/Intercités
533;2016;France;Lille Flandres;Lille;Hauts-de-France;France;Paris Gare de Lyon;Paris;Île-de-France;6.95;TGV/Intercités
534;2016;France;Lille Flandres;Lille;Hauts-de-France;France;Paris Saint-Lazare;Paris;Île-de-France;6.11;TGV/Intercités
535;2016;France;Lille Flandres;Lille;Hauts-de-France;France;Paris Montparnasse;Paris;Île-de-France;6.02;TGV/Intercités
536;2016;France;Lille Flandres;Lille;Hauts-de-France;France;Paris Est;Paris;Île-de-France;7.96;TGV/Intercités
537;2016;France;Lille Flandres;Lille;Hauts-de-France;France;Paris Austerlitz;Paris;Île-de-France;7.37;TGV/Intercités
538;2016;France;Lille Flandres;Lille;Hauts-de-France;France;Lyon Part-Dieu;Lyon;Auvergne-Rhône-Alpes;1.04;TER/Intercités
539;2016;France;Lille Flandres;Lille;Hauts-de-France;France;Lyon Perrache;Lyon;Auvergne-Rhône-Alpes;0.97;TER/Intercités
540;2016;France;Lille Flandres;Lille;Hauts-de-France;France;Marseille Saint-Charles;Marseille;Provence-Alpes-Côte d'Azur;1.12;TER/Intercités
541;2016;France;Lille Flandres;Lille;Hauts-de-France;France;Lille Europe;Lille;Hauts-de-France;1.14;TER/Intercités
542;2016;France;Lille Flandres;Lille;Hauts-de-France;France;Bordeaux Saint-Jean;Bordeaux;Nouvelle-Aquitaine;0.99;TER/Intercités
543;2016;France;Lille Flandres;Lille;Hauts-de-France;France;Toulouse Matabiau;Toulouse;Occitanie;0.94;TER/Intercités
544;2016;France;Lille Flandres;Lille;Hauts-de-France;France;Nantes;Nantes;Pays de la Loire;0.96;TER/Intercités
545;2016;France;Lille Flandres;Lille;Hauts-de-France;France;Rennes;Rennes;Bretagne;1.12;TER/Intercités
546;2016;France;Lille Flandres;Lille;Hauts-de-France;France;Strasbourg;Strasbourg;Grand Est;0.89;TER/Intercités
547;2016;France;Lille Europe;Lille;Hauts-de-France;France;Paris Gare du Nord;Paris;Île-de-France;7.15;TGV/Intercités
548;2016;France;Lille Europe;Lille;Hauts-de-France;France;Paris Gare de Lyon;Paris;Île-de-France;7.72;TGV/Intercités
549;2016;France;Lille Europe;Lille;Hauts-de-France;France;Paris Saint-Lazare;Paris;Île-de-France;6.02;TGV/Intercités
550;2016;France;Lille Europe;Lille;Hauts-de-France;France;Paris Montparnasse;Paris;Île-de-France;6.37;TGV/Intercités
551;2016;France;Lille Europe;Lille;Hauts-de-France;France;Paris Est;Paris;Île-de-France;8.04;TGV/Intercités
552;2016;France;Lille Europe;Lille;Hauts-de-France;France;Paris Austerlitz;Paris;Île-de-France;6.87;TGV/Intercités
553;2016;France;Lille Europe;Lille;Hauts-de-France;France;Lyon Part-Dieu;Lyon;Auvergne-Rhône-Alpes;1.04;TER/Intercités
554;2016;France;Lille Europe;Lille;Hauts-de-France;France;Lyon Perrache;Lyon;Auvergne-Rhône-Alpes;0.92;TER/Intercités
555;2016;France;Lille Europe;Lille;Hauts-de-France;France;Marseille Saint-Charles;Marseille;Provence-Alpes-Côte d'Azur;1.01;TER/Intercités
556;2016;France;Lille Europe;Lille;Hauts-de-France;France;Lille Flandres;Lille;Hauts-de-France;0.96;TER/Intercités
557;2016;France;Lille Europe;Lille;Hauts-de-France;France;Bordeaux Saint-Jean;Bordeaux;Nouvelle-Aquitaine;1.07;TER/Intercités
558;2016;France;Lille Europe;Lille;Hauts-de-France;France;Toulouse Matabiau;Toulouse;Occitanie;1.1;TER/Intercités
559;2016;France;Lille Europe;Lille;Hauts-de-France;France;Nantes;Nantes;Pays de la Loire;0.94;TER/Intercités
560;2016;France;Lille Europe;Lille;Hauts-de-France;France;Rennes;Rennes;Bretagne;1.06;TER/Intercités
561;2016;France;Lille Europe;Lille;Hauts-de-France;France;Strasbourg;Strasbourg;Grand Est;1.08;TER/Intercités
562;2016;France;Bordeaux Saint-Jean;Bordeaux;Nouvelle-Aquitaine;France;Paris Gare du Nord;Paris;Île-de-France;4.62;TGV/Intercités
563;2016;France;Bordeaux Saint-Jean;Bordeaux;Nouvelle-Aquitaine;France;Paris Gare de Lyon;Paris;Île-de-France;5.45;TGV/Intercités
564;2016;France;Bordeaux Saint-Jean;Bordeaux;Nouvelle-Aquitaine;France;Paris Saint-Lazare;Paris;Île-de-France;5.1;TGV/Intercités
565;2016;France;Bordeaux Saint-Jean;Bordeaux;Nouvelle-Aquitaine;France;Paris Montparnasse;Paris;Île-de-France;5.21;TGV/Intercités
566;2016;France;Bordeaux Saint-Jean;Bordeaux;Nouvelle-Aquitaine;France;Paris Est;Paris;Île-de-France;4.44;TGV/Intercités
567;2016;France;Bordeaux Saint-Jean;Bordeaux;Nouvelle-Aquitaine;France;Paris Austerlitz;Paris;Île-de-France;5.13;TGV/Intercités
568;2016;France;Bordeaux Saint-Jean;Bordeaux;Nouvelle-Aquitaine;France;Lyon Part-Dieu;Lyon;Auvergne-Rhône-Alpes;0.95;TER/Intercités
569;2016;France;Bordeaux Saint-Jean;Bordeaux;Nouvelle-Aquitaine;France;Lyon Perrache;Lyon;Auvergne-Rhône-Alpes;0.95;TER/Intercités
570;2016;France;Bordeaux Saint-Jean;Bordeaux;Nouvelle-Aquitaine;France;Marseille Saint-Charles;Marseille;Provence-Alpes-Côte d'Azur;1.03;TER/Intercités
571;2016;France;Bordeaux Saint-Jean;Bordeaux;Nouvelle-Aquitaine;France;Lille Flandres;Lille;Hauts-de-France;0.86;TER/Intercités
572;2016;France;Bordeaux Saint-Jean;Bordeaux;Nouvelle-Aquitaine;France;Lille Europe;Lille;Hauts-de-France;1.02;TER/Intercités
573;2016;France;Bordeaux Saint-Jean;Bordeaux;Nouvelle-Aquitaine;France;Toulouse Matabiau;Toulouse;Occitanie;1.03;TER/Intercités
574;2016;France;Bordeaux Saint-Jean;Bordeaux;Nouvelle-Aquitaine;France;Nantes;Nantes;Pays de la Loire;1.03;TER/Intercités
575;2016;France;Bordeaux Saint-Jean;Bordeaux;Nouvelle-Aquitaine;France;Rennes;Rennes;Bretagne;1.1;TER/Intercités
576;2016;France;Bordeaux Saint-Jean;Bordeaux;Nouvelle-Aquitaine;France;Strasbourg;Strasbourg;Grand Est;0.99;TER/Intercités
577;2016;France;Toulouse Matabiau;Toulouse;Occitanie;France;Paris Gare du Nord;Paris;Île-de-France;4.05;TGV/Intercités
578;2016;France;Toulouse Matabiau;Toulouse;Occitanie;France;Paris Gare de Lyon;Paris;Île-de-France;3.52;TGV/Intercités
579;2016;France;Toulouse Matabiau;Toulouse;Occitanie;France;Paris Saint-Lazare;Paris;Île-de-France;4.07;TGV/Intercités
580;2016;France;Toulouse Matabiau;Toulouse;Occitanie;France;Paris Montparnasse;Paris;Île-de-France;4.07;TGV/Intercités
581;2016;France;Toulouse Matabiau;Toulouse;Occitanie;France;Paris Est;Paris;Île-de-France;4.36;TGV/Intercités
582;2016;France;Toulouse Matabiau;Toulouse;Occitanie;France;Paris Austerlitz;Paris;Île-de-France;3.45;TGV/Intercités
583;2016;France;Toulouse Matabiau;Toulouse;Occitanie;France;Lyon Part-Dieu;Lyon;Auvergne-Rhône-Alpes;1.08;TER/Intercités
584;2016;France;Toulouse Matabiau;Toulouse;Occitanie;France;Lyon Perrache;Lyon;Auvergne-Rhône-Alpes;1.09;TER/Intercités
585;2016;France;Toulouse Matabiau;Toulouse;Occitanie;France;Marseille Saint-Charles;Marseille;Provence-Alpes-Côte d'Azur;1.02;TER/Intercités
586;2016;France;Toulouse Matabiau;Toulouse;Occitanie;France;Lille Flandres;Lille;Hauts-de-France;1.01;TER/Intercités
587;2016;France;Toulouse Matabiau;Toulouse;Occitanie;France;Lille Europe;Lille;Hauts-de-France;0.96;TER/Intercités
588;2016;France;Toulouse Matabiau;Toulouse;Occitanie;France;Bordeaux Saint-Jean;Bordeaux;Nouvelle-Aquitaine;0.9;TER/Intercités
589;2016;France;Toulouse Matabiau;Toulouse;Occitanie;France;Nantes;Nantes;Pays de la Loire;0.94;TER/Intercités
590;2016;France;Toulouse Matabiau;Toulouse;Occitanie;France;Rennes;Rennes;Bretagne;1.04;TER/Intercités
591;2016;France;Toulouse Matabiau;Toulouse;Occitanie;France;Strasbourg;Strasbourg;Grand Est;1.13;TER/Intercités
592;2016;France;Nantes;Nantes;Pays de la Loire;France;Paris Gare du Nord;Paris;Île-de-France;3.78;TGV/Intercités
593;2016;France;Nantes;Nantes;Pays de la Loire;France;Paris Gare de Lyon;Paris;Île-de-France;4.0;TGV/Intercités
594;2016;France;Nantes;Nantes;Pays de la Loire;France;Paris Saint-Lazare;Paris;Île-de-France;4.47;TGV/Intercités
595;2016;France;Nantes;Nantes;Pays de la Loire;France;Paris Montparnasse;Paris;Île-de-France;4.46;TGV/Intercités
596;2016;France;Nantes;Nantes;Pays de la Loire;France;Paris Est;Paris;Île-de-France;3.42;TGV/Intercités
597;2016;France;Nantes;Nantes;Pays de la Loire;France;Paris Austerlitz;Paris;Île-de-France;4.52;TGV/Intercités
598;2016;France;Nantes;Nantes;Pays de la Loire;France;Lyon Part-Dieu;Lyon;Auvergne-Rhône-Alpes;0.95;TER/Intercités
599;2016;France;Nantes;Nantes;Pays de la Loire;France;Lyon Perrache;Lyon;Auvergne-Rhône-Alpes;0.91;TER/Intercités
600;2016;France;Nantes;Nantes;Pays de la Loire;France;Marseille Saint-Charles;Marseille;Provence-Alpes-Côte d'Azur;1.07;TER/Intercités
601;2016;France;Nantes;Nantes;Pays de la Loire;France;Lille Flandres;Lille;Hauts-de-France;0.99;TER/Intercités
602;2016;France;Nantes;Nantes;Pays de la Loire;France;Lille Europe;Lille;Hauts-de-France;1.01;TER/Intercités
603;2016;France;Nantes;Nantes;Pays de la Loire;France;Bordeaux Saint-Jean;Bordeaux;Nouvelle-Aquitaine;1.07;TER/Intercités
604;2016;France;Nantes;Nantes;Pays de la Loire;France;Toulouse Matabiau;Toulouse;Occitanie;1.05;TER/Intercités
605;2016;France;Nantes;Nantes;Pays de la Loire;France;Rennes;Rennes;Bretagne;1.02;TER/Intercités
606;2016;France;Nantes;Nantes;Pays de la Loire;France;Strasbourg;Strasbourg;Grand Est;1.12;TER/Intercités
607;2016;France;Rennes;Rennes;Bretagne;France;Paris Gare du Nord;Paris;Île-de-France;3.51;TGV/Intercités
608;2016;France;Rennes;Rennes;Bretagne;France;Paris Gare de Lyon;Paris;Île-de-France;4.2;TGV/Intercités
609;2016;France;Rennes;Rennes;Bretagne;France;Paris Saint-Lazare;Paris;Île-de-France;3.48;TGV/Intercités
610;2016;France;Rennes;Rennes;Bretagne;France;Paris Montparnasse;Paris;Île-de-France;4.35;TGV/Intercités
611;2016;France;Rennes;Rennes;Bretagne;France;Paris Est;Paris;Île-de-France;3.93;TGV/Intercités
612;2016;France;Rennes;Rennes;Bretagne;France;Paris Austerlitz;Paris;Île-de-France;4.04;TGV/Intercités
613;2016;France;Rennes;Rennes;Bretagne;France;Lyon Part-Dieu;Lyon;Auvergne-Rhône-Alpes;0.85;TER/Intercités
614;2016;France;Rennes;Rennes;Bretagne;France;Lyon Perrache;Lyon;Auvergne-Rhône-Alpes;0.91;TER/Intercités
615;2016;France;Rennes;Rennes;Bretagne;France;Marseille Saint-Charles;Marseille;Provence-Alpes-Côte d'Azur;0.87;TER/Intercités
616;2016;France;Rennes;Rennes;Bretagne;France;Lille Flandres;Lille;Hauts-de-France;1.01;TER/Intercités
617;2016;France;Rennes;Rennes;Bretagne;France;Lille Europe;Lille;Hauts-de-France;1.07;TER/Intercités
618;2016;France;Rennes;Rennes;Bretagne;France;Bordeaux Saint-Jean;Bordeaux;Nouvelle-Aquitaine;0.96;TER/Intercités
619;2016;France;Rennes;Rennes;Bretagne;France;Toulouse Matabiau;Toulouse;Occitanie;0.86;TER/Intercités
620;2016;France;Rennes;Rennes;Bretagne;France;Nantes;Nantes;Pays de la Loire;0.96;TER/Intercités
621;2016;France;Rennes;Rennes;Bretagne;France;Strasbourg;Strasbourg;Grand Est;0.88;TER/Intercités
622;2016;France;Strasbourg;Strasbourg;Grand Est;France;Paris Gare du Nord;Paris;Île-de-France;3.65;TGV/Intercités
623;2016;France;Strasbourg;Strasbourg;Grand Est;France;Paris Gare de Lyon;Paris;Île-de-France;3.46;TGV/Intercités
624;2016;France;Strasbourg;Strasbourg;Grand Est;France;Paris Saint-Lazare;Paris;Île-de-France;4.26;TGV/Intercités
625;2016;France;Strasbourg;Strasbourg;Grand Est;France;Paris Montparnasse;Paris;Île-de-France;3.5;TGV/Intercités
626;2016;France;Strasbourg;Strasbourg;Grand Est;France;Paris Est;Paris;Île-de-France;3.74;TGV/Intercités
627;2016;France;Strasbourg;Strasbourg;Grand Est;France;Paris Austerlitz;Paris;Île-de-France;3.53;TGV/Intercités
628;2016;France;Strasbourg;Strasbourg;Grand Est;France;Lyon Part-Dieu;Lyon;Auvergne-Rhône-Alpes;0.95;TER/Intercités
629;2016;France;Strasbourg;Strasbourg;Grand Est;France;Lyon Perrache;Lyon;Auvergne-Rhône-Alpes;1.12;TER/Intercités
630;2016;France;Strasbourg;Strasbourg;Grand Est;France;Marseille Saint-Charles;Marseille;Provence-Alpes-Côte d'Azur;0.95;TER/Intercités
631;2016;France;Strasbourg;Strasbourg;Grand Est;France;Lille Flandres;Lille;Hauts-de-France;1.03;TER/Intercités
632;2016;France;Strasbourg;Strasbourg;Grand Est;France;Lille Europe;Lille;Hauts-de-France;0.88;TER/Intercités
633;2016;France;Strasbourg;Strasbourg;Grand Est;France;Bordeaux Saint-Jean;Bordeaux;Nouvelle-Aquitaine;1.13;TER/Intercités
634;2016;France;Strasbourg;Strasbourg;Grand Est;France;Toulouse Matabiau;Toulouse;Occitanie;1.01;TER/Intercités
635;2016;France;Strasbourg;Strasbourg;Grand Est;France;Nantes;Nantes;Pays de la Loire;1.06;TER/Intercités
636;2016;France;Strasbourg;Strasbourg;Grand Est;France;Rennes;Rennes;Bretagne;1.05;TER/Intercités
637;2017;France;Paris Gare du Nord;Paris;Île-de-France;France;Paris Gare de Lyon;Paris;Île-de-France;0.91;TGV/Intercités
638;2017;France;Paris Gare du Nord;Paris;Île-de-France;France;Paris Saint-Lazare;Paris;Île-de-France;1.04;TGV/Intercités
639;2017;France;Paris Gare du Nord;Paris;Île-de-France;France;Paris Montparnasse;Paris;Île-de-France;1.06;TGV/Intercités
640;2017;France;Paris Gare du Nord;Paris;Île-de-France;France;Paris Est;Paris;Île-de-France;1.03;TGV/Intercités
641;2017;France;Paris Gare du Nord;Paris;Île-de-France;France;Paris Austerlitz;Paris;Île-de-France;1.12;TGV/Intercités
642;2017;France;Paris Gare du Nord;Paris;Île-de-France;France;Lyon Part-Dieu;Lyon;Auvergne-Rhône-Alpes;9.08;TGV/Intercités
643;2017;France;Paris Gare du Nord;Paris;Île-de-France;France;Lyon Perrache;Lyon;Auvergne-Rhône-Alpes;7.9;TGV/Intercités
644;2017;France;Paris Gare du Nord;Paris;Île-de-France;France;Marseille Saint-Charles;Marseille;Provence-Alpes-Côte d'Azur;6.9;TGV/Intercités
645;2017;France;Paris Gare du Nord;Paris;Île-de-France;France;Lille Flandres;Lille;Hauts-de-France;6.22;TGV/Intercités
646;2017;France;Paris Gare du Nord;Paris;Île-de-France;France;Lille Europe;Lille;Hauts-de-France;6.49;TGV/Intercités
647;2017;France;Paris Gare du Nord;Paris;Île-de-France;France;Bordeaux Saint-Jean;Bordeaux;Nouvelle-Aquitaine;5.69;TGV/Intercités
648;2017;France;Paris Gare du Nord;Paris;Île-de-France;France;Toulouse Matabiau;Toulouse;Occitanie;3.87;TGV/Intercités
649;2017;France;Paris Gare du Nord;Paris;Île-de-France;France;Nantes;Nantes;Pays de la Loire;3.53;TGV/Intercités
650;2017;France;Paris Gare du Nord;Paris;Île-de-France;France;Rennes;Rennes;Bretagne;4.42;TGV/Intercités
651;2017;France;Paris Gare du Nord;Paris;Île-de-France;France;Strasbourg;Strasbourg;Grand Est;4.51;TGV/Intercités
652;2017;France;Paris Gare de Lyon;Paris;Île-de-France;France;Paris Gare du Nord;Paris;Île-de-France;0.91;TGV/Intercités
653;2017;France;Paris Gare de Lyon;Paris;Île-de-France;France;Paris Saint-Lazare;Paris;Île-de-France;0.96;TGV/Intercités
654;2017;France;Paris Gare de Lyon;Paris;Île-de-France;France;Paris Montparnasse;Paris;Île-de-France;1.04;TGV/Intercités
655;2017;France;Paris Gare de Lyon;Paris;Île-de-France;France;Paris Est;Paris;Île-de-France;1.1;TGV/Intercités
656;2017;France;Paris Gare de Lyon;Paris;Île-de-France;France;Paris Austerlitz;Paris;Île-de-France;1.1;TGV/Intercités
657;2017;France;Paris Gare de Lyon;Paris;Île-de-France;France;Lyon Part-Dieu;Lyon;Auvergne-Rhône-Alpes;7.24;TGV/Intercités
658;2017;France;Paris Gare de Lyon;Paris;Île-de-France;France;Lyon Perrache;Lyon;Auvergne-Rhône-Alpes;8.94;TGV/Intercités
659;2017;France;Paris Gare de Lyon;Paris;Île-de-France;France;Marseille Saint-Charles;Marseille;Provence-Alpes-Côte d'Azur;5.51;TGV/Intercités
660;2017;France;Paris Gare de Lyon;Paris;Île-de-France;France;Lille Flandres;Lille;Hauts-de-France;7.1;TGV/Intercités
661;2017;France;Paris Gare de Lyon;Paris;Île-de-France;France;Lille Europe;Lille;Hauts-de-France;6.25;TGV/Intercités
662;2017;France;Paris Gare de Lyon;Paris;Île-de-France;France;Bordeaux Saint-Jean;Bordeaux;Nouvelle-Aquitaine;5.01;TGV/Intercités
663;2017;France;Paris Gare de Lyon;Paris;Île-de-France;France;Toulouse Matabiau;Toulouse;Occitanie;3.72;TGV/Intercités
664;2017;France;Paris Gare de Lyon;Paris;Île-de-France;France;Nantes;Nantes;Pays de la Loire;3.48;TGV/Intercités
665;2017;France;Paris Gare de Lyon;Paris;Île-de-France;France;Rennes;Rennes;Bretagne;4.18;TGV/Intercités
666;2017;France;Paris Gare de Lyon;Paris;Île-de-France;France;Strasbourg;Strasbourg;Grand Est;3.65;TGV/Intercités
667;2017;France;Paris Saint-Lazare;Paris;Île-de-France;France;Paris Gare du Nord;Paris;Île-de-France;1.16;TGV/Intercités
668;2017;France;Paris Saint-Lazare;Paris;Île-de-France;France;Paris Gare de Lyon;Paris;Île-de-France;1.07;TGV/Intercités
669;2017;France;Paris Saint-Lazare;Paris;Île-de-France;France;Paris Montparnasse;Paris;Île-de-France;0.87;TGV/Intercités
670;2017;France;Paris Saint-Lazare;Paris;Île-de-France;France;Paris Est;Paris;Île-de-France;0.86;TGV/Intercités
671;2017;France;Paris Saint-Lazare;Paris;Île-de-France;France;Paris Austerlitz;Paris;Île-de-France;0.9;TGV/Intercités
672;2017;France;Paris Saint-Lazare;Paris;Île-de-France;France;Lyon Part-Dieu;Lyon;Auvergne-Rhône-Alpes;7.07;TGV/Intercités
673;2017;France;Paris Saint-Lazare;Paris;Île-de-France;France;Lyon Perrache;Lyon;Auvergne-Rhône-Alpes;8.89;TGV/Intercités
674;2017;France;Paris Saint-Lazare;Paris;Île-de-France;France;Marseille Saint-Charles;Marseille;Provence-Alpes-Côte d'Azur;5.27;TGV/Intercités
675;2017;France;Paris Saint-Lazare;Paris;Île-de-France;France;Lille Flandres;Lille;Hauts-de-France;6.3;TGV/Intercités
676;2017;France;Paris Saint-Lazare;Paris;Île-de-France;France;Lille Europe;Lille;Hauts-de-France;6.52;TGV/Intercités
677;2017;France;Paris Saint-Lazare;Paris;Île-de-France;France;Bordeaux Saint-Jean;Bordeaux;Nouvelle-Aquitaine;5.5;TGV/Intercités
678;2017;France;Paris Saint-Lazare;Paris;Île-de-France;France;Toulouse Matabiau;Toulouse;Occitanie;3.76;TGV/Intercités
679;2017;France;Paris Saint-Lazare;Paris;Île-de-France;France;Nantes;Nantes;Pays de la Loire;3.57;TGV/Intercités
680;2017;France;Paris Saint-Lazare;Paris;Île-de-France;France;Rennes;Rennes;Bretagne;3.92;TGV/Intercités
681;2017;France;Paris Saint-Lazare;Paris;Île-de-France;France;Strasbourg;Strasbourg;Grand Est;4.04;TGV/Intercités
682;2017;France;Paris Montparnasse;Paris;Île-de-France;France;Paris Gare du Nord;Paris;Île-de-France;0.96;TGV/Intercités
683;2017;France;Paris Montparnasse;Paris;Île-de-France;France;Paris Gare de Lyon;Paris;Île-de-France;1.13;TGV/Intercités
684;2017;France;Paris Montparnasse;Paris;Île-de-France;France;Paris Saint-Lazare;Paris;Île-de-France;0.91;TGV/Intercités
685;2017;France;Paris Montparnasse;Paris;Île-de-France;France;Paris Est;Paris;Île-de-France;0.95;TGV/Intercités
686;2017;France;Paris Montparnasse;Paris;Île-de-France;France;Paris Austerlitz;Paris;Île-de-France;0.88;TGV/Intercités
687;2017;France;Paris Montparnasse;Paris;Île-de-France;France;Lyon Part-Dieu;Lyon;Auvergne-Rhône-Alpes;8.88;TGV/Intercités
688;2017;France;Paris Montparnasse;Paris;Île-de-France;France;Lyon Perrache;Lyon;Auvergne-Rhône-Alpes;8.59;TGV/Intercités
689;2017;France;Paris Montparnasse;Paris;Île-de-France;France;Marseille Saint-Charles;Marseille;Provence-Alpes-Côte d'Azur;6.26;TGV/Intercités
690;2017;France;Paris Montparnasse;Paris;Île-de-France;France;Lille Flandres;Lille;Hauts-de-France;6.56;TGV/Intercités
691;2017;France;Paris Montparnasse;Paris;Île-de-France;France;Lille Europe;Lille;Hauts-de-France;7.6;TGV/Intercités
692;2017;France;Paris Montparnasse;Paris;Île-de-France;France;Bordeaux Saint-Jean;Bordeaux;Nouvelle-Aquitaine;4.43;TGV/Intercités
693;2017;France;Paris Montparnasse;Paris;Île-de-France;France;Toulouse Matabiau;Toulouse;Occitanie;4.25;TGV/Intercités
694;2017;France;Paris Montparnasse;Paris;Île-de-France;France;Nantes;Nantes;Pays de la Loire;3.82;TGV/Intercités
695;2017;France;Paris Montparnasse;Paris;Île-de-France;France;Rennes;Rennes;Bretagne;3.64;TGV/Intercités
696;2017;France;Paris Montparnasse;Paris;Île-de-France;France;Strasbourg;Strasbourg;Grand Est;4.51;TGV/Intercités
697;2017;France;Paris Est;Paris;Île-de-France;France;Paris Gare du Nord;Paris;Île-de-France;0.96;TGV/Intercités
698;2017;France;Paris Est;Paris;Île-de-France;France;Paris Gare de Lyon;Paris;Île-de-France;1.06;TGV/Intercités
699;2017;France;Paris Est;Paris;Île-de-France;France;Paris Saint-Lazare;Paris;Île-de-France;1.06;TGV/Intercités
700;2017;France;Paris Est;Paris;Île-de-France;France;Paris Montparnasse;Paris;Île-de-France;0.87;TGV/Intercités
701;2017;France;Paris Est;Paris;Île-de-France;France;Paris Austerlitz;Paris;Île-de-France;1.11;TGV/Intercités
702;2017;France;Paris Est;Paris;Île-de-France;France;Lyon Part-Dieu;Lyon;Auvergne-Rhône-Alpes;8.22;TGV/Intercités
703;2017;France;Paris Est;Paris;Île-de-France;France;Lyon Perrache;Lyon;Auvergne-Rhône-Alpes;9.0;TGV/Intercités
704;2017;France;Paris Est;Paris;Île-de-France;France;Marseille Saint-Charles;Marseille;Provence-Alpes-Côte d'Azur;6.32;TGV/Intercités
705;2017;France;Paris Est;Paris;Île-de-France;France;Lille Flandres;Lille;Hauts-de-France;7.4;TGV/Intercités
706;2017;France;Paris Est;Paris;Île-de-France;France;Lille Europe;Lille;Hauts-de-France;6.89;TGV/Intercités
707;2017;France;Paris Est;Paris;Île-de-France;France;Bordeaux Saint-Jean;Bordeaux;Nouvelle-Aquitaine;5.18;TGV/Intercités
708;2017;France;Paris Est;Paris;Île-de-France;France;Toulouse Matabiau;Toulouse;Occitanie;3.9;TGV/Intercités
709;2017;France;Paris Est;Paris;Île-de-France;France;Nantes;Nantes;Pays de la Loire;3.59;TGV/Intercités
710;2017;France;Paris Est;Paris;Île-de-France;France;Rennes;Rennes;Bretagne;3.58;TGV/Intercités
711;2017;France;Paris Est;Paris;Île-de-France;France;Strasbourg;Strasbourg;Grand Est;4.17;TGV/Intercités
712;2017;France;Paris Austerlitz;Paris;Île-de-France;France;Paris Gare du Nord;Paris;Île-de-France;1.05;TGV/Intercités
713;2017;France;Paris Austerlitz;Paris;Île-de-France;France;Paris Gare de Lyon;Paris;Île-de-France;0.98;TGV/Intercités
714;2017;France;Paris Austerlitz;Paris;Île-de-France;France;Paris Saint-Lazare;Paris;Île-de-France;0.89;TGV/Intercités
715;2017;France;Paris Austerlitz;Paris;Île-de-France;France;Paris Montparnasse;Paris;Île-de-France;1.05;TGV/Intercités
716;2017;France;Paris Austerlitz;Paris;Île-de-France;France;Paris Est;Paris;Île-de-France;1.01;TGV/Intercités
717;2017;France;Paris Austerlitz;Paris;Île-de-France;France;Lyon Part-Dieu;Lyon;Auvergne-Rhône-Alpes;8.06;TGV/Intercités
718;2017;France;Paris Austerlitz;Paris;Île-de-France;France;Lyon Perrache;Lyon;Auvergne-Rhône-Alpes;8.35;TGV/Intercités
719;2017;France;Paris Austerlitz;Paris;Île-de-France;France;Marseille Saint-Charles;Marseille;Provence-Alpes-Côte d'Azur;6.31;TGV/Intercités
720;2017;France;Paris Austerlitz;Paris;Île-de-France;France;Lille Flandres;Lille;Hauts-de-France;6.38;TGV/Intercités
721;2017;France;Paris Austerlitz;Paris;Île-de-France;France;Lille Europe;Lille;Hauts-de-France;7.8;TGV/Intercités
722;2017;France;Paris Austerlitz;Paris;Île-de-France;France;Bordeaux Saint-Jean;Bordeaux;Nouvelle-Aquitaine;4.73;TGV/Intercités
723;2017;France;Paris Austerlitz;Paris;Île-de-France;France;Toulouse Matabiau;Toulouse;Occitanie;4.56;TGV/Intercités
724;2017;France;Paris Austerlitz;Paris;Île-de-France;France;Nantes;Nantes;Pays de la Loire;4.23;TGV/Intercités
725;2017;France;Paris Austerlitz;Paris;Île-de-France;France;Rennes;Rennes;Bretagne;4.28;TGV/Intercités
726;2017;France;Paris Austerlitz;Paris;Île-de-France;France;Strasbourg;Strasbourg;Grand Est;4.4;TGV/Intercités
727;2017;France;Lyon Part-Dieu;Lyon;Auvergne-Rhône-Alpes;France;Paris Gare du Nord;Paris;Île-de-France;7.07;TGV/Intercités
728;2017;France;Lyon Part-Dieu;Lyon;Auvergne-Rhône-Alpes;France;Paris Gare de Lyon;Paris;Île-de-France;8.32;TGV/Intercités
729;2017;France;Lyon Part-Dieu;Lyon;Auvergne-Rhône-Alpes;France;Paris Saint-Lazare;Paris;Île-de-France;7.65;TGV/Intercités
730;2017;France;Lyon Part-Dieu;Lyon;Auvergne-Rhône-Alpes;France;Paris Montparnasse;Paris;Île-de-France;8.47;TGV/Intercités
731;2017;France;Lyon Part-Dieu;Lyon;Auvergne-Rhône-Alpes;France;Paris Est;Paris;Île-de-France;7.24;TGV/Intercités
732;2017;France;Lyon Part-Dieu;Lyon;Auvergne-Rhône-Alpes;France;Paris Austerlitz;Paris;Île-de-France;7.46;TGV/Intercités
733;2017;France;Lyon Part-Dieu;Lyon;Auvergne-Rhône-Alpes;France;Lyon Perrache;Lyon;Auvergne-Rhône-Alpes;0.88;TER/Intercités
734;2017;France;Lyon Part-Dieu;Lyon;Auvergne-Rhône-Alpes;France;Marseille Saint-Charles;Marseille;Provence-Alpes-Côte d'Azur;0.97;TER/Intercités
735;2017;France;Lyon Part-Dieu;Lyon;Auvergne-Rhône-Alpes;France;Lille Flandres;Lille;Hauts-de-France;0.89;TER/Intercités
736;2017;France;Lyon Part-Dieu;Lyon;Auvergne-Rhône-Alpes;France;Lille Europe;Lille;Hauts-de-France;1.14;TER/Intercités
737;2017;France;Lyon Part-Dieu;Lyon;Auvergne-Rhône-Alpes;France;Bordeaux Saint-Jean;Bordeaux;Nouvelle-Aquitaine;1.15;TER/Intercités
738;2017;France;Lyon Part-Dieu;Lyon;Auvergne-Rhône-Alpes;France;Toulouse Matabiau;Toulouse;Occitanie;1.04;TER/Intercités
739;2017;France;Lyon Part-Dieu;Lyon;Auvergne-Rhône-Alpes;France;Nantes;Nantes;Pays de la Loire;0.89;TER/Intercités
740;2017;France;Lyon Part-Dieu;Lyon;Auvergne-Rhône-Alpes;France;Rennes;Rennes;Bretagne;0.99;TER/Intercités
741;2017;France;Lyon Part-Dieu;Lyon;Auvergne-Rhône-Alpes;France;Strasbourg;Strasbourg;Grand Est;1.07;TER/Intercités
742;2017;France;Lyon Perrache;Lyon;Auvergne-Rhône-Alpes;France;Paris Gare du Nord;Paris;Île-de-France;8.53;TGV/Intercités
743;2017;France;Lyon Perrache;Lyon;Auvergne-Rhône-Alpes;France;Paris Gare de Lyon;Paris;Île-de-France;7.93;TGV/Intercités
744;2017;France;Lyon Perrache;Lyon;Auvergne-Rhône-Alpes;France;Paris Saint-Lazare;Paris;Île-de-France;8.5;TGV/Intercités
745;2017;France;Lyon Perrache;Lyon;Auvergne-Rhône-Alpes;France;Paris Montparnasse;Paris;Île-de-France;7.25;TGV/Intercités
746;2017;France;Lyon Perrache;Lyon;Auvergne-Rhône-Alpes;France;Paris Est;Paris;Île-de-France;7.18;TGV/Intercités
747;2017;France;Lyon Perrache;Lyon;Auvergne-Rhône-Alpes;France;Paris Austerlitz;Paris;Île-de-France;9.22;TGV/Intercités
748;2017;France;Lyon Perrache;Lyon;Auvergne-Rhône-Alpes;France;Lyon Part-Dieu;Lyon;Auvergne-Rhône-Alpes;0.87;TER/Intercités
749;2017;France;Lyon Perrache;Lyon;Auvergne-Rhône-Alpes;France;Marseille Saint-Charles;Marseille;Provence-Alpes-Côte d'Azur;0.91;TER/Intercités
750;2017;France;Lyon Perrache;Lyon;Auvergne-Rhône-Alpes;France;Lille Flandres;Lille;Hauts-de-France;0.9;TER/Intercités
751;2017;France;Lyon Perrache;Lyon;Auvergne-Rhône-Alpes;France;Lille Europe;Lille;Hauts-de-France;1.12;TER/Intercités
752;2017;France;Lyon Perrache;Lyon;Auvergne-Rhône-Alpes;France;Bordeaux Saint-Jean;Bordeaux;Nouvelle-Aquitaine;0.97;TER/Intercités
753;2017;France;Lyon Perrache;Lyon;Auvergne-Rhône-Alpes;France;Toulouse Matabiau;Toulouse;Occitanie;0.97;TER/Intercités
754;2017;France;Lyon Perrache;Lyon;Auvergne-Rhône-Alpes;France;Nantes;Nantes;Pays de la Loire;0.99;TER/Intercités
755;2017;France;Lyon Perrache;Lyon;Auvergne-Rhône-Alpes;France;Rennes;Rennes;Bretagne;0.87;TER/Intercités
756;2017;France;Lyon Perrache;Lyon;Auvergne-Rhône-Alpes;France;Strasbourg;Strasbourg;Grand Est;1.01;TER/Intercités
757;2017;France;Marseille Saint-Charles;Marseille;Provence-Alpes-Côte d'Azur;France;Paris Gare du Nord;Paris;Île-de-France;6.54;TGV/Intercités
758;2017;France;Marseille Saint-Charles;Marseille;Provence-Alpes-Côte d'Azur;France;Paris Gare de Lyon;Paris;Île-de-France;5.23;TGV/Intercités
759;2017;France;Marseille Saint-Charles;Marseille;Provence-Alpes-Côte d'Azur;France;Paris Saint-Lazare;Paris;Île-de-France;6.24;TGV/Intercités
760;2017;France;Marseille Saint-Charles;Marseille;Provence-Alpes-Côte d'Azur;France;Paris Montparnasse;Paris;Île-de-France;5.95;TGV/Intercités
761;2017;France;Marseille Saint-Charles;Marseille;Provence-Alpes-Côte d'Azur;France;Paris Est;Paris;Île-de-France;6.17;TGV/Intercités
762;2017;France;Marseille Saint-Charles;Marseille;Provence-Alpes-Côte d'Azur;France;Paris Austerlitz;Paris;Île-de-France;5.67;TGV/Intercités
763;2017;France;Marseille Saint-Charles;Marseille;Provence-Alpes-Côte d'Azur;France;Lyon Part-Dieu;Lyon;Auvergne-Rhône-Alpes;0.97;TER/Intercités
764;2017;France;Marseille Saint-Charles;Marseille;Provence-Alpes-Côte d'Azur;France;Lyon Perrache;Lyon;Auvergne-Rhône-Alpes;0.93;TER/Intercités
765;2017;France;Marseille Saint-Charles;Marseille;Provence-Alpes-Côte d'Azur;France;Lille Flandres;Lille;Hauts-de-France;0.91;TER/Intercités
766;2017;France;Marseille Saint-Charles;Marseille;Provence-Alpes-Côte d'Azur;France;Lille Europe;Lille;Hauts-de-France;1.01;TER/Intercités
767;2017;France;Marseille Saint-Charles;Marseille;Provence-Alpes-Côte d'Azur;France;Bordeaux Saint-Jean;Bordeaux;Nouvelle-Aquitaine;1.12;TER/Intercités
768;2017;France;Marseille Saint-Charles;Marseille;Provence-Alpes-Côte d'Azur;France;Toulouse Matabiau;Toulouse;Occitanie;1.06;TER/Intercités
769;2017;France;Marseille Saint-Charles;Marseille;Provence-Alpes-Côte d'Azur;France;Nantes;Nantes;Pays de la Loire;0.96;TER/Intercités
770;2017;France;Marseille Saint-Charles;Marseille;Provence-Alpes-Côte d'Azur;France;Rennes;Rennes;Bretagne;1.01;TER/Intercités
771;2017;France;Marseille Saint-Charles;Marseille;Provence-Alpes-Côte d'Azur;France;Strasbourg;Strasbourg;Grand Est;1.0;TER/Intercités
772;2017;France;Lille Flandres;Lille;Hauts-de-France;France;Paris Gare du Nord;Paris;Île-de-France;6.13;TGV/Intercités
773;2017;France;Lille Flandres;Lille;Hauts-de-France;France;Paris Gare de Lyon;Paris;Île-de-France;7.57;TGV/Intercités
774;2017;France;Lille Flandres;Lille;Hauts-de-France;France;Paris Saint-Lazare;Paris;Île-de-France;6.96;TGV/Intercités
775;2017;France;Lille Flandres;Lille;Hauts-de-France;France;Paris Montparnasse;Paris;Île-de-France;7.56;TGV/Intercités
776;2017;France;Lille Flandres;Lille;Hauts-de-France;France;Paris Est;Paris;Île-de-France;6.04;TGV/Intercités
777;2017;France;Lille Flandres;Lille;Hauts-de-France;France;Paris Austerlitz;Paris;Île-de-France;6.78;TGV/Intercités
778;2017;France;Lille Flandres;Lille;Hauts-de-France;France;Lyon Part-Dieu;Lyon;Auvergne-Rhône-Alpes;0.95;TER/Intercités
779;2017;France;Lille Flandres;Lille;Hauts-de-France;France;Lyon Perrache;Lyon;Auvergne-Rhône-Alpes;1.14;TER/Intercités
780;2017;France;Lille Flandres;Lille;Hauts-de-France;France;Marseille Saint-Charles;Marseille;Provence-Alpes-Côte d'Azur;0.95;TER/Intercités
781;2017;France;Lille Flandres;Lille;Hauts-de-France;France;Lille Europe;Lille;Hauts-de-France;0.88;TER/Intercités
782;2017;France;Lille Flandres;Lille;Hauts-de-France;France;Bordeaux Saint-Jean;Bordeaux;Nouvelle-Aquitaine;1.09;TER/Intercités
783;2017;France;Lille Flandres;Lille;Hauts-de-France;France;Toulouse Matabiau;Toulouse;Occitanie;0.89;TER/Intercités
784;2017;France;Lille Flandres;Lille;Hauts-de-France;France;Nantes;Nantes;Pays de la Loire;1.08;TER/Intercités
785;2017;France;Lille Flandres;Lille;Hauts-de-France;France;Rennes;Rennes;Bretagne;0.92;TER/Intercités
786;2017;France;Lille Flandres;Lille;Hauts-de-France;France;Strasbourg;Strasbourg;Grand Est;1.02;TER/Intercités
787;2017;France;Lille Europe;Lille;Hauts-de-France;France;Paris Gare du Nord;Paris;Île-de-France;6.75;TGV/Intercités
788;2017;France;Lille Europe;Lille;Hauts-de-France;France;Paris Gare de Lyon;Paris;Île-de-France;6.32;TGV/Intercités
789;2017;France;Lille Europe;Lille;Hauts-de-France;France;Paris Saint-Lazare;Paris;Île-de-France;6.73;TGV/Intercités
790;2017;France;Lille Europe;Lille;Hauts-de-France;France;Paris Montparnasse;Paris;Île-de-France;7.88;TGV/Intercités
791;2017;France;Lille Europe;Lille;Hauts-de-France;France;Paris Est;Paris;Île-de-France;7.55;TGV/Intercités
792;2017;France;Lille Europe;Lille;Hauts-de-France;France;Paris Austerlitz;Paris;Île-de-France;6.39;TGV/Intercités
793;2017;France;Lille Europe;Lille;Hauts-de-France;France;Lyon Part-Dieu;Lyon;Auvergne-Rhône-Alpes;1.08;TER/Intercités
794;2017;France;Lille Europe;Lille;Hauts-de-France;France;Lyon Perrache;Lyon;Auvergne-Rhône-Alpes;0.88;TER/Intercités
795;2017;France;Lille Europe;Lille;Hauts-de-France;France;Marseille Saint-Charles;Marseille;Provence-Alpes-Côte d'Azur;1.01;TER/Intercités
796;2017;France;Lille Europe;Lille;Hauts-de-France;France;Lille Flandres;Lille;Hauts-de-France;0.98;TER/Intercités
797;2017;France;Lille Europe;Lille;Hauts-de-France;France;Bordeaux Saint-Jean;Bordeaux;Nouvelle-Aquitaine;0.91;TER/Intercités
798;2017;France;Lille Europe;Lille;Hauts-de-France;France;Toulouse Matabiau;Toulouse;Occitanie;1.14;TER/Intercités
799;2017;France;Lille Europe;Lille;Hauts-de-France;France;Nantes;Nantes;Pays de la Loire;1.12;TER/Intercités
800;2017;France;Lille Europe;Lille;Hauts-de-France;France;Rennes;Rennes;Bretagne;1.08;TER/Intercités
801;2017;France;Lille Europe;Lille;Hauts-de-France;France;Strasbourg;Strasbourg;Grand Est;1.06;TER/Intercités
802;2017;France;Bordeaux Saint-Jean;Bordeaux;Nouvelle-Aquitaine;France;Paris Gare du Nord;Paris;Île-de-France;4.5;TGV/Intercités
803;2017;France;Bordeaux Saint-Jean;Bordeaux;Nouvelle-Aquitaine;France;Paris Gare de Lyon;Paris;Île-de-France;5.68;TGV/Intercités
804;2017;France;Bordeaux Saint-Jean;Bordeaux;Nouvelle-Aquitaine;France;Paris Saint-Lazare;Paris;Île-de-France;5.43;TGV/Intercités
805;2017;France;Bordeaux Saint-Jean;Bordeaux;Nouvelle-Aquitaine;France;Paris Montparnasse;Paris;Île-de-France;5.24;TGV/Intercités
806;2017;France;Bordeaux Saint-Jean;Bordeaux;Nouvelle-Aquitaine;France;Paris Est;Paris;Île-de-France;4.55;TGV/Intercités
807;2017;France;Bordeaux Saint-Jean;Bordeaux;Nouvelle-Aquitaine;France;Paris Austerlitz;Paris;Île-de-France;4.89;TGV/Intercités
808;2017;France;Bordeaux Saint-Jean;Bordeaux;Nouvelle-Aquitaine;France;Lyon Part-Dieu;Lyon;Auvergne-Rhône-Alpes;1.04;TER/Intercités
809;2017;France;Bordeaux Saint-Jean;Bordeaux;Nouvelle-Aquitaine;France;Lyon Perrache;Lyon;Auvergne-Rhône-Alpes;0.89;TER/Intercités
810;2017;France;Bordeaux Saint-Jean;Bordeaux;Nouvelle-Aquitaine;France;Marseille Saint-Charles;Marseille;Provence-Alpes-Côte d'Azur;0.92;TER/Intercités
811;2017;France;Bordeaux Saint-Jean;Bordeaux;Nouvelle-Aquitaine;France;Lille Flandres;Lille;Hauts-de-France;1.06;TER/Intercités
812;2017;France;Bordeaux Saint-Jean;Bordeaux;Nouvelle-Aquitaine;France;Lille Europe;Lille;Hauts-de-France;1.04;TER/Intercités
813;2017;France;Bordeaux Saint-Jean;Bordeaux;Nouvelle-Aquitaine;France;Toulouse Matabiau;Toulouse;Occitanie;0.89;TER/Intercités
814;2017;France;Bordeaux Saint-Jean;Bordeaux;Nouvelle-Aquitaine;France;Nantes;Nantes;Pays de la Loire;1.08;TER/Intercités
815;2017;France;Bordeaux Saint-Jean;Bordeaux;Nouvelle-Aquitaine;France;Rennes;Rennes;Bretagne;1.07;TER/Intercités
816;2017;France;Bordeaux Saint-Jean;Bordeaux;Nouvelle-Aquitaine;France;Strasbourg;Strasbourg;Grand Est;1.16;TER/Intercités
817;2017;France;Toulouse Matabiau;Toulouse;Occitanie;France;Paris Gare du Nord;Paris;Île-de-France;4.5;TGV/Intercités
818;2017;France;Toulouse Matabiau;Toulouse;Occitanie;France;Paris Gare de Lyon;Paris;Île-de-France;3.88;TGV/Intercités
819;2017;France;Toulouse Matabiau;Toulouse;Occitanie;France;Paris Saint-Lazare;Paris;Île-de-France;3.64;TGV/Intercités
820;2017;France;Toulouse Matabiau;Toulouse;Occitanie;France;Paris Montparnasse;Paris;Île-de-France;3.48;TGV/Intercités
821;2017;France;Toulouse Matabiau;Toulouse;Occitanie;France;Paris Est;Paris;Île-de-France;4.25;TGV/Intercités
822;2017;France;Toulouse Matabiau;Toulouse;Occitanie;France;Paris Austerlitz;Paris;Île-de-France;4.28;TGV/Intercités
823;2017;France;Toulouse Matabiau;Toulouse;Occitanie;France;Lyon Part-Dieu;Lyon;Auvergne-Rhône-Alpes;0.96;TER/Intercités
824;2017;France;Toulouse Matabiau;Toulouse;Occitanie;France;Lyon Perrache;Lyon;Auvergne-Rhône-Alpes;1.1;TER/Intercités
825;2017;France;Toulouse Matabiau;Toulouse;Occitanie;France;Marseille Saint-Charles;Marseille;Provence-Alpes-Côte d'Azur;1.12;TER/Intercités
826;2017;France;Toulouse Matabiau;Toulouse;Occitanie;France;Lille Flandres;Lille;Hauts-de-France;0.93;TER/Intercités
827;2017;France;Toulouse Matabiau;Toulouse;Occitanie;France;Lille Europe;Lille;Hauts-de-France;0.96;TER/Intercités
828;2017;France;Toulouse Matabiau;Toulouse;Occitanie;France;Bordeaux Saint-Jean;Bordeaux;Nouvelle-Aquitaine;0.87;TER/Intercités
829;2017;France;Toulouse Matabiau;Toulouse;Occitanie;France;Nantes;Nantes;Pays de la Loire;1.06;TER/Intercités
830;2017;France;Toulouse Matabiau;Toulouse;Occitanie;France;Rennes;Rennes;Bretagne;1.03;TER/Intercités
831;2017;France;Toulouse Matabiau;Toulouse;Occitanie;France;Strasbourg;Strasbourg;Grand Est;1.05;TER/Intercités
832;2017;France;Nantes;Nantes;Pays de la Loire;France;Paris Gare du Nord;Paris;Île-de-France;4.41;TGV/Intercités
833;2017;France;Nantes;Nantes;Pays de la Loire;France;Paris Gare de Lyon;Paris;Île-de-France;4.1;TGV/Intercités
834;2017;France;Nantes;Nantes;Pays de la Loire;France;Paris Saint-Lazare;Paris;Île-de-France;4.09;TGV/Intercités
835;2017;France;Nantes;Nantes;Pays de la Loire;France;Paris Montparnasse;Paris;Île-de-France;4.08;TGV/Intercités
836;2017;France;Nantes;Nantes;Pays de la Loire;France;Paris Est;Paris;Île-de-France;3.83;TGV/Intercités
837;2017;France;Nantes;Nantes;Pays de la Loire;France;Paris Austerlitz;Paris;Île-de-France;4.64;TGV/Intercités
838;2017;France;Nantes;Nantes;Pays de la Loire;France;Lyon Part-Dieu;Lyon;Auvergne-Rhône-Alpes;0.88;TER/Intercités
839;2017;France;Nantes;Nantes;Pays de la Loire;France;Lyon Perrache;Lyon;Auvergne-Rhône-Alpes;1.03;TER/Intercités
840;2017;France;Nantes;Nantes;Pays de la Loire;France;Marseille Saint-Charles;Marseille;Provence-Alpes-Côte d'Azur;1.1;TER/Intercités
841;2017;France;Nantes;Nantes;Pays de la Loire;France;Lille Flandres;Lille;Hauts-de-France;0.92;TER/Intercités
842;2017;France;Nantes;Nantes;Pays de la Loire;France;Lille Europe;Lille;Hauts-de-France;1.03;TER/Intercités
843;2017;France;Nantes;Nantes;Pays de la Loire;France;Bordeaux Saint-Jean;Bordeaux;Nouvelle-Aquitaine;1.01;TER/Intercités
844;2017;France;Nantes;Nantes;Pays de la Loire;France;Toulouse Matabiau;Toulouse;Occitanie;0.89;TER/Intercités
845;2017;France;Nantes;Nantes;Pays de la Loire;France;Rennes;Rennes;Bretagne;1.03;TER/Intercités
846;2017;France;Nantes;Nantes;Pays de la Loire;France;Strasbourg;Strasbourg;Grand Est;1.12;TER/Intercités
847;2017;France;Rennes;Rennes;Bretagne;France;Paris Gare du Nord;Paris;Île-de-France;4.42;TGV/Intercités
848;2017;France;Rennes;Rennes;Bretagne;France;Paris Gare de Lyon;Paris;Île-de-France;4.41;TGV/Intercités
849;2017;France;Rennes;Rennes;Bretagne;France;Paris Saint-Lazare;Paris;Île-de-France;3.95;TGV/Intercités
850;2017;France;Rennes;Rennes;Bretagne;France;Paris Montparnasse;Paris;Île-de-France;4.36;TGV/Intercités
851;2017;France;Rennes;Rennes;Bretagne;France;Paris Est;Paris;Île-de-France;4.52;TGV/Intercités
852;2017;France;Rennes;Rennes;Bretagne;France;Paris Austerlitz;Paris;Île-de-France;4.01;TGV/Intercités
853;2017;France;Rennes;Rennes;Bretagne;France;Lyon Part-Dieu;Lyon;Auvergne-Rhône-Alpes;1.04;TER/Intercités
854;2017;France;Rennes;Rennes;Bretagne;France;Lyon Perrache;Lyon;Auvergne-Rhône-Alpes;0.94;TER/Intercités
855;2017;France;Rennes;Rennes;Bretagne;France;Marseille Saint-Charles;Marseille;Provence-Alpes-Côte d'Azur;1.04;TER/Intercités
856;2017;France;Rennes;Rennes;Bretagne;France;Lille Flandres;Lille;Hauts-de-France;0.94;TER/Intercités
857;2017;France;Rennes;Rennes;Bretagne;France;Lille Europe;Lille;Hauts-de-France;0.86;TER/Intercités
858;2017;France;Rennes;Rennes;Bretagne;France;Bordeaux Saint-Jean;Bordeaux;Nouvelle-Aquitaine;1.15;TER/Intercités
859;2017;France;Rennes;Rennes;Bretagne;France;Toulouse Matabiau;Toulouse;Occitanie;1.05;TER/Intercités
860;2017;France;Rennes;Rennes;Bretagne;France;Nantes;Nantes;Pays de la Loire;1.04;TER/Intercités
861;2017;France;Rennes;Rennes;Bretagne;France;Strasbourg;Strasbourg;Grand Est;1.16;TER/Intercités
862;2017;France;Strasbourg;Strasbourg;Grand Est;France;Paris Gare du Nord;Paris;Île-de-France;3.69;TGV/Intercités
863;2017;France;Strasbourg;Strasbourg;Grand Est;France;Paris Gare de Lyon;Paris;Île-de-France;4.25;TGV/Intercités
864;2017;France;Strasbourg;Strasbourg;Grand Est;France;Paris Saint-Lazare;Paris;Île-de-France;3.58;TGV/Intercités
865;2017;France;Strasbourg;Strasbourg;Grand Est;France;Paris Montparnasse;Paris;Île-de-France;3.48;TGV/Intercités
866;2017;France;Strasbourg;Strasbourg;Grand Est;France;Paris Est;Paris;Île-de-France;3.53;TGV/Intercités
867;2017;France;Strasbourg;Strasbourg;Grand Est;France;Paris Austerlitz;Paris;Île-de-France;3.57;TGV/Intercités
868;2017;France;Strasbourg;Strasbourg;Grand Est;France;Lyon Part-Dieu;Lyon;Auvergne-Rhône-Alpes;0.89;TER/Intercités
869;2017;France;Strasbourg;Strasbourg;Grand Est;France;Lyon Perrache;Lyon;Auvergne-Rhône-Alpes;1.15;TER/Intercités
870;2017;France;Strasbourg;Strasbourg;Grand Est;France;Marseille Saint-Charles;Marseille;Provence-Alpes-Côte d'Azur;1.03;TER/Intercités
871;2017;France;Strasbourg;Strasbourg;Grand Est;France;Lille Flandres;Lille;Hauts-de-France;1.05;TER/Intercités
872;2017;France;Strasbourg;Strasbourg;Grand Est;France;Lille Europe;Lille;Hauts-de-France;1.05;TER/Intercités
873;2017;France;Strasbourg;Strasbourg;Grand Est;France;Bordeaux Saint-Jean;Bordeaux;Nouvelle-Aquitaine;0.99;TER/Intercités
874;2017;France;Strasbourg;Strasbourg;Grand Est;France;Toulouse Matabiau;Toulouse;Occitanie;0.89;TER/Intercités
875;2017;France;Strasbourg;Strasbourg;Grand Est;France;Nantes;Nantes;Pays de la Loire;0.91;TER/Intercités
876;2017;France;Strasbourg;Strasbourg;Grand Est;France;Rennes;Rennes;Bretagne;1.13;TER/Intercités
877;2018;France;Paris Gare du Nord;Paris;Île-de-France;France;Paris Gare de Lyon;Paris;Île-de-France;1.05;TGV/Intercités
878;2018;France;Paris Gare du Nord;Paris;Île-de-France;France;Paris Saint-Lazare;Paris;Île-de-France;1.03;TGV/Intercités
879;2018;France;Paris Gare du Nord;Paris;Île-de-France;France;Paris Montparnasse;Paris;Île-de-France;1.07;TGV/Intercités
880;2018;France;Paris Gare du Nord;Paris;Île-de-France;France;Paris Est;Paris;Île-de-France;0.88;TGV/Intercités
881;2018;France;Paris Gare du Nord;Paris;Île-de-France;France;Paris Austerlitz;Paris;Île-de-France;1.03;TGV/Intercités
882;2018;France;Paris Gare du Nord;Paris;Île-de-France;France;Lyon Part-Dieu;Lyon;Auvergne-Rhône-Alpes;7.2;TGV/Intercités
883;2018;France;Paris Gare du Nord;Paris;Île-de-France;France;Lyon Perrache;Lyon;Auvergne-Rhône-Alpes;8.65;TGV/Intercités
884;2018;France;Paris Gare du Nord;Paris;Île-de-France;France;Marseille Saint-Charles;Marseille;Provence-Alpes-Côte d'Azur;6.52;TGV/Intercités
885;2018;France;Paris Gare du Nord;Paris;Île-de-France;France;Lille Flandres;Lille;Hauts-de-France;6.41;TGV/Intercités
886;2018;France;Paris Gare du Nord;Paris;Île-de-France;France;Lille Europe;Lille;Hauts-de-France;6.09;TGV/Intercités
887;2018;France;Paris Gare du Nord;Paris;Île-de-France;France;Bordeaux Saint-Jean;Bordeaux;Nouvelle-Aquitaine;5.75;TGV/Intercités
888;2018;France;Paris Gare du Nord;Paris;Île-de-France;France;Toulouse Matabiau;Toulouse;Occitanie;4.11;TGV/Intercités
889;2018;France;Paris Gare du Nord;Paris;Île-de-France;France;Nantes;Nantes;Pays de la Loire;4.41;TGV/Intercités
890;2018;France;Paris Gare du Nord;Paris;Île-de-France;France;Rennes;Rennes;Bretagne;3.88;TGV/Intercités
891;2018;France;Paris Gare du Nord;Paris;Île-de-France;France;Strasbourg;Strasbourg;Grand Est;3.7;TGV/Intercités
892;2018;France;Paris Gare de Lyon;Paris;Île-de-France;France;Paris Gare du Nord;Paris;Île-de-France;0.95;TGV/Intercités
893;2018;France;Paris Gare de Lyon;Paris;Île-de-France;France;Paris Saint-Lazare;Paris;Île-de-France;1.08;TGV/Intercités
894;2018;France;Paris Gare de Lyon;Paris;Île-de-France;France;Paris Montparnasse;Paris;Île-de-France;0.91;TGV/Intercités
895;2018;France;Paris Gare de Lyon;Paris;Île-de-France;France;Paris Est;Paris;Île-de-France;1.03;TGV/Intercités
896;2018;France;Paris Gare de Lyon;Paris;Île-de-France;France;Paris Austerlitz;Paris;Île-de-France;1.1;TGV/Intercités
897;2018;France;Paris Gare de Lyon;Paris;Île-de-France;France;Lyon Part-Dieu;Lyon;Auvergne-Rhône-Alpes;7.19;TGV/Intercités
898;2018;France;Paris Gare de Lyon;Paris;Île-de-France;France;Lyon Perrache;Lyon;Auvergne-Rhône-Alpes;7.52;TGV/Intercités
899;2018;France;Paris Gare de Lyon;Paris;Île-de-France;France;Marseille Saint-Charles;Marseille;Provence-Alpes-Côte d'Azur;6.84;TGV/Intercités
900;2018;France;Paris Gare de Lyon;Paris;Île-de-France;France;Lille Flandres;Lille;Hauts-de-France;6.69;TGV/Intercités
901;2018;France;Paris Gare de Lyon;Paris;Île-de-France;France;Lille Europe;Lille;Hauts-de-France;7.98;TGV/Intercités
902;2018;France;Paris Gare de Lyon;Paris;Île-de-France;France;Bordeaux Saint-Jean;Bordeaux;Nouvelle-Aquitaine;5.43;TGV/Intercités
903;2018;France;Paris Gare de Lyon;Paris;Île-de-France;France;Toulouse Matabiau;Toulouse;Occitanie;3.67;TGV/Intercités
904;2018;France;Paris Gare de Lyon;Paris;Île-de-France;France;Nantes;Nantes;Pays de la Loire;3.76;TGV/Intercités
905;2018;France;Paris Gare de Lyon;Paris;Île-de-France;France;Rennes;Rennes;Bretagne;4.47;TGV/Intercités
906;2018;France;Paris Gare de Lyon;Paris;Île-de-France;France;Strasbourg;Strasbourg;Grand Est;3.77;TGV/Intercités
907;2018;France;Paris Saint-Lazare;Paris;Île-de-France;France;Paris Gare du Nord;Paris;Île-de-France;1.11;TGV/Intercités
908;2018;France;Paris Saint-Lazare;Paris;Île-de-France;France;Paris Gare de Lyon;Paris;Île-de-France;0.98;TGV/Intercités
909;2018;France;Paris Saint-Lazare;Paris;Île-de-France;France;Paris Montparnasse;Paris;Île-de-France;0.93;TGV/Intercités
910;2018;France;Paris Saint-Lazare;Paris;Île-de-France;France;Paris Est;Paris;Île-de-France;1.17;TGV/Intercités
911;2018;France;Paris Saint-Lazare;Paris;Île-de-France;France;Paris Austerlitz;Paris;Île-de-France;1.0;TGV/Intercités
912;2018;France;Paris Saint-Lazare;Paris;Île-de-France;France;Lyon Part-Dieu;Lyon;Auvergne-Rhône-Alpes;8.38;TGV/Intercités
913;2018;France;Paris Saint-Lazare;Paris;Île-de-France;France;Lyon Perrache;Lyon;Auvergne-Rhône-Alpes;7.57;TGV/Intercités
914;2018;France;Paris Saint-Lazare;Paris;Île-de-France;France;Marseille Saint-Charles;Marseille;Provence-Alpes-Côte d'Azur;5.99;TGV/Intercités
915;2018;France;Paris Saint-Lazare;Paris;Île-de-France;France;Lille Flandres;Lille;Hauts-de-France;7.22;TGV/Intercités
916;2018;France;Paris Saint-Lazare;Paris;Île-de-France;France;Lille Europe;Lille;Hauts-de-France;6.95;TGV/Intercités
917;2018;France;Paris Saint-Lazare;Paris;Île-de-France;France;Bordeaux Saint-Jean;Bordeaux;Nouvelle-Aquitaine;5.16;TGV/Intercités
918;2018;France;Paris Saint-Lazare;Paris;Île-de-France;France;Toulouse Matabiau;Toulouse;Occitanie;4.5;TGV/Intercités
919;2018;France;Paris Saint-Lazare;Paris;Île-de-France;France;Nantes;Nantes;Pays de la Loire;3.84;TGV/Intercités
920;2018;France;Paris Saint-Lazare;Paris;Île-de-France;France;Rennes;Rennes;Bretagne;4.03;TGV/Intercités
921;2018;France;Paris Saint-Lazare;Paris;Île-de-France;France;Strasbourg;Strasbourg;Grand Est;3.66;TGV/Intercités
922;2018;France;Paris Montparnasse;Paris;Île-de-France;France;Paris Gare du Nord;Paris;Île-de-France;1.16;TGV/Intercités
923;2018;France;Paris Montparnasse;Paris;Île-de-France;France;Paris Gare de Lyon;Paris;Île-de-France;1.15;TGV/Intercités
924;2018;France;Paris Montparnasse;Paris;Île-de-France;France;Paris Saint-Lazare;Paris;Île-de-France;0.99;TGV/Intercités
925;2018;France;Paris Montparnasse;Paris;Île-de-France;France;Paris Est;Paris;Île-de-France;0.94;TGV/Intercités
926;2018;France;Paris Montparnasse;Paris;Île-de-France;France;Paris Austerlitz;Paris;Île-de-France;1.08;TGV/Intercités
927;2018;France;Paris Montparnasse;Paris;Île-de-France;France;Lyon Part-Dieu;Lyon;Auvergne-Rhône-Alpes;9.31;TGV/Intercités
928;2018;France;Paris Montparnasse;Paris;Île-de-France;France;Lyon Perrache;Lyon;Auvergne-Rhône-Alpes;8.84;TGV/Intercités
929;2018;France;Paris Montparnasse;Paris;Île-de-France;France;Marseille Saint-Charles;Marseille;Provence-Alpes-Côte d'Azur;5.77;TGV/Intercités
930;2018;France;Paris Montparnasse;Paris;Île-de-France;France;Lille Flandres;Lille;Hauts-de-France;6.11;TGV/Intercités
931;2018;France;Paris Montparnasse;Paris;Île-de-France;France;Lille Europe;Lille;Hauts-de-France;6.6;TGV/Intercités
932;2018;France;Paris Montparnasse;Paris;Île-de-France;France;Bordeaux Saint-Jean;Bordeaux;Nouvelle-Aquitaine;5.72;TGV/Intercités
933;2018;France;Paris Montparnasse;Paris;Île-de-France;France;Toulouse Matabiau;Toulouse;Occitanie;3.48;TGV/Intercités
934;2018;France;Paris Montparnasse;Paris;Île-de-France;France;Nantes;Nantes;Pays de la Loire;4.69;TGV/Intercités
935;2018;France;Paris Montparnasse;Paris;Île-de-France;France;Rennes;Rennes;Bretagne;3.67;TGV/Intercités
936;2018;France;Paris Montparnasse;Paris;Île-de-France;France;Strasbourg;Strasbourg;Grand Est;3.58;TGV/Intercités
937;2018;France;Paris Est;Paris;Île-de-France;France;Paris Gare du Nord;Paris;Île-de-France;1.17;TGV/Intercités
938;2018;France;Paris Est;Paris;Île-de-France;France;Paris Gare de Lyon;Paris;Île-de-France;0.93;TGV/Intercités
939;2018;France;Paris Est;Paris;Île-de-France;France;Paris Saint-Lazare;Paris;Île-de-France;1.07;TGV/Intercités
940;2018;France;Paris Est;Paris;Île-de-France;France;Paris Montparnasse;Paris;Île-de-France;1.0;TGV/Intercités
941;2018;France;Paris Est;Paris;Île-de-France;France;Paris Austerlitz;Paris;Île-de-France;0.98;TGV/Intercités
942;2018;France;Paris Est;Paris;Île-de-France;France;Lyon Part-Dieu;Lyon;Auvergne-Rhône-Alpes;8.5;TGV/Intercités
943;2018;France;Paris Est;Paris;Île-de-France;France;Lyon Perrache;Lyon;Auvergne-Rhône-Alpes;9.31;TGV/Intercités
944;2018;France;Paris Est;Paris;Île-de-France;France;Marseille Saint-Charles;Marseille;Provence-Alpes-Côte d'Azur;6.47;TGV/Intercités
945;2018;France;Paris Est;Paris;Île-de-France;France;Lille Flandres;Lille;Hauts-de-France;7.78;TGV/Intercités
946;2018;France;Paris Est;Paris;Île-de-France;France;Lille Europe;Lille;Hauts-de-France;8.19;TGV/Intercités
947;2018;France;Paris Est;Paris;Île-de-France;France;Bordeaux Saint-Jean;Bordeaux;Nouvelle-Aquitaine;5.08;TGV/Intercités
948;2018;France;Paris Est;Paris;Île-de-France;France;Toulouse Matabiau;Toulouse;Occitanie;4.08;TGV/Intercités
949;2018;France;Paris Est;Paris;Île-de-France;France;Nantes;Nantes;Pays de la Loire;3.65;TGV/Intercités
950;2018;France;Paris Est;Paris;Île-de-France;France;Rennes;Rennes;Bretagne;4.37;TGV/Intercités
951;2018;France;Paris Est;Paris;Île-de-France;France;Strasbourg;Strasbourg;Grand Est;4.29;TGV/Intercités
952;2018;France;Paris Austerlitz;Paris;Île-de-France;France;Paris Gare du Nord;Paris;Île-de-France;1.09;TGV/Intercités
953;2018;France;Paris Austerlitz;Paris;Île-de-France;France;Paris Gare de Lyon;Paris;Île-de-France;0.91;TGV/Intercités
954;2018;France;Paris Austerlitz;Paris;Île-de-France;France;Paris Saint-Lazare;Paris;Île-de-France;1.15;TGV/Intercités
955;2018;France;Paris Austerlitz;Paris;Île-de-France;France;Paris Montparnasse;Paris;Île-de-France;0.96;TGV/Intercités
956;2018;France;Paris Austerlitz;Paris;Île-de-France;France;Paris Est;Paris;Île-de-France;1.14;TGV/Intercités
957;2018;France;Paris Austerlitz;Paris;Île-de-France;France;Lyon Part-Dieu;Lyon;Auvergne-Rhône-Alpes;8.32;TGV/Intercités
958;2018;France;Paris Austerlitz;Paris;Île-de-France;France;Lyon Perrache;Lyon;Auvergne-Rhône-Alpes;9.3;TGV/Intercités
959;2018;France;Paris Austerlitz;Paris;Île-de-France;France;Marseille Saint-Charles;Marseille;Provence-Alpes-Côte d'Azur;6.44;TGV/Intercités
960;2018;France;Paris Austerlitz;Paris;Île-de-France;France;Lille Flandres;Lille;Hauts-de-France;6.58;TGV/Intercités
961;2018;France;Paris Austerlitz;Paris;Île-de-France;France;Lille Europe;Lille;Hauts-de-France;8.01;TGV/Intercités
962;2018;France;Paris Austerlitz;Paris;Île-de-France;France;Bordeaux Saint-Jean;Bordeaux;Nouvelle-Aquitaine;4.62;TGV/Intercités
963;2018;France;Paris Austerlitz;Paris;Île-de-France;France;Toulouse Matabiau;Toulouse;Occitanie;4.66;TGV/Intercités
964;2018;France;Paris Austerlitz;Paris;Île-de-France;France;Nantes;Nantes;Pays de la Loire;4.12;TGV/Intercités
965;2018;France;Paris Austerlitz;Paris;Île-de-France;France;Rennes;Rennes;Bretagne;3.61;TGV/Intercités
966;2018;France;Paris Austerlitz;Paris;Île-de-France;France;Strasbourg;Strasbourg;Grand Est;4.42;TGV/Intercités
967;2018;France;Lyon Part-Dieu;Lyon;Auvergne-Rhône-Alpes;France;Paris Gare du Nord;Paris;Île-de-France;8.53;TGV/Intercités
968;2018;France;Lyon Part-Dieu;Lyon;Auvergne-Rhône-Alpes;France;Paris Gare de Lyon;Paris;Île-de-France;8.12;TGV/Intercités
969;2018;France;Lyon Part-Dieu;Lyon;Auvergne-Rhône-Alpes;France;Paris Saint-Lazare;Paris;Île-de-France;7.68;TGV/Intercités
970;2018;France;Lyon Part-Dieu;Lyon;Auvergne-Rhône-Alpes;France;Paris Montparnasse;Paris;Île-de-France;9.12;TGV/Intercités
971;2018;France;Lyon Part-Dieu;Lyon;Auvergne-Rhône-Alpes;France;Paris Est;Paris;Île-de-France;7.99;TGV/Intercités
972;2018;France;Lyon Part-Dieu;Lyon;Auvergne-Rhône-Alpes;France;Paris Austerlitz;Paris;Île-de-France;7.78;TGV/Intercités
973;2018;France;Lyon Part-Dieu;Lyon;Auvergne-Rhône-Alpes;France;Lyon Perrache;Lyon;Auvergne-Rhône-Alpes;0.98;TER/Intercités
974;2018;France;Lyon Part-Dieu;Lyon;Auvergne-Rhône-Alpes;France;Marseille Saint-Charles;Marseille;Provence-Alpes-Côte d'Azur;1.12;TER/Intercités
975;2018;France;Lyon Part-Dieu;Lyon;Auvergne-Rhône-Alpes;France;Lille Flandres;Lille;Hauts-de-France;0.93;TER/Intercités
976;2018;France;Lyon Part-Dieu;Lyon;Auvergne-Rhône-Alpes;France;Lille Europe;Lille;Hauts-de-France;0.91;TER/Intercités
977;2018;France;Lyon Part-Dieu;Lyon;Auvergne-Rhône-Alpes;France;Bordeaux Saint-Jean;Bordeaux;Nouvelle-Aquitaine;1.0;TER/Intercités
978;2018;France;Lyon Part-Dieu;Lyon;Auvergne-Rhône-Alpes;France;Toulouse Matabiau;Toulouse;Occitanie;1.08;TER/Intercités
979;2018;France;Lyon Part-Dieu;Lyon;Auvergne-Rhône-Alpes;France;Nantes;Nantes;Pays de la Loire;1.09;TER/Intercités
980;2018;France;Lyon Part-Dieu;Lyon;Auvergne-Rhône-Alpes;France;Rennes;Rennes;Bretagne;1.13;TER/Intercités
981;2018;France;Lyon Part-Dieu;Lyon;Auvergne-Rhône-Alpes;France;Strasbourg;Strasbourg;Grand Est;1.13;TER/Intercités
982;2018;France;Lyon Perrache;Lyon;Auvergne-Rhône-Alpes;France;Paris Gare du Nord;Paris;Île-de-France;7.53;TGV/Intercités
983;2018;France;Lyon Perrache;Lyon;Auvergne-Rhône-Alpes;France;Paris Gare de Lyon;Paris;Île-de-France;7.23;TGV/Intercités
984;2018;France;Lyon Perrache;Lyon;Auvergne-Rhône-Alpes;France;Paris Saint-Lazare;Paris;Île-de-France;8.32;TGV/Intercités
985;2018;France;Lyon Perrache;Lyon;Auvergne-Rhône-Alpes;France;Paris Montparnasse;Paris;Île-de-France;9.29;TGV/Intercités
986;2018;France;Lyon Perrache;Lyon;Auvergne-Rhône-Alpes;France;Paris Est;Paris;Île-de-France;7.49;TGV/Intercités
987;2018;France;Lyon Perrache;Lyon;Auvergne-Rhône-Alpes;France;Paris Austerlitz;Paris;Île-de-France;7.19;TGV/Intercités
988;2018;France;Lyon Perrache;Lyon;Auvergne-Rhône-Alpes;France;Lyon Part-Dieu;Lyon;Auvergne-Rhône-Alpes;1.06;TER/Intercités
989;2018;France;Lyon Perrache;Lyon;Auvergne-Rhône-Alpes;France;Marseille Saint-Charles;Marseille;Provence-Alpes-Côte d'Azur;1.15;TER/Intercités
990;2018;France;Lyon Perrache;Lyon;Auvergne-Rhône-Alpes;France;Lille Flandres;Lille;Hauts-de-France;1.07;TER/Intercités
991;2018;France;Lyon Perrache;Lyon;Auvergne-Rhône-Alpes;France;Lille Europe;Lille;Hauts-de-France;1.12;TER/Intercités
992;2018;France;Lyon Perrache;Lyon;Auvergne-Rhône-Alpes;France;Bordeaux Saint-Jean;Bordeaux;Nouvelle-Aquitaine;1.15;TER/Intercités
993;2018;France;Lyon Perrache;Lyon;Auvergne-Rhône-Alpes;France;Toulouse Matabiau;Toulouse;Occitanie;1.11;TER/Intercités
994;2018;France;Lyon Perrache;Lyon;Auvergne-Rhône-Alpes;France;Nantes;Nantes;Pays de la Loire;0.9;TER/Intercités
995;2018;France;Lyon Perrache;Lyon;Auvergne-Rhône-Alpes;France;Rennes;Rennes;Bretagne;1.16;TER/Intercités
996;2018;France;Lyon Perrache;Lyon;Auvergne-Rhône-Alpes;France;Strasbourg;Strasbourg;Grand Est;0.93;TER/Intercités
997;2018;France;Marseille Saint-Charles;Marseille;Provence-Alpes-Côte d'Azur;France;Paris Gare du Nord;Paris;Île-de-France;6.99;TGV/Intercités
998;2018;France;Marseille Saint-Charles;Marseille;Provence-Alpes-Côte d'Azur;France;Paris Gare de Lyon;Paris;Île-de-France;6.22;TGV/Intercités
999;2018;France;Marseille Saint-Charles;Marseille;Provence-Alpes-Côte d'Azur;France;Paris Saint-Lazare;Paris;Île-de-France;6.36;TGV/Intercités
1000;2018;France;Marseille Saint-Charles;Marseille;Provence-Alpes-Côte d'Azur;France;Paris Montparnasse;Paris;Île-de-France;5.86;TGV/Intercités
1001;2018;France;Marseille Saint-Charles;Marseille;Provence-Alpes-Côte d'Azur;France;Paris Est;Paris;Île-de-France;6.27;TGV/Intercités
1002;2018;France;Marseille Saint-Charles;Marseille;Provence-Alpes-Côte d'Azur;France;Paris Austerlitz;Paris;Île-de-France;5.89;TGV/Intercités
1003;2018;France;Marseille Saint-Charles;Marseille;Provence-Alpes-Côte d'Azur;France;Lyon Part-Dieu;Lyon;Auvergne-Rhône-Alpes;1.13;TER/Intercités
1004;2018;France;Marseille Saint-Charles;Marseille;Provence-Alpes-Côte d'Azur;France;Lyon Perrache;Lyon;Auvergne-Rhône-Alpes;1.03;TER/Intercités
1005;2018;France;Marseille Saint-Charles;Marseille;Provence-Alpes-Côte d'Azur;France;Lille Flandres;Lille;Hauts-de-France;1.08;TER/Intercités
1006;2018;France;Marseille Saint-Charles;Marseille;Provence-Alpes-Côte d'Azur;France;Lille Europe;Lille;Hauts-de-France;0.89;TER/Intercités
1007;2018;France;Marseille Saint-Charles;Marseille;Provence-Alpes-Côte d'Azur;France;Bordeaux Saint-Jean;Bordeaux;Nouvelle-Aquitaine;1.04;TER/Intercités
1008;2018;France;Marseille Saint-Charles;Marseille;Provence-Alpes-Côte d'Azur;France;Toulouse Matabiau;Toulouse;Occitanie;1.11;TER/Intercités
1009;2018;France;Marseille Saint-Charles;Marseille;Provence-Alpes-Côte d'Azur;France;Nantes;Nantes;Pays de la Loire;1.04;TER/Intercités
1010;2018;France;Marseille Saint-Charles;Marseille;Provence-Alpes-Côte d'Azur;France;Rennes;Rennes;Bretagne;1.12;TER/Intercités
1011;2018;France;Marseille Saint-Charles;Marseille;Provence-Alpes-Côte d'Azur;France;Strasbourg;Strasbourg;Grand Est;0.89;TER/Intercités
1012;2018;France;Lille Flandres;Lille;Hauts-de-France;France;Paris Gare du Nord;Paris;Île-de-France;6.71;TGV/Intercités
1013;2018;France;Lille Flandres;Lille;Hauts-de-France;France;Paris Gare de Lyon;Paris;Île-de-France;7.52;TGV/Intercités
1014;2018;France;Lille Flandres;Lille;Hauts-de-France;France;Paris Saint-Lazare;Paris;Île-de-France;8.0;TGV/Intercités
1015;2018;France;Lille Flandres;Lille;Hauts-de-France;France;Paris Montparnasse;Paris;Île-de-France;6.38;TGV/Intercités
1016;2018;France;Lille Flandres;Lille;Hauts-de-France;France;Paris Est;Paris;Île-de-France;6.91;TGV/Intercités
1017;2018;France;Lille Flandres;Lille;Hauts-de-France;France;Paris Austerlitz;Paris;Île-de-France;6.35;TGV/Intercités
1018;2018;France;Lille Flandres;Lille;Hauts-de-France;France;Lyon Part-Dieu;Lyon;Auvergne-Rhône-Alpes;1.11;TER/Intercités
1019;2018;France;Lille Flandres;Lille;Hauts-de-France;France;Lyon Perrache;Lyon;Auvergne-Rhône-Alpes;1.08;TER/Intercités
1020;2018;France;Lille Flandres;Lille;Hauts-de-France;France;Marseille Saint-Charles;Marseille;Provence-Alpes-Côte d'Azur;1.13;TER/Intercités
1021;2018;France;Lille Flandres;Lille;Hauts-de-France;France;Lille Europe;Lille;Hauts-de-France;0.91;TER/Intercités
1022;2018;France;Lille Flandres;Lille;Hauts-de-France;France;Bordeaux Saint-Jean;Bordeaux;Nouvelle-Aquitaine;1.01;TER/Intercités
1023;2018;France;Lille Flandres;Lille;Hauts-de-France;France;Toulouse Matabiau;Toulouse;Occitanie;1.08;TER/Intercités
1024;2018;France;Lille Flandres;Lille;Hauts-de-France;France;Nantes;Nantes;Pays de la Loire;0.99;TER/Intercités
1025;2018;France;Lille Flandres;Lille;Hauts-de-France;France;Rennes;Rennes;Bretagne;1.08;TER/Intercités
1026;2018;France;Lille Flandres;Lille;Hauts-de-France;France;Strasbourg;Strasbourg;Grand Est;1.02;TER/Intercités
1027;2018;France;Lille Europe;Lille;Hauts-de-France;France;Paris Gare du Nord;Paris;Île-de-France;7.77;TGV/Intercités
1028;2018;France;Lille Europe;Lille;Hauts-de-France;France;Paris Gare de Lyon;Paris;Île-de-France;7.51;TGV/Intercités
1029;2018;France;Lille Europe;Lille;Hauts-de-France;France;Paris Saint-Lazare;Paris;Île-de-France;7.74;TGV/Intercités
1030;2018;France;Lille Europe;Lille;Hauts-de-France;France;Paris Montparnasse;Paris;Île-de-France;7.25;TGV/Intercités
1031;2018;France;Lille Europe;Lille;Hauts-de-France;France;Paris Est;Paris;Île-de-France;6.5;TGV/Intercités
1032;2018;France;Lille Europe;Lille;Hauts-de-France;France;Paris Austerlitz;Paris;Île-de-France;6.86;TGV/Intercités
1033;2018;France;Lille Europe;Lille;Hauts-de-France;France;Lyon Part-Dieu;Lyon;Auvergne-Rhône-Alpes;1.17;TER/Intercités
1034;2018;France;Lille Europe;Lille;Hauts-de-France;France;Lyon Perrache;Lyon;Auvergne-Rhône-Alpes;1.1;TER/Intercités
1035;2018;France;Lille Europe;Lille;Hauts-de-France;France;Marseille Saint-Charles;Marseille;Provence-Alpes-Côte d'Azur;1.03;TER/Intercités
1036;2018;France;Lille Europe;Lille;Hauts-de-France;France;Lille Flandres;Lille;Hauts-de-France;0.93;TER/Intercités
1037;2018;France;Lille Europe;Lille;Hauts-de-France;France;Bordeaux Saint-Jean;Bordeaux;Nouvelle-Aquitaine;1.13;TER/Intercités
1038;2018;France;Lille Europe;Lille;Hauts-de-France;France;Toulouse Matabiau;Toulouse;Occitanie;1.11;TER/Intercités
1039;2018;France;Lille Europe;Lille;Hauts-de-France;France;Nantes;Nantes;Pays de la Loire;0.9;TER/Intercités
1040;2018;France;Lille Europe;Lille;Hauts-de-France;France;Rennes;Rennes;Bretagne;1.03;TER/Intercités
1041;2018;France;Lille Europe;Lille;Hauts-de-France;France;Strasbourg;Strasbourg;Grand Est;1.17;TER/Intercités
1042;2018;France;Bordeaux Saint-Jean;Bordeaux;Nouvelle-Aquitaine;France;Paris Gare du Nord;Paris;Île-de-France;5.48;TGV/Intercités
1043;2018;France;Bordeaux Saint-Jean;Bordeaux;Nouvelle-Aquitaine;France;Paris Gare de Lyon;Paris;Île-de-France;5.17;TGV/Intercités
1044;2018;France;Bordeaux Saint-Jean;Bordeaux;Nouvelle-Aquitaine;France;Paris Saint-Lazare;Paris;Île-de-France;5.03;TGV/Intercités
1045;2018;France;Bordeaux Saint-Jean;Bordeaux;Nouvelle-Aquitaine;France;Paris Montparnasse;Paris;Île-de-France;5.53;TGV/Intercités
1046;2018;France;Bordeaux Saint-Jean;Bordeaux;Nouvelle-Aquitaine;France;Paris Est;Paris;Île-de-France;4.35;TGV/Intercités
1047;2018;France;Bordeaux Saint-Jean;Bordeaux;Nouvelle-Aquitaine;France;Paris Austerlitz;Paris;Île-de-France;4.53;TGV/Intercités
1048;2018;France;Bordeaux Saint-Jean;Bordeaux;Nouvelle-Aquitaine;France;Lyon Part-Dieu;Lyon;Auvergne-Rhône-Alpes;0.93;TER/Intercités
1049;2018;France;Bordeaux Saint-Jean;Bordeaux;Nouvelle-Aquitaine;France;Lyon Perrache;Lyon;Auvergne-Rhône-Alpes;0.89;TER/Intercités
1050;2018;France;Bordeaux Saint-Jean;Bordeaux;Nouvelle-Aquitaine;France;Marseille Saint-Charles;Marseille;Provence-Alpes-Côte d'Azur;1.04;TER/Intercités
1051;2018;France;Bordeaux Saint-Jean;Bordeaux;Nouvelle-Aquitaine;France;Lille Flandres;Lille;Hauts-de-France;0.96;TER/Intercités
1052;2018;France;Bordeaux Saint-Jean;Bordeaux;Nouvelle-Aquitaine;France;Lille Europe;Lille;Hauts-de-France;0.93;TER/Intercités
1053;2018;France;Bordeaux Saint-Jean;Bordeaux;Nouvelle-Aquitaine;France;Toulouse Matabiau;Toulouse;Occitanie;1.15;TER/Intercités
1054;2018;France;Bordeaux Saint-Jean;Bordeaux;Nouvelle-Aquitaine;France;Nantes;Nantes;Pays de la Loire;0.99;TER/Intercités
1055;2018;France;Bordeaux Saint-Jean;Bordeaux;Nouvelle-Aquitaine;France;Rennes;Rennes;Bretagne;1.09;TER/Intercités
1056;2018;France;Bordeaux Saint-Jean;Bordeaux;Nouvelle-Aquitaine;France;Strasbourg;Strasbourg;Grand Est;1.15;TER/Intercités
1057;2018;France;Toulouse Matabiau;Toulouse;Occitanie;France;Paris Gare du Nord;Paris;Île-de-France;4.65;TGV/Intercités
1058;2018;France;Toulouse Matabiau;Toulouse;Occitanie;France;Paris Gare de Lyon;Paris;Île-de-France;3.76;TGV/Intercités
1059;2018;France;Toulouse Matabiau;Toulouse;Occitanie;France;Paris Saint-Lazare;Paris;Île-de-France;3.53;TGV/Intercités
1060;2018;France;Toulouse Matabiau;Toulouse;Occitanie;France;Paris Montparnasse;Paris;Île-de-France;4.24;TGV/Intercités
1061;2018;France;Toulouse Matabiau;Toulouse;Occitanie;France;Paris Est;Paris;Île-de-France;3.68;TGV/Intercités
1062;2018;France;Toulouse Matabiau;Toulouse;Occitanie;France;Paris Austerlitz;Paris;Île-de-France;3.64;TGV/Intercités
1063;2018;France;Toulouse Matabiau;Toulouse;Occitanie;France;Lyon Part-Dieu;Lyon;Auvergne-Rhône-Alpes;0.87;TER/Intercités
1064;2018;France;Toulouse Matabiau;Toulouse;Occitanie;France;Lyon Perrache;Lyon;Auvergne-Rhône-Alpes;0.9;TER/Intercités
1065;2018;France;Toulouse Matabiau;Toulouse;Occitanie;France;Marseille Saint-Charles;Marseille;Provence-Alpes-Côte d'Azur;0.92;TER/Intercités
1066;2018;France;Toulouse Matabiau;Toulouse;Occitanie;France;Lille Flandres;Lille;Hauts-de-France;1.11;TER/Intercités
1067;2018;France;Toulouse Matabiau;Toulouse;Occitanie;France;Lille Europe;Lille;Hauts-de-France;1.05;TER/Intercités
1068;2018;France;Toulouse Matabiau;Toulouse;Occitanie;France;Bordeaux Saint-Jean;Bordeaux;Nouvelle-Aquitaine;0.9;TER/Intercités
1069;2018;France;Toulouse Matabiau;Toulouse;Occitanie;France;Nantes;Nantes;Pays de la Loire;1.0;TER/Intercités
1070;2018;France;Toulouse Matabiau;Toulouse;Occitanie;France;Rennes;Rennes;Bretagne;1.0;TER/Intercités
1071;2018;France;Toulouse Matabiau;Toulouse;Occitanie;France;Strasbourg;Strasbourg;Grand Est;1.16;TER/Intercités
1072;2018;France;Nantes;Nantes;Pays de la Loire;France;Paris Gare du Nord;Paris;Île-de-France;4.03;TGV/Intercités
1073;2018;France;Nantes;Nantes;Pays de la Loire;France;Paris Gare de Lyon;Paris;Île-de-France;4.01;TGV/Intercités
1074;2018;France;Nantes;Nantes;Pays de la Loire;France;Paris Saint-Lazare;Paris;Île-de-France;3.99;TGV/Intercités
1075;2018;France;Nantes;Nantes;Pays de la Loire;France;Paris Montparnasse;Paris;Île-de-France;3.69;TGV/Intercités
1076;2018;France;Nantes;Nantes;Pays de la Loire;France;Paris Est;Paris;Île-de-France;4.02;TGV/Intercités
1077;2018;France;Nantes;Nantes;Pays de la Loire;France;Paris Austerlitz;Paris;Île-de-France;3.48;TGV/Intercités
1078;2018;France;Nantes;Nantes;Pays de la Loire;France;Lyon Part-Dieu;Lyon;Auvergne-Rhône-Alpes;1.14;TER/Intercités
1079;2018;France;Nantes;Nantes;Pays de la Loire;France;Lyon Perrache;Lyon;Auvergne-Rhône-Alpes;0.96;TER/Intercités
1080;2018;France;Nantes;Nantes;Pays de la Loire;France;Marseille Saint-Charles;Marseille;Provence-Alpes-Côte d'Azur;0.92;TER/Intercités
1081;2018;France;Nantes;Nantes;Pays de la Loire;France;Lille Flandres;Lille;Hauts-de-France;0.93;TER/Intercités
1082;2018;France;Nantes;Nantes;Pays de la Loire;France;Lille Europe;Lille;Hauts-de-France;1.01;TER/Intercités
1083;2018;France;Nantes;Nantes;Pays de la Loire;France;Bordeaux Saint-Jean;Bordeaux;Nouvelle-Aquitaine;1.03;TER/Intercités
1084;2018;France;Nantes;Nantes;Pays de la Loire;France;Toulouse Matabiau;Toulouse;Occitanie;0.89;TER/Intercités
1085;2018;France;Nantes;Nantes;Pays de la Loire;France;Rennes;Rennes;Bretagne;1.1;TER/Intercités
1086;2018;France;Nantes;Nantes;Pays de la Loire;France;Strasbourg;Strasbourg;Grand Est;1.17;TER/Intercités
1087;2018;France;Rennes;Rennes;Bretagne;France;Paris Gare du Nord;Paris;Île-de-France;4.19;TGV/Intercités
1088;2018;France;Rennes;Rennes;Bretagne;France;Paris Gare de Lyon;Paris;Île-de-France;3.92;TGV/Intercités
1089;2018;France;Rennes;Rennes;Bretagne;France;Paris Saint-Lazare;Paris;Île-de-France;4.2;TGV/Intercités
1090;2018;France;Rennes;Rennes;Bretagne;France;Paris Montparnasse;Paris;Île-de-France;4.55;TGV/Intercités
1091;2018;France;Rennes;Rennes;Bretagne;France;Paris Est;Paris;Île-de-France;3.93;TGV/Intercités
1092;2018;France;Rennes;Rennes;Bretagne;France;Paris Austerlitz;Paris;Île-de-France;3.94;TGV/Intercités
1093;2018;France;Rennes;Rennes;Bretagne;France;Lyon Part-Dieu;Lyon;Auvergne-Rhône-Alpes;0.99;TER/Intercités
1094;2018;France;Rennes;Rennes;Bretagne;France;Lyon Perrache;Lyon;Auvergne-Rhône-Alpes;1.11;TER/Intercités
1095;2018;France;Rennes;Rennes;Bretagne;France;Marseille Saint-Charles;Marseille;Provence-Alpes-Côte d'Azur;1.14;TER/Intercités
1096;2018;France;Rennes;Rennes;Bretagne;France;Lille Flandres;Lille;Hauts-de-France;1.04;TER/Intercités
1097;2018;France;Rennes;Rennes;Bretagne;France;Lille Europe;Lille;Hauts-de-France;0.87;TER/Intercités
1098;2018;France;Rennes;Rennes;Bretagne;France;Bordeaux Saint-Jean;Bordeaux;Nouvelle-Aquitaine;1.13;TER/Intercités
1099;2018;France;Rennes;Rennes;Bretagne;France;Toulouse Matabiau;Toulouse;Occitanie;1.16;TER/Intercités
1100;2018;France;Rennes;Rennes;Bretagne;France;Nantes;Nantes;Pays de la Loire;1.07;TER/Intercités
1101;2018;France;Rennes;Rennes;Bretagne;France;Strasbourg;Strasbourg;Grand Est;0.88;TER/Intercités
1102;2018;France;Strasbourg;Strasbourg;Grand Est;France;Paris Gare du Nord;Paris;Île-de-France;3.83;TGV/Intercités
1103;2018;France;Strasbourg;Strasbourg;Grand Est;France;Paris Gare de Lyon;Paris;Île-de-France;4.52;TGV/Intercités
1104;2018;France;Strasbourg;Strasbourg;Grand Est;France;Paris Saint-Lazare;Paris;Île-de-France;3.95;TGV/Intercités
1105;2018;France;Strasbourg;Strasbourg;Grand Est;France;Paris Montparnasse;Paris;Île-de-France;4.27;TGV/Intercités
1106;2018;France;Strasbourg;Strasbourg;Grand Est;France;Paris Est;Paris;Île-de-France;4.46;TGV/Intercités
1107;2018;France;Strasbourg;Strasbourg;Grand Est;France;Paris Austerlitz;Paris;Île-de-France;4.31;TGV/Intercités
1108;2018;France;Strasbourg;Strasbourg;Grand Est;France;Lyon Part-Dieu;Lyon;Auvergne-Rhône-Alpes;0.91;TER/Intercités
1109;2018;France;Strasbourg;Strasbourg;Grand Est;France;Lyon Perrache;Lyon;Auvergne-Rhône-Alpes;0.89;TER/Intercités
1110;2018;France;Strasbourg;Strasbourg;Grand Est;France;Marseille Saint-Charles;Marseille;Provence-Alpes-Côte d'Azur;1.02;TER/Intercités
1111;2018;France;Strasbourg;Strasbourg;Grand Est;France;Lille Flandres;Lille;Hauts-de-France;0.93;TER/Intercités
1112;2018;France;Strasbourg;Strasbourg;Grand Est;France;Lille Europe;Lille;Hauts-de-France;0.94;TER/Intercités
1113;2018;France;Strasbourg;Strasbourg;Grand Est;France;Bordeaux Saint-Jean;Bordeaux;Nouvelle-Aquitaine;1.11;TER/Intercités
1114;2018;France;Strasbourg;Strasbourg;Grand Est;France;Toulouse Matabiau;Toulouse;Occitanie;1.07;TER/Intercités
1115;2018;France;Strasbourg;Strasbourg;Grand Est;France;Nantes;Nantes;Pays de la Loire;1.07;TER/Intercités
1116;2018;France;Strasbourg;Strasbourg;Grand Est;France;Rennes;Rennes;Bretagne;1.0;TER/Intercités
1117;2019;France;Paris Gare du Nord;Paris;Île-de-France;France;Paris Gare de Lyon;Paris;Île-de-France;1.01;TGV/Intercités
1118;2019;France;Paris Gare du Nord;Paris;Île-de-France;France;Paris Saint-Lazare;Paris;Île-de-France;0.89;TGV/Intercités
1119;2019;France;Paris Gare du Nord;Paris;Île-de-France;France;Paris Montparnasse;Paris;Île-de-France;1.14;TGV/Intercités
1120;2019;France;Paris Gare du Nord;Paris;Île-de-France;France;Paris Est;Paris;Île-de-France;1.09;TGV/Intercités
1121;2019;France;Paris Gare du Nord;Paris;Île-de-France;France;Paris Austerlitz;Paris;Île-de-France;1.03;TGV/Intercités
1122;2019;France;Paris Gare du Nord;Paris;Île-de-France;France;Lyon Part-Dieu;Lyon;Auvergne-Rhône-Alpes;7.53;TGV/Intercités
1123;2019;France;Paris Gare du Nord;Paris;Île-de-France;France;Lyon Perrache;Lyon;Auvergne-Rhône-Alpes;7.28;TGV/Intercités
1124;2019;France;Paris Gare du Nord;Paris;Île-de-France;France;Marseille Saint-Charles;Marseille;Provence-Alpes-Côte d'Azur;6.24;TGV/Intercités
1125;2019;France;Paris Gare du Nord;Paris;Île-de-France;France;Lille Flandres;Lille;Hauts-de-France;7.41;TGV/Intercités
1126;2019;France;Paris Gare du Nord;Paris;Île-de-France;France;Lille Europe;Lille;Hauts-de-France;6.43;TGV/Intercités
1127;2019;France;Paris Gare du Nord;Paris;Île-de-France;France;Bordeaux Saint-Jean;Bordeaux;Nouvelle-Aquitaine;4.87;TGV/Intercités
1128;2019;France;Paris Gare du Nord;Paris;Île-de-France;France;Toulouse Matabiau;Toulouse;Occitanie;4.14;TGV/Intercités
1129;2019;France;Paris Gare du Nord;Paris;Île-de-France;France;Nantes;Nantes;Pays de la Loire;3.57;TGV/Intercités
1130;2019;France;Paris Gare du Nord;Paris;Île-de-France;France;Rennes;Rennes;Bretagne;4.51;TGV/Intercités
1131;2019;France;Paris Gare du Nord;Paris;Île-de-France;France;Strasbourg;Strasbourg;Grand Est;4.1;TGV/Intercités
1132;2019;France;Paris Gare de Lyon;Paris;Île-de-France;France;Paris Gare du Nord;Paris;Île-de-France;0.9;TGV/Intercités
1133;2019;France;Paris Gare de Lyon;Paris;Île-de-France;France;Paris Saint-Lazare;Paris;Île-de-France;1.14;TGV/Intercités
1134;2019;France;Paris Gare de Lyon;Paris;Île-de-France;France;Paris Montparnasse;Paris;Île-de-France;0.89;TGV/Intercités
1135;2019;France;Paris Gare de Lyon;Paris;Île-de-France;France;Paris Est;Paris;Île-de-France;1.18;TGV/Intercités
1136;2019;France;Paris Gare de Lyon;Paris;Île-de-France;France;Paris Austerlitz;Paris;Île-de-France;1.1;TGV/Intercités
1137;2019;France;Paris Gare de Lyon;Paris;Île-de-France;France;Lyon Part-Dieu;Lyon;Auvergne-Rhône-Alpes;9.28;TGV/Intercités
1138;2019;France;Paris Gare de Lyon;Paris;Île-de-France;France;Lyon Perrache;Lyon;Auvergne-Rhône-Alpes;7.93;TGV/Intercités
1139;2019;France;Paris Gare de Lyon;Paris;Île-de-France;France;Marseille Saint-Charles;Marseille;Provence-Alpes-Côte d'Azur;5.83;TGV/Intercités
1140;2019;France;Paris Gare de Lyon;Paris;Île-de-France;France;Lille Flandres;Lille;Hauts-de-France;7.0;TGV/Intercités
1141;2019;France;Paris Gare de Lyon;Paris;Île-de-France;France;Lille Europe;Lille;Hauts-de-France;8.13;TGV/Intercités
1142;2019;France;Paris Gare de Lyon;Paris;Île-de-France;France;Bordeaux Saint-Jean;Bordeaux;Nouvelle-Aquitaine;5.27;TGV/Intercités
1143;2019;France;Paris Gare de Lyon;Paris;Île-de-France;France;Toulouse Matabiau;Toulouse;Occitanie;4.04;TGV/Intercités
1144;2019;France;Paris Gare de Lyon;Paris;Île-de-France;France;Nantes;Nantes;Pays de la Loire;4.44;TGV/Intercités
1145;2019;France;Paris Gare de Lyon;Paris;Île-de-France;France;Rennes;Rennes;Bretagne;3.59;TGV/Intercités
1146;2019;France;Paris Gare de Lyon;Paris;Île-de-France;France;Strasbourg;Strasbourg;Grand Est;4.54;TGV/Intercités
1147;2019;France;Paris Saint-Lazare;Paris;Île-de-France;France;Paris Gare du Nord;Paris;Île-de-France;0.89;TGV/Intercités
1148;2019;France;Paris Saint-Lazare;Paris;Île-de-France;France;Paris Gare de Lyon;Paris;Île-de-France;0.99;TGV/Intercités
1149;2019;France;Paris Saint-Lazare;Paris;Île-de-France;France;Paris Montparnasse;Paris;Île-de-France;1.01;TGV/Intercités
1150;2019;France;Paris Saint-Lazare;Paris;Île-de-France;France;Paris Est;Paris;Île-de-France;1.0;TGV/Intercités
1151;2019;France;Paris Saint-Lazare;Paris;Île-de-France;France;Paris Austerlitz;Paris;Île-de-France;1.12;TGV/Intercités
1152;2019;France;Paris Saint-Lazare;Paris;Île-de-France;France;Lyon Part-Dieu;Lyon;Auvergne-Rhône-Alpes;7.62;TGV/Intercités
1153;2019;France;Paris Saint-Lazare;Paris;Île-de-France;France;Lyon Perrache;Lyon;Auvergne-Rhône-Alpes;7.29;TGV/Intercités
1154;2019;France;Paris Saint-Lazare;Paris;Île-de-France;France;Marseille Saint-Charles;Marseille;Provence-Alpes-Côte d'Azur;6.95;TGV/Intercités
1155;2019;France;Paris Saint-Lazare;Paris;Île-de-France;France;Lille Flandres;Lille;Hauts-de-France;6.45;TGV/Intercités
1156;2019;France;Paris Saint-Lazare;Paris;Île-de-France;France;Lille Europe;Lille;Hauts-de-France;6.79;TGV/Intercités
1157;2019;France;Paris Saint-Lazare;Paris;Île-de-France;France;Bordeaux Saint-Jean;Bordeaux;Nouvelle-Aquitaine;5.67;TGV/Intercités
1158;2019;France;Paris Saint-Lazare;Paris;Île-de-France;France;Toulouse Matabiau;Toulouse;Occitanie;3.69;TGV/Intercités
1159;2019;France;Paris Saint-Lazare;Paris;Île-de-France;France;Nantes;Nantes;Pays de la Loire;4.29;TGV/Intercités
1160;2019;France;Paris Saint-Lazare;Paris;Île-de-France;France;Rennes;Rennes;Bretagne;4.22;TGV/Intercités
1161;2019;France;Paris Saint-Lazare;Paris;Île-de-France;France;Strasbourg;Strasbourg;Grand Est;4.02;TGV/Intercités
1162;2019;France;Paris Montparnasse;Paris;Île-de-France;France;Paris Gare du Nord;Paris;Île-de-France;0.91;TGV/Intercités
1163;2019;France;Paris Montparnasse;Paris;Île-de-France;France;Paris Gare de Lyon;Paris;Île-de-France;0.98;TGV/Intercités
1164;2019;France;Paris Montparnasse;Paris;Île-de-France;France;Paris Saint-Lazare;Paris;Île-de-France;1.05;TGV/Intercités
1165;2019;France;Paris Montparnasse;Paris;Île-de-France;France;Paris Est;Paris;Île-de-France;0.91;TGV/Intercités
1166;2019;France;Paris Montparnasse;Paris;Île-de-France;France;Paris Austerlitz;Paris;Île-de-France;1.17;TGV/Intercités
1167;2019;France;Paris Montparnasse;Paris;Île-de-France;France;Lyon Part-Dieu;Lyon;Auvergne-Rhône-Alpes;8.29;TGV/Intercités
1168;2019;France;Paris Montparnasse;Paris;Île-de-France;France;Lyon Perrache;Lyon;Auvergne-Rhône-Alpes;8.87;TGV/Intercités
1169;2019;France;Paris Montparnasse;Paris;Île-de-France;France;Marseille Saint-Charles;Marseille;Provence-Alpes-Côte d'Azur;6.93;TGV/Intercités
1170;2019;France;Paris Montparnasse;Paris;Île-de-France;France;Lille Flandres;Lille;Hauts-de-France;7.62;TGV/Intercités
1171;2019;France;Paris Montparnasse;Paris;Île-de-France;France;Lille Europe;Lille;Hauts-de-France;6.82;TGV/Intercités
1172;2019;France;Paris Montparnasse;Paris;Île-de-France;France;Bordeaux Saint-Jean;Bordeaux;Nouvelle-Aquitaine;4.95;TGV/Intercités
1173;2019;France;Paris Montparnasse;Paris;Île-de-France;France;Toulouse Matabiau;Toulouse;Occitanie;4.17;TGV/Intercités
1174;2019;France;Paris Montparnasse;Paris;Île-de-France;France;Nantes;Nantes;Pays de la Loire;4.38;TGV/Intercités
1175;2019;France;Paris Montparnasse;Paris;Île-de-France;France;Rennes;Rennes;Bretagne;3.55;TGV/Intercités
1176;2019;France;Paris Montparnasse;Paris;Île-de-France;France;Strasbourg;Strasbourg;Grand Est;3.99;TGV/Intercités
1177;2019;France;Paris Est;Paris;Île-de-France;France;Paris Gare du Nord;Paris;Île-de-France;1.14;TGV/Intercités
1178;2019;France;Paris Est;Paris;Île-de-France;France;Paris Gare de Lyon;Paris;Île-de-France;1.02;TGV/Intercités
1179;2019;France;Paris Est;Paris;Île-de-France;France;Paris Saint-Lazare;Paris;Île-de-France;0.98;TGV/Intercités
1180;2019;France;Paris Est;Paris;Île-de-France;France;Paris Montparnasse;Paris;Île-de-France;0.93;TGV/Intercités
1181;2019;France;Paris Est;Paris;Île-de-France;France;Paris Austerlitz;Paris;Île-de-France;1.08;TGV/Intercités
1182;2019;France;Paris Est;Paris;Île-de-France;France;Lyon Part-Dieu;Lyon;Auvergne-Rhône-Alpes;8.76;TGV/Intercités
1183;2019;France;Paris Est;Paris;Île-de-France;France;Lyon Perrache;Lyon;Auvergne-Rhône-Alpes;8.71;TGV/Intercités
1184;2019;France;Paris Est;Paris;Île-de-France;France;Marseille Saint-Charles;Marseille;Provence-Alpes-Côte d'Azur;5.25;TGV/Intercités
1185;2019;France;Paris Est;Paris;Île-de-France;France;Lille Flandres;Lille;Hauts-de-France;6.97;TGV/Intercités
1186;2019;France;Paris Est;Paris;Île-de-France;France;Lille Europe;Lille;Hauts-de-France;7.71;TGV/Intercités
1187;2019;France;Paris Est;Paris;Île-de-France;France;Bordeaux Saint-Jean;Bordeaux;Nouvelle-Aquitaine;5.43;TGV/Intercités
1188;2019;France;Paris Est;Paris;Île-de-France;France;Toulouse Matabiau;Toulouse;Occitanie;4.09;TGV/Intercités
1189;2019;France;Paris Est;Paris;Île-de-France;France;Nantes;Nantes;Pays de la Loire;3.6;TGV/Intercités
1190;2019;France;Paris Est;Paris;Île-de-France;France;Rennes;Rennes;Bretagne;4.5;TGV/Intercités
1191;2019;France;Paris Est;Paris;Île-de-France;France;Strasbourg;Strasbourg;Grand Est;3.75;TGV/Intercités
1192;2019;France;Paris Austerlitz;Paris;Île-de-France;France;Paris Gare du Nord;Paris;Île-de-France;0.99;TGV/Intercités
1193;2019;France;Paris Austerlitz;Paris;Île-de-France;France;Paris Gare de Lyon;Paris;Île-de-France;0.99;TGV/Intercités
1194;2019;France;Paris Austerlitz;Paris;Île-de-France;France;Paris Saint-Lazare;Paris;Île-de-France;1.17;TGV/Intercités
1195;2019;France;Paris Austerlitz;Paris;Île-de-France;France;Paris Montparnasse;Paris;Île-de-France;1.06;TGV/Intercités
1196;2019;France;Paris Austerlitz;Paris;Île-de-France;France;Paris Est;Paris;Île-de-France;1.1;TGV/Intercités
1197;2019;France;Paris Austerlitz;Paris;Île-de-France;France;Lyon Part-Dieu;Lyon;Auvergne-Rhône-Alpes;8.19;TGV/Intercités
1198;2019;France;Paris Austerlitz;Paris;Île-de-France;France;Lyon Perrache;Lyon;Auvergne-Rhône-Alpes;7.42;TGV/Intercités
1199;2019;France;Paris Austerlitz;Paris;Île-de-France;France;Marseille Saint-Charles;Marseille;Provence-Alpes-Côte d'Azur;5.3;TGV/Intercités
1200;2019;France;Paris Austerlitz;Paris;Île-de-France;France;Lille Flandres;Lille;Hauts-de-France;7.43;TGV/Intercités
1201;2019;France;Paris Austerlitz;Paris;Île-de-France;France;Lille Europe;Lille;Hauts-de-France;7.61;TGV/Intercités
1202;2019;France;Paris Austerlitz;Paris;Île-de-France;France;Bordeaux Saint-Jean;Bordeaux;Nouvelle-Aquitaine;5.11;TGV/Intercités
1203;2019;France;Paris Austerlitz;Paris;Île-de-France;France;Toulouse Matabiau;Toulouse;Occitanie;4.18;TGV/Intercités
1204;2019;France;Paris Austerlitz;Paris;Île-de-France;France;Nantes;Nantes;Pays de la Loire;4.11;TGV/Intercités
1205;2019;France;Paris Austerlitz;Paris;Île-de-France;France;Rennes;Rennes;Bretagne;3.81;TGV/Intercités
1206;2019;France;Paris Austerlitz;Paris;Île-de-France;France;Strasbourg;Strasbourg;Grand Est;3.61;TGV/Intercités
1207;2019;France;Lyon Part-Dieu;Lyon;Auvergne-Rhône-Alpes;France;Paris Gare du Nord;Paris;Île-de-France;8.66;TGV/Intercités
1208;2019;France;Lyon Part-Dieu;Lyon;Auvergne-Rhône-Alpes;France;Paris Gare de Lyon;Paris;Île-de-France;9.16;TGV/Intercités
1209;2019;France;Lyon Part-Dieu;Lyon;Auvergne-Rhône-Alpes;France;Paris Saint-Lazare;Paris;Île-de-France;8.58;TGV/Intercités
1210;2019;France;Lyon Part-Dieu;Lyon;Auvergne-Rhône-Alpes;France;Paris Montparnasse;Paris;Île-de-France;7.86;TGV/Intercités
1211;2019;France;Lyon Part-Dieu;Lyon;Auvergne-Rhône-Alpes;France;Paris Est;Paris;Île-de-France;8.84;TGV/Intercités
1212;2019;France;Lyon Part-Dieu;Lyon;Auvergne-Rhône-Alpes;France;Paris Austerlitz;Paris;Île-de-France;7.29;TGV/Intercités
1213;2019;France;Lyon Part-Dieu;Lyon;Auvergne-Rhône-Alpes;France;Lyon Perrache;Lyon;Auvergne-Rhône-Alpes;1.07;TER/Intercités
1214;2019;France;Lyon Part-Dieu;Lyon;Auvergne-Rhône-Alpes;France;Marseille Saint-Charles;Marseille;Provence-Alpes-Côte d'Azur;1.12;TER/Intercités
1215;2019;France;Lyon Part-Dieu;Lyon;Auvergne-Rhône-Alpes;France;Lille Flandres;Lille;Hauts-de-France;0.97;TER/Intercités
1216;2019;France;Lyon Part-Dieu;Lyon;Auvergne-Rhône-Alpes;France;Lille Europe;Lille;Hauts-de-France;1.01;TER/Intercités
1217;2019;France;Lyon Part-Dieu;Lyon;Auvergne-Rhône-Alpes;France;Bordeaux Saint-Jean;Bordeaux;Nouvelle-Aquitaine;1.06;TER/Intercités
1218;2019;France;Lyon Part-Dieu;Lyon;Auvergne-Rhône-Alpes;France;Toulouse Matabiau;Toulouse;Occitanie;0.98;TER/Intercités
1219;2019;France;Lyon Part-Dieu;Lyon;Auvergne-Rhône-Alpes;France;Nantes;Nantes;Pays de la Loire;0.9;TER/Intercités
1220;2019;France;Lyon Part-Dieu;Lyon;Auvergne-Rhône-Alpes;France;Rennes;Rennes;Bretagne;1.1;TER/Intercités
1221;2019;France;Lyon Part-Dieu;Lyon;Auvergne-Rhône-Alpes;France;Strasbourg;Strasbourg;Grand Est;0.95;TER/Intercités
1222;2019;France;Lyon Perrache;Lyon;Auvergne-Rhône-Alpes;France;Paris Gare du Nord;Paris;Île-de-France;7.97;TGV/Intercités
1223;2019;France;Lyon Perrache;Lyon;Auvergne-Rhône-Alpes;France;Paris Gare de Lyon;Paris;Île-de-France;7.73;TGV/Intercités
1224;2019;France;Lyon Perrache;Lyon;Auvergne-Rhône-Alpes;France;Paris Saint-Lazare;Paris;Île-de-France;8.55;TGV/Intercités
1225;2019;France;Lyon Perrache;Lyon;Auvergne-Rhône-Alpes;France;Paris Montparnasse;Paris;Île-de-France;8.8;TGV/Intercités
1226;2019;France;Lyon Perrache;Lyon;Auvergne-Rhône-Alpes;France;Paris Est;Paris;Île-de-France;7.7;TGV/Intercités
1227;2019;France;Lyon Perrache;Lyon;Auvergne-Rhône-Alpes;France;Paris Austerlitz;Paris;Île-de-France;7.33;TGV/Intercités
1228;2019;France;Lyon Perrache;Lyon;Auvergne-Rhône-Alpes;France;Lyon Part-Dieu;Lyon;Auvergne-Rhône-Alpes;1.15;TER/Intercités
1229;2019;France;Lyon Perrache;Lyon;Auvergne-Rhône-Alpes;France;Marseille Saint-Charles;Marseille;Provence-Alpes-Côte d'Azur;0.99;TER/Intercités
1230;2019;France;Lyon Perrache;Lyon;Auvergne-Rhône-Alpes;France;Lille Flandres;Lille;Hauts-de-France;1.02;TER/Intercités
1231;2019;France;Lyon Perrache;Lyon;Auvergne-Rhône-Alpes;France;Lille Europe;Lille;Hauts-de-France;1.06;TER/Intercités
1232;2019;France;Lyon Perrache;Lyon;Auvergne-Rhône-Alpes;France;Bordeaux Saint-Jean;Bordeaux;Nouvelle-Aquitaine;1.01;TER/Intercités
1233;2019;France;Lyon Perrache;Lyon;Auvergne-Rhône-Alpes;France;Toulouse Matabiau;Toulouse;Occitanie;1.12;TER/Intercités
1234;2019;France;Lyon Perrache;Lyon;Auvergne-Rhône-Alpes;France;Nantes;Nantes;Pays de la Loire;1.04;TER/Intercités
1235;2019;France;Lyon Perrache;Lyon;Auvergne-Rhône-Alpes;France;Rennes;Rennes;Bretagne;0.99;TER/Intercités
1236;2019;France;Lyon Perrache;Lyon;Auvergne-Rhône-Alpes;France;Strasbourg;Strasbourg;Grand Est;1.05;TER/Intercités
1237;2019;France;Marseille Saint-Charles;Marseille;Provence-Alpes-Côte d'Azur;France;Paris Gare du Nord;Paris;Île-de-France;6.39;TGV/Intercités
1238;2019;France;Marseille Saint-Charles;Marseille;Provence-Alpes-Côte d'Azur;France;Paris Gare de Lyon;Paris;Île-de-France;6.48;TGV/Intercités
1239;2019;France;Marseille Saint-Charles;Marseille;Provence-Alpes-Côte d'Azur;France;Paris Saint-Lazare;Paris;Île-de-France;6.11;TGV/Intercités
1240;2019;France;Marseille Saint-Charles;Marseille;Provence-Alpes-Côte d'Azur;France;Paris Montparnasse;Paris;Île-de-France;6.87;TGV/Intercités
1241;2019;France;Marseille Saint-Charles;Marseille;Provence-Alpes-Côte d'Azur;France;Paris Est;Paris;Île-de-France;6.36;TGV/Intercités
1242;2019;France;Marseille Saint-Charles;Marseille;Provence-Alpes-Côte d'Azur;France;Paris Austerlitz;Paris;Île-de-France;6.48;TGV/Intercités
1243;2019;France;Marseille Saint-Charles;Marseille;Provence-Alpes-Côte d'Azur;France;Lyon Part-Dieu;Lyon;Auvergne-Rhône-Alpes;1.11;TER/Intercités
1244;2019;France;Marseille Saint-Charles;Marseille;Provence-Alpes-Côte d'Azur;France;Lyon Perrache;Lyon;Auvergne-Rhône-Alpes;1.14;TER/Intercités
1245;2019;France;Marseille Saint-Charles;Marseille;Provence-Alpes-Côte d'Azur;France;Lille Flandres;Lille;Hauts-de-France;0.99;TER/Intercités
1246;2019;France;Marseille Saint-Charles;Marseille;Provence-Alpes-Côte d'Azur;France;Lille Europe;Lille;Hauts-de-France;1.15;TER/Intercités
1247;2019;France;Marseille Saint-Charles;Marseille;Provence-Alpes-Côte d'Azur;France;Bordeaux Saint-Jean;Bordeaux;Nouvelle-Aquitaine;1.05;TER/Intercités
1248;2019;France;Marseille Saint-Charles;Marseille;Provence-Alpes-Côte d'Azur;France;Toulouse Matabiau;Toulouse;Occitanie;0.91;TER/Intercités
1249;2019;France;Marseille Saint-Charles;Marseille;Provence-Alpes-Côte d'Azur;France;Nantes;Nantes;Pays de la Loire;1.18;TER/Intercités
1250;2019;France;Marseille Saint-Charles;Marseille;Provence-Alpes-Côte d'Azur;France;Rennes;Rennes;Bretagne;0.96;TER/Intercités
1251;2019;France;Marseille Saint-Charles;Marseille;Provence-Alpes-Côte d'Azur;France;Strasbourg;Strasbourg;Grand Est;1.05;TER/Intercités
1252;2019;France;Lille Flandres;Lille;Hauts-de-France;France;Paris Gare du Nord;Paris;Île-de-France;6.68;TGV/Intercités
1253;2019;France;Lille Flandres;Lille;Hauts-de-France;France;Paris Gare de Lyon;Paris;Île-de-France;6.37;TGV/Intercités
1254;2019;France;Lille Flandres;Lille;Hauts-de-France;France;Paris Saint-Lazare;Paris;Île-de-France;7.02;TGV/Intercités
1255;2019;France;Lille Flandres;Lille;Hauts-de-France;France;Paris Montparnasse;Paris;Île-de-France;6.62;TGV/Intercités
1256;2019;France;Lille Flandres;Lille;Hauts-de-France;France;Paris Est;Paris;Île-de-France;7.03;TGV/Intercités
1257;2019;France;Lille Flandres;Lille;Hauts-de-France;France;Paris Austerlitz;Paris;Île-de-France;7.13;TGV/Intercités
1258;2019;France;Lille Flandres;Lille;Hauts-de-France;France;Lyon Part-Dieu;Lyon;Auvergne-Rhône-Alpes;1.08;TER/Intercités
1259;2019;France;Lille Flandres;Lille;Hauts-de-France;France;Lyon Perrache;Lyon;Auvergne-Rhône-Alpes;0.88;TER/Intercités
1260;2019;France;Lille Flandres;Lille;Hauts-de-France;France;Marseille Saint-Charles;Marseille;Provence-Alpes-Côte d'Azur;1.04;TER/Intercités
1261;2019;France;Lille Flandres;Lille;Hauts-de-France;France;Lille Europe;Lille;Hauts-de-France;0.91;TER/Intercités
1262;2019;France;Lille Flandres;Lille;Hauts-de-France;France;Bordeaux Saint-Jean;Bordeaux;Nouvelle-Aquitaine;1.07;TER/Intercités
1263;2019;France;Lille Flandres;Lille;Hauts-de-France;France;Toulouse Matabiau;Toulouse;Occitanie;1.03;TER/Intercités
1264;2019;France;Lille Flandres;Lille;Hauts-de-France;France;Nantes;Nantes;Pays de la Loire;0.92;TER/Intercités
1265;2019;France;Lille Flandres;Lille;Hauts-de-France;France;Rennes;Rennes;Bretagne;0.9;TER/Intercités
1266;2019;France;Lille Flandres;Lille;Hauts-de-France;France;Strasbourg;Strasbourg;Grand Est;1.0;TER/Intercités
1267;2019;France;Lille Europe;Lille;Hauts-de-France;France;Paris Gare du Nord;Paris;Île-de-France;6.61;TGV/Intercités
1268;2019;France;Lille Europe;Lille;Hauts-de-France;France;Paris Gare de Lyon;Paris;Île-de-France;7.11;TGV/Intercités
1269;2019;France;Lille Europe;Lille;Hauts-de-France;France;Paris Saint-Lazare;Paris;Île-de-France;6.13;TGV/Intercités
1270;2019;France;Lille Europe;Lille;Hauts-de-France;France;Paris Montparnasse;Paris;Île-de-France;6.16;TGV/Intercités
1271;2019;France;Lille Europe;Lille;Hauts-de-France;France;Paris Est;Paris;Île-de-France;7.16;TGV/Intercités
1272;2019;France;Lille Europe;Lille;Hauts-de-France;France;Paris Austerlitz;Paris;Île-de-France;7.37;TGV/Intercités
1273;2019;France;Lille Europe;Lille;Hauts-de-France;France;Lyon Part-Dieu;Lyon;Auvergne-Rhône-Alpes;1.05;TER/Intercités
1274;2019;France;Lille Europe;Lille;Hauts-de-France;France;Lyon Perrache;Lyon;Auvergne-Rhône-Alpes;1.18;TER/Intercités
1275;2019;France;Lille Europe;Lille;Hauts-de-France;France;Marseille Saint-Charles;Marseille;Provence-Alpes-Côte d'Azur;1.09;TER/Intercités
1276;2019;France;Lille Europe;Lille;Hauts-de-France;France;Lille Flandres;Lille;Hauts-de-France;0.98;TER/Intercités
1277;2019;France;Lille Europe;Lille;Hauts-de-France;France;Bordeaux Saint-Jean;Bordeaux;Nouvelle-Aquitaine;0.99;TER/Intercités
1278;2019;France;Lille Europe;Lille;Hauts-de-France;France;Toulouse Matabiau;Toulouse;Occitanie;1.17;TER/Intercités
1279;2019;France;Lille Europe;Lille;Hauts-de-France;France;Nantes;Nantes;Pays de la Loire;1.07;TER/Intercités
1280;2019;France;Lille Europe;Lille;Hauts-de-France;France;Rennes;Rennes;Bretagne;1.1;TER/Intercités
1281;2019;France;Lille Europe;Lille;Hauts-de-France;France;Strasbourg;Strasbourg;Grand Est;1.0;TER/Intercités
1282;2019;France;Bordeaux Saint-Jean;Bordeaux;Nouvelle-Aquitaine;France;Paris Gare du Nord;Paris;Île-de-France;5.12;TGV/Intercités
1283;2019;France;Bordeaux Saint-Jean;Bordeaux;Nouvelle-Aquitaine;France;Paris Gare de Lyon;Paris;Île-de-France;5.02;TGV/Intercités
1284;2019;France;Bordeaux Saint-Jean;Bordeaux;Nouvelle-Aquitaine;France;Paris Saint-Lazare;Paris;Île-de-France;5.5;TGV/Intercités
1285;2019;France;Bordeaux Saint-Jean;Bordeaux;Nouvelle-Aquitaine;France;Paris Montparnasse;Paris;Île-de-France;4.51;TGV/Intercités
1286;2019;France;Bordeaux Saint-Jean;Bordeaux;Nouvelle-Aquitaine;France;Paris Est;Paris;Île-de-France;5.81;TGV/Intercités
1287;2019;France;Bordeaux Saint-Jean;Bordeaux;Nouvelle-Aquitaine;France;Paris Austerlitz;Paris;Île-de-France;5.7;TGV/Intercités
1288;2019;France;Bordeaux Saint-Jean;Bordeaux;Nouvelle-Aquitaine;France;Lyon Part-Dieu;Lyon;Auvergne-Rhône-Alpes;1.06;TER/Intercités
1289;2019;France;Bordeaux Saint-Jean;Bordeaux;Nouvelle-Aquitaine;France;Lyon Perrache;Lyon;Auvergne-Rhône-Alpes;0.91;TER/Intercités
1290;2019;France;Bordeaux Saint-Jean;Bordeaux;Nouvelle-Aquitaine;France;Marseille Saint-Charles;Marseille;Provence-Alpes-Côte d'Azur;1.14;TER/Intercités
1291;2019;France;Bordeaux Saint-Jean;Bordeaux;Nouvelle-Aquitaine;France;Lille Flandres;Lille;Hauts-de-France;1.13;TER/Intercités
1292;2019;France;Bordeaux Saint-Jean;Bordeaux;Nouvelle-Aquitaine;France;Lille Europe;Lille;Hauts-de-France;1.14;TER/Intercités
1293;2019;France;Bordeaux Saint-Jean;Bordeaux;Nouvelle-Aquitaine;France;Toulouse Matabiau;Toulouse;Occitanie;1.16;TER/Intercités
1294;2019;France;Bordeaux Saint-Jean;Bordeaux;Nouvelle-Aquitaine;France;Nantes;Nantes;Pays de la Loire;0.91;TER/Intercités
1295;2019;France;Bordeaux Saint-Jean;Bordeaux;Nouvelle-Aquitaine;France;Rennes;Rennes;Bretagne;1.15;TER/Intercités
1296;2019;France;Bordeaux Saint-Jean;Bordeaux;Nouvelle-Aquitaine;France;Strasbourg;Strasbourg;Grand Est;0.91;TER/Intercités
1297;2019;France;Toulouse Matabiau;Toulouse;Occitanie;France;Paris Gare du Nord;Paris;Île-de-France;3.89;TGV/Intercités
1298;2019;France;Toulouse Matabiau;Toulouse;Occitanie;France;Paris Gare de Lyon;Paris;Île-de-France;4.62;TGV/Intercités
1299;2019;France;Toulouse Matabiau;Toulouse;Occitanie;France;Paris Saint-Lazare;Paris;Île-de-France;4.58;TGV/Intercités
1300;2019;France;Toulouse Matabiau;Toulouse;Occitanie;France;Paris Montparnasse;Paris;Île-de-France;4.15;TGV/Intercités
1301;2019;France;Toulouse Matabiau;Toulouse;Occitanie;France;Paris Est;Paris;Île-de-France;3.6;TGV/Intercités
1302;2019;France;Toulouse Matabiau;Toulouse;Occitanie;France;Paris Austerlitz;Paris;Île-de-France;3.74;TGV/Intercités
1303;2019;France;Toulouse Matabiau;Toulouse;Occitanie;France;Lyon Part-Dieu;Lyon;Auvergne-Rhône-Alpes;1.12;TER/Intercités
1304;2019;France;Toulouse Matabiau;Toulouse;Occitanie;France;Lyon Perrache;Lyon;Auvergne-Rhône-Alpes;1.11;TER/Intercités
1305;2019;France;Toulouse Matabiau;Toulouse;Occitanie;France;Marseille Saint-Charles;Marseille;Provence-Alpes-Côte d'Azur;0.93;TER/Intercités
1306;2019;France;Toulouse Matabiau;Toulouse;Occitanie;France;Lille Flandres;Lille;Hauts-de-France;0.9;TER/Intercités
1307;2019;France;Toulouse Matabiau;Toulouse;Occitanie;France;Lille Europe;Lille;Hauts-de-France;0.92;TER/Intercités
1308;2019;France;Toulouse Matabiau;Toulouse;Occitanie;France;Bordeaux Saint-Jean;Bordeaux;Nouvelle-Aquitaine;1.12;TER/Intercités
1309;2019;France;Toulouse Matabiau;Toulouse;Occitanie;France;Nantes;Nantes;Pays de la Loire;1.09;TER/Intercités
1310;2019;France;Toulouse Matabiau;Toulouse;Occitanie;France;Rennes;Rennes;Bretagne;0.98;TER/Intercités
1311;2019;France;Toulouse Matabiau;Toulouse;Occitanie;France;Strasbourg;Strasbourg;Grand Est;1.08;TER/Intercités
1312;2019;France;Nantes;Nantes;Pays de la Loire;France;Paris Gare du Nord;Paris;Île-de-France;3.85;TGV/Intercités
1313;2019;France;Nantes;Nantes;Pays de la Loire;France;Paris Gare de Lyon;Paris;Île-de-France;4.28;TGV/Intercités
1314;2019;France;Nantes;Nantes;Pays de la Loire;France;Paris Saint-Lazare;Paris;Île-de-France;4.6;TGV/Intercités
1315;2019;France;Nantes;Nantes;Pays de la Loire;France;Paris Montparnasse;Paris;Île-de-France;3.57;TGV/Intercités
1316;2019;France;Nantes;Nantes;Pays de la Loire;France;Paris Est;Paris;Île-de-France;3.7;TGV/Intercités
1317;2019;France;Nantes;Nantes;Pays de la Loire;France;Paris Austerlitz;Paris;Île-de-France;4.73;TGV/Intercités
1318;2019;France;Nantes;Nantes;Pays de la Loire;France;Lyon Part-Dieu;Lyon;Auvergne-Rhône-Alpes;0.88;TER/Intercités
1319;2019;France;Nantes;Nantes;Pays de la Loire;France;Lyon Perrache;Lyon;Auvergne-Rhône-Alpes;0.88;TER/Intercités
1320;2019;France;Nantes;Nantes;Pays de la Loire;France;Marseille Saint-Charles;Marseille;Provence-Alpes-Côte d'Azur;1.14;TER/Intercités
1321;2019;France;Nantes;Nantes;Pays de la Loire;France;Lille Flandres;Lille;Hauts-de-France;0.94;TER/Intercités
1322;2019;France;Nantes;Nantes;Pays de la Loire;France;Lille Europe;Lille;Hauts-de-France;1.01;TER/Intercités
1323;2019;France;Nantes;Nantes;Pays de la Loire;France;Bordeaux Saint-Jean;Bordeaux;Nouvelle-Aquitaine;1.12;TER/Intercités
1324;2019;France;Nantes;Nantes;Pays de la Loire;France;Toulouse Matabiau;Toulouse;Occitanie;1.17;TER/Intercités
1325;2019;France;Nantes;Nantes;Pays de la Loire;France;Rennes;Rennes;Bretagne;1.06;TER/Intercités
1326;2019;France;Nantes;Nantes;Pays de la Loire;France;Strasbourg;Strasbourg;Grand Est;0.93;TER/Intercités
1327;2019;France;Rennes;Rennes;Bretagne;France;Paris Gare du Nord;Paris;Île-de-France;3.61;TGV/Intercités
1328;2019;France;Rennes;Rennes;Bretagne;France;Paris Gare de Lyon;Paris;Île-de-France;4.36;TGV/Intercités
1329;2019;France;Rennes;Rennes;Bretagne;France;Paris Saint-Lazare;Paris;Île-de-France;4.64;TGV/Intercités
1330;2019;France;Rennes;Rennes;Bretagne;France;Paris Montparnasse;Paris;Île-de-France;4.39;TGV/Intercités
1331;2019;France;Rennes;Rennes;Bretagne;France;Paris Est;Paris;Île-de-France;3.62;TGV/Intercités
1332;2019;France;Rennes;Rennes;Bretagne;France;Paris Austerlitz;Paris;Île-de-France;3.83;TGV/Intercités
1333;2019;France;Rennes;Rennes;Bretagne;France;Lyon Part-Dieu;Lyon;Auvergne-Rhône-Alpes;0.88;TER/Intercités
1334;2019;France;Rennes;Rennes;Bretagne;France;Lyon Perrache;Lyon;Auvergne-Rhône-Alpes;0.95;TER/Intercités
1335;2019;France;Rennes;Rennes;Bretagne;France;Marseille Saint-Charles;Marseille;Provence-Alpes-Côte d'Azur;0.98;TER/Intercités
1336;2019;France;Rennes;Rennes;Bretagne;France;Lille Flandres;Lille;Hauts-de-France;0.94;TER/Intercités
1337;2019;France;Rennes;Rennes;Bretagne;France;Lille Europe;Lille;Hauts-de-France;1.08;TER/Intercités
1338;2019;France;Rennes;Rennes;Bretagne;France;Bordeaux Saint-Jean;Bordeaux;Nouvelle-Aquitaine;1.14;TER/Intercités
1339;2019;France;Rennes;Rennes;Bretagne;France;Toulouse Matabiau;Toulouse;Occitanie;1.06;TER/Intercités
1340;2019;France;Rennes;Rennes;Bretagne;France;Nantes;Nantes;Pays de la Loire;1.0;TER/Intercités
1341;2019;France;Rennes;Rennes;Bretagne;France;Strasbourg;Strasbourg;Grand Est;1.04;TER/Intercités
1342;2019;France;Strasbourg;Strasbourg;Grand Est;France;Paris Gare du Nord;Paris;Île-de-France;4.35;TGV/Intercités
1343;2019;France;Strasbourg;Strasbourg;Grand Est;France;Paris Gare de Lyon;Paris;Île-de-France;4.17;TGV/Intercités
1344;2019;France;Strasbourg;Strasbourg;Grand Est;France;Paris Saint-Lazare;Paris;Île-de-France;3.92;TGV/Intercités
1345;2019;France;Strasbourg;Strasbourg;Grand Est;France;Paris Montparnasse;Paris;Île-de-France;4.27;TGV/Intercités
1346;2019;France;Strasbourg;Strasbourg;Grand Est;France;Paris Est;Paris;Île-de-France;3.59;TGV/Intercités
1347;2019;France;Strasbourg;Strasbourg;Grand Est;France;Paris Austerlitz;Paris;Île-de-France;4.0;TGV/Intercités
1348;2019;France;Strasbourg;Strasbourg;Grand Est;France;Lyon Part-Dieu;Lyon;Auvergne-Rhône-Alpes;1.16;TER/Intercités
1349;2019;France;Strasbourg;Strasbourg;Grand Est;France;Lyon Perrache;Lyon;Auvergne-Rhône-Alpes;1.0;TER/Intercités
1350;2019;France;Strasbourg;Strasbourg;Grand Est;France;Marseille Saint-Charles;Marseille;Provence-Alpes-Côte d'Azur;1.09;TER/Intercités
1351;2019;France;Strasbourg;Strasbourg;Grand Est;France;Lille Flandres;Lille;Hauts-de-France;1.11;TER/Intercités
1352;2019;France;Strasbourg;Strasbourg;Grand Est;France;Lille Europe;Lille;Hauts-de-France;1.16;TER/Intercités
1353;2019;France;Strasbourg;Strasbourg;Grand Est;France;Bordeaux Saint-Jean;Bordeaux;Nouvelle-Aquitaine;1.04;TER/Intercités
1354;2019;France;Strasbourg;Strasbourg;Grand Est;France;Toulouse Matabiau;Toulouse;Occitanie;0.93;TER/Intercités
1355;2019;France;Strasbourg;Strasbourg;Grand Est;France;Nantes;Nantes;Pays de la Loire;1.17;TER/Intercités
1356;2019;France;Strasbourg;Strasbourg;Grand Est;France;Rennes;Rennes;Bretagne;0.97;TER/Intercités
1357;2020;France;Paris Gare du Nord;Paris;Île-de-France;France;Paris Gare de Lyon;Paris;Île-de-France;0.44;TGV/Intercités
1358;2020;France;Paris Gare du Nord;Paris;Île-de-France;France;Paris Saint-Lazare;Paris;Île-de-France;0.38;TGV/Intercités
1359;2020;France;Paris Gare du Nord;Paris;Île-de-France;France;Paris Montparnasse;Paris;Île-de-France;0.41;TGV/Intercités
1360;2020;France;Paris Gare du Nord;Paris;Île-de-France;France;Paris Est;Paris;Île-de-France;0.38;TGV/Intercités
1361;2020;France;Paris Gare du Nord;Paris;Île-de-France;France;Paris Austerlitz;Paris;Île-de-France;0.36;TGV/Intercités
1362;2020;France;Paris Gare du Nord;Paris;Île-de-France;France;Lyon Part-Dieu;Lyon;Auvergne-Rhône-Alpes;3.31;TGV/Intercités
1363;2020;France;Paris Gare du Nord;Paris;Île-de-France;France;Lyon Perrache;Lyon;Auvergne-Rhône-Alpes;2.96;TGV/Intercités
1364;2020;France;Paris Gare du Nord;Paris;Île-de-France;France;Marseille Saint-Charles;Marseille;Provence-Alpes-Côte d'Azur;2.44;TGV/Intercités
1365;2020;France;Paris Gare du Nord;Paris;Île-de-France;France;Lille Flandres;Lille;Hauts-de-France;2.63;TGV/Intercités
1366;2020;France;Paris Gare du Nord;Paris;Île-de-France;France;Lille Europe;Lille;Hauts-de-France;3.23;TGV/Intercités
1367;2020;France;Paris Gare du Nord;Paris;Île-de-France;France;Bordeaux Saint-Jean;Bordeaux;Nouvelle-Aquitaine;2.34;TGV/Intercités
1368;2020;France;Paris Gare du Nord;Paris;Île-de-France;France;Toulouse Matabiau;Toulouse;Occitanie;1.44;TGV/Intercités
1369;2020;France;Paris Gare du Nord;Paris;Île-de-France;France;Nantes;Nantes;Pays de la Loire;1.77;TGV/Intercités
1370;2020;France;Paris Gare du Nord;Paris;Île-de-France;France;Rennes;Rennes;Bretagne;1.48;TGV/Intercités
1371;2020;France;Paris Gare du Nord;Paris;Île-de-France;France;Strasbourg;Strasbourg;Grand Est;1.48;TGV/Intercités
1372;2020;France;Paris Gare de Lyon;Paris;Île-de-France;France;Paris Gare du Nord;Paris;Île-de-France;0.4;TGV/Intercités
1373;2020;France;Paris Gare de Lyon;Paris;Île-de-France;France;Paris Saint-Lazare;Paris;Île-de-France;0.41;TGV/Intercités
1374;2020;France;Paris Gare de Lyon;Paris;Île-de-France;France;Paris Montparnasse;Paris;Île-de-France;0.37;TGV/Intercités
1375;2020;France;Paris Gare de Lyon;Paris;Île-de-France;France;Paris Est;Paris;Île-de-France;0.41;TGV/Intercités
1376;2020;France;Paris Gare de Lyon;Paris;Île-de-France;France;Paris Austerlitz;Paris;Île-de-France;0.42;TGV/Intercités
1377;2020;France;Paris Gare de Lyon;Paris;Île-de-France;France;Lyon Part-Dieu;Lyon;Auvergne-Rhône-Alpes;3.24;TGV/Intercités
1378;2020;France;Paris Gare de Lyon;Paris;Île-de-France;France;Lyon Perrache;Lyon;Auvergne-Rhône-Alpes;3.39;TGV/Intercités
1379;2020;France;Paris Gare de Lyon;Paris;Île-de-France;France;Marseille Saint-Charles;Marseille;Provence-Alpes-Côte d'Azur;2.84;TGV/Intercités
1380;2020;France;Paris Gare de Lyon;Paris;Île-de-France;France;Lille Flandres;Lille;Hauts-de-France;2.71;TGV/Intercités
1381;2020;France;Paris Gare de Lyon;Paris;Île-de-France;France;Lille Europe;Lille;Hauts-de-France;2.53;TGV/Intercités
1382;2020;France;Paris Gare de Lyon;Paris;Île-de-France;France;Bordeaux Saint-Jean;Bordeaux;Nouvelle-Aquitaine;2.32;TGV/Intercités
1383;2020;France;Paris Gare de Lyon;Paris;Île-de-France;France;Toulouse Matabiau;Toulouse;Occitanie;1.56;TGV/Intercités
1384;2020;France;Paris Gare de Lyon;Paris;Île-de-France;France;Nantes;Nantes;Pays de la Loire;1.74;TGV/Intercités
1385;2020;France;Paris Gare de Lyon;Paris;Île-de-France;France;Rennes;Rennes;Bretagne;1.73;TGV/Intercités
1386;2020;France;Paris Gare de Lyon;Paris;Île-de-France;France;Strasbourg;Strasbourg;Grand Est;1.84;TGV/Intercités
1387;2020;France;Paris Saint-Lazare;Paris;Île-de-France;France;Paris Gare du Nord;Paris;Île-de-France;0.46;TGV/Intercités
1388;2020;France;Paris Saint-Lazare;Paris;Île-de-France;France;Paris Gare de Lyon;Paris;Île-de-France;0.47;TGV/Intercités
1389;2020;France;Paris Saint-Lazare;Paris;Île-de-France;France;Paris Montparnasse;Paris;Île-de-France;0.37;TGV/Intercités
1390;2020;France;Paris Saint-Lazare;Paris;Île-de-France;France;Paris Est;Paris;Île-de-France;0.37;TGV/Intercités
1391;2020;France;Paris Saint-Lazare;Paris;Île-de-France;France;Paris Austerlitz;Paris;Île-de-France;0.36;TGV/Intercités
1392;2020;France;Paris Saint-Lazare;Paris;Île-de-France;France;Lyon Part-Dieu;Lyon;Auvergne-Rhône-Alpes;2.97;TGV/Intercités
1393;2020;France;Paris Saint-Lazare;Paris;Île-de-France;France;Lyon Perrache;Lyon;Auvergne-Rhône-Alpes;3.41;TGV/Intercités
1394;2020;France;Paris Saint-Lazare;Paris;Île-de-France;France;Marseille Saint-Charles;Marseille;Provence-Alpes-Côte d'Azur;2.7;TGV/Intercités
1395;2020;France;Paris Saint-Lazare;Paris;Île-de-France;France;Lille Flandres;Lille;Hauts-de-France;3.02;TGV/Intercités
1396;2020;France;Paris Saint-Lazare;Paris;Île-de-France;France;Lille Europe;Lille;Hauts-de-France;3.01;TGV/Intercités
1397;2020;France;Paris Saint-Lazare;Paris;Île-de-France;France;Bordeaux Saint-Jean;Bordeaux;Nouvelle-Aquitaine;2.11;TGV/Intercités
1398;2020;France;Paris Saint-Lazare;Paris;Île-de-France;France;Toulouse Matabiau;Toulouse;Occitanie;1.74;TGV/Intercités
1399;2020;France;Paris Saint-Lazare;Paris;Île-de-France;France;Nantes;Nantes;Pays de la Loire;1.67;TGV/Intercités
1400;2020;France;Paris Saint-Lazare;Paris;Île-de-France;France;Rennes;Rennes;Bretagne;1.6;TGV/Intercités
1401;2020;France;Paris Saint-Lazare;Paris;Île-de-France;France;Strasbourg;Strasbourg;Grand Est;1.58;TGV/Intercités
1402;2020;France;Paris Montparnasse;Paris;Île-de-France;France;Paris Gare du Nord;Paris;Île-de-France;0.45;TGV/Intercités
1403;2020;France;Paris Montparnasse;Paris;Île-de-France;France;Paris Gare de Lyon;Paris;Île-de-France;0.4;TGV/Intercités
1404;2020;France;Paris Montparnasse;Paris;Île-de-France;France;Paris Saint-Lazare;Paris;Île-de-France;0.4;TGV/Intercités
1405;2020;France;Paris Montparnasse;Paris;Île-de-France;France;Paris Est;Paris;Île-de-France;0.42;TGV/Intercités
1406;2020;France;Paris Montparnasse;Paris;Île-de-France;France;Paris Austerlitz;Paris;Île-de-France;0.38;TGV/Intercités
1407;2020;France;Paris Montparnasse;Paris;Île-de-France;France;Lyon Part-Dieu;Lyon;Auvergne-Rhône-Alpes;3.24;TGV/Intercités
1408;2020;France;Paris Montparnasse;Paris;Île-de-France;France;Lyon Perrache;Lyon;Auvergne-Rhône-Alpes;3.14;TGV/Intercités
1409;2020;France;Paris Montparnasse;Paris;Île-de-France;France;Marseille Saint-Charles;Marseille;Provence-Alpes-Côte d'Azur;2.83;TGV/Intercités
1410;2020;France;Paris Montparnasse;Paris;Île-de-France;France;Lille Flandres;Lille;Hauts-de-France;2.85;TGV/Intercités
1411;2020;France;Paris Montparnasse;Paris;Île-de-France;France;Lille Europe;Lille;Hauts-de-France;3.13;TGV/Intercités
1412;2020;France;Paris Montparnasse;Paris;Île-de-France;France;Bordeaux Saint-Jean;Bordeaux;Nouvelle-Aquitaine;2.29;TGV/Intercités
1413;2020;France;Paris Montparnasse;Paris;Île-de-France;France;Toulouse Matabiau;Toulouse;Occitanie;1.58;TGV/Intercités
1414;2020;France;Paris Montparnasse;Paris;Île-de-France;France;Nantes;Nantes;Pays de la Loire;1.79;TGV/Intercités
1415;2020;France;Paris Montparnasse;Paris;Île-de-France;France;Rennes;Rennes;Bretagne;1.63;TGV/Intercités
1416;2020;France;Paris Montparnasse;Paris;Île-de-France;France;Strasbourg;Strasbourg;Grand Est;1.63;TGV/Intercités
1417;2020;France;Paris Est;Paris;Île-de-France;France;Paris Gare du Nord;Paris;Île-de-France;0.46;TGV/Intercités
1418;2020;France;Paris Est;Paris;Île-de-France;France;Paris Gare de Lyon;Paris;Île-de-France;0.4;TGV/Intercités
1419;2020;France;Paris Est;Paris;Île-de-France;France;Paris Saint-Lazare;Paris;Île-de-France;0.43;TGV/Intercités
1420;2020;France;Paris Est;Paris;Île-de-France;France;Paris Montparnasse;Paris;Île-de-France;0.41;TGV/Intercités
1421;2020;France;Paris Est;Paris;Île-de-France;France;Paris Austerlitz;Paris;Île-de-France;0.47;TGV/Intercités
1422;2020;France;Paris Est;Paris;Île-de-France;France;Lyon Part-Dieu;Lyon;Auvergne-Rhône-Alpes;3.41;TGV/Intercités
1423;2020;France;Paris Est;Paris;Île-de-France;France;Lyon Perrache;Lyon;Auvergne-Rhône-Alpes;3.01;TGV/Intercités
1424;2020;France;Paris Est;Paris;Île-de-France;France;Marseille Saint-Charles;Marseille;Provence-Alpes-Côte d'Azur;2.73;TGV/Intercités
1425;2020;France;Paris Est;Paris;Île-de-France;France;Lille Flandres;Lille;Hauts-de-France;2.7;TGV/Intercités
1426;2020;France;Paris Est;Paris;Île-de-France;France;Lille Europe;Lille;Hauts-de-France;2.6;TGV/Intercités
1427;2020;France;Paris Est;Paris;Île-de-France;France;Bordeaux Saint-Jean;Bordeaux;Nouvelle-Aquitaine;1.89;TGV/Intercités
1428;2020;France;Paris Est;Paris;Île-de-France;France;Toulouse Matabiau;Toulouse;Occitanie;1.51;TGV/Intercités
1429;2020;France;Paris Est;Paris;Île-de-France;France;Nantes;Nantes;Pays de la Loire;1.49;TGV/Intercités
1430;2020;France;Paris Est;Paris;Île-de-France;France;Rennes;Rennes;Bretagne;1.71;TGV/Intercités
1431;2020;France;Paris Est;Paris;Île-de-France;France;Strasbourg;Strasbourg;Grand Est;1.86;TGV/Intercités
1432;2020;France;Paris Austerlitz;Paris;Île-de-France;France;Paris Gare du Nord;Paris;Île-de-France;0.46;TGV/Intercités
1433;2020;France;Paris Austerlitz;Paris;Île-de-France;France;Paris Gare de Lyon;Paris;Île-de-France;0.47;TGV/Intercités
1434;2020;France;Paris Austerlitz;Paris;Île-de-France;France;Paris Saint-Lazare;Paris;Île-de-France;0.42;TGV/Intercités
1435;2020;France;Paris Austerlitz;Paris;Île-de-France;France;Paris Montparnasse;Paris;Île-de-France;0.36;TGV/Intercités
1436;2020;France;Paris Austerlitz;Paris;Île-de-France;France;Paris Est;Paris;Île-de-France;0.44;TGV/Intercités
1437;2020;France;Paris Austerlitz;Paris;Île-de-France;France;Lyon Part-Dieu;Lyon;Auvergne-Rhône-Alpes;3.05;TGV/Intercités
1438;2020;France;Paris Austerlitz;Paris;Île-de-France;France;Lyon Perrache;Lyon;Auvergne-Rhône-Alpes;3.49;TGV/Intercités
1439;2020;France;Paris Austerlitz;Paris;Île-de-France;France;Marseille Saint-Charles;Marseille;Provence-Alpes-Côte d'Azur;2.27;TGV/Intercités
1440;2020;France;Paris Austerlitz;Paris;Île-de-France;France;Lille Flandres;Lille;Hauts-de-France;2.93;TGV/Intercités
1441;2020;France;Paris Austerlitz;Paris;Île-de-France;France;Lille Europe;Lille;Hauts-de-France;3.13;TGV/Intercités
1442;2020;France;Paris Austerlitz;Paris;Île-de-France;France;Bordeaux Saint-Jean;Bordeaux;Nouvelle-Aquitaine;2.37;TGV/Intercités
1443;2020;France;Paris Austerlitz;Paris;Île-de-France;France;Toulouse Matabiau;Toulouse;Occitanie;1.44;TGV/Intercités
1444;2020;France;Paris Austerlitz;Paris;Île-de-France;France;Nantes;Nantes;Pays de la Loire;1.48;TGV/Intercités
1445;2020;France;Paris Austerlitz;Paris;Île-de-France;France;Rennes;Rennes;Bretagne;1.69;TGV/Intercités
1446;2020;France;Paris Austerlitz;Paris;Île-de-France;France;Strasbourg;Strasbourg;Grand Est;1.49;TGV/Intercités
1447;2020;France;Lyon Part-Dieu;Lyon;Auvergne-Rhône-Alpes;France;Paris Gare du Nord;Paris;Île-de-France;3.49;TGV/Intercités
1448;2020;France;Lyon Part-Dieu;Lyon;Auvergne-Rhône-Alpes;France;Paris Gare de Lyon;Paris;Île-de-France;3.64;TGV/Intercités
1449;2020;France;Lyon Part-Dieu;Lyon;Auvergne-Rhône-Alpes;France;Paris Saint-Lazare;Paris;Île-de-France;3.62;TGV/Intercités
1450;2020;France;Lyon Part-Dieu;Lyon;Auvergne-Rhône-Alpes;France;Paris Montparnasse;Paris;Île-de-France;3.37;TGV/Intercités
1451;2020;France;Lyon Part-Dieu;Lyon;Auvergne-Rhône-Alpes;France;Paris Est;Paris;Île-de-France;2.92;TGV/Intercités
1452;2020;France;Lyon Part-Dieu;Lyon;Auvergne-Rhône-Alpes;France;Paris Austerlitz;Paris;Île-de-France;3.03;TGV/Intercités
1453;2020;France;Lyon Part-Dieu;Lyon;Auvergne-Rhône-Alpes;France;Lyon Perrache;Lyon;Auvergne-Rhône-Alpes;0.37;TER/Intercités
1454;2020;France;Lyon Part-Dieu;Lyon;Auvergne-Rhône-Alpes;France;Marseille Saint-Charles;Marseille;Provence-Alpes-Côte d'Azur;0.43;TER/Intercités
1455;2020;France;Lyon Part-Dieu;Lyon;Auvergne-Rhône-Alpes;France;Lille Flandres;Lille;Hauts-de-France;0.4;TER/Intercités
1456;2020;France;Lyon Part-Dieu;Lyon;Auvergne-Rhône-Alpes;France;Lille Europe;Lille;Hauts-de-France;0.39;TER/Intercités
1457;2020;France;Lyon Part-Dieu;Lyon;Auvergne-Rhône-Alpes;France;Bordeaux Saint-Jean;Bordeaux;Nouvelle-Aquitaine;0.39;TER/Intercités
1458;2020;France;Lyon Part-Dieu;Lyon;Auvergne-Rhône-Alpes;France;Toulouse Matabiau;Toulouse;Occitanie;0.42;TER/Intercités
1459;2020;France;Lyon Part-Dieu;Lyon;Auvergne-Rhône-Alpes;France;Nantes;Nantes;Pays de la Loire;0.4;TER/Intercités
1460;2020;France;Lyon Part-Dieu;Lyon;Auvergne-Rhône-Alpes;France;Rennes;Rennes;Bretagne;0.39;TER/Intercités
1461;2020;France;Lyon Part-Dieu;Lyon;Auvergne-Rhône-Alpes;France;Strasbourg;Strasbourg;Grand Est;0.43;TER/Intercités
1462;2020;France;Lyon Perrache;Lyon;Auvergne-Rhône-Alpes;France;Paris Gare du Nord;Paris;Île-de-France;3.56;TGV/Intercités
1463;2020;France;Lyon Perrache;Lyon;Auvergne-Rhône-Alpes;France;Paris Gare de Lyon;Paris;Île-de-France;3.38;TGV/Intercités
1464;2020;France;Lyon Perrache;Lyon;Auvergne-Rhône-Alpes;France;Paris Saint-Lazare;Paris;Île-de-France;3.15;TGV/Intercités
1465;2020;France;Lyon Perrache;Lyon;Auvergne-Rhône-Alpes;France;Paris Montparnasse;Paris;Île-de-France;3.07;TGV/Intercités
1466;2020;France;Lyon Perrache;Lyon;Auvergne-Rhône-Alpes;France;Paris Est;Paris;Île-de-France;3.14;TGV/Intercités
1467;2020;France;Lyon Perrache;Lyon;Auvergne-Rhône-Alpes;France;Paris Austerlitz;Paris;Île-de-France;3.08;TGV/Intercités
1468;2020;France;Lyon Perrache;Lyon;Auvergne-Rhône-Alpes;France;Lyon Part-Dieu;Lyon;Auvergne-Rhône-Alpes;0.4;TER/Intercités
1469;2020;France;Lyon Perrache;Lyon;Auvergne-Rhône-Alpes;France;Marseille Saint-Charles;Marseille;Provence-Alpes-Côte d'Azur;0.47;TER/Intercités
1470;2020;France;Lyon Perrache;Lyon;Auvergne-Rhône-Alpes;France;Lille Flandres;Lille;Hauts-de-France;0.37;TER/Intercités
1471;2020;France;Lyon Perrache;Lyon;Auvergne-Rhône-Alpes;France;Lille Europe;Lille;Hauts-de-France;0.44;TER/Intercités
1472;2020;France;Lyon Perrache;Lyon;Auvergne-Rhône-Alpes;France;Bordeaux Saint-Jean;Bordeaux;Nouvelle-Aquitaine;0.45;TER/Intercités
1473;2020;France;Lyon Perrache;Lyon;Auvergne-Rhône-Alpes;France;Toulouse Matabiau;Toulouse;Occitanie;0.41;TER/Intercités
1474;2020;France;Lyon Perrache;Lyon;Auvergne-Rhône-Alpes;France;Nantes;Nantes;Pays de la Loire;0.43;TER/Intercités
1475;2020;France;Lyon Perrache;Lyon;Auvergne-Rhône-Alpes;France;Rennes;Rennes;Bretagne;0.38;TER/Intercités
1476;2020;France;Lyon Perrache;Lyon;Auvergne-Rhône-Alpes;France;Strasbourg;Strasbourg;Grand Est;0.44;TER/Intercités
1477;2020;France;Marseille Saint-Charles;Marseille;Provence-Alpes-Côte d'Azur;France;Paris Gare du Nord;Paris;Île-de-France;2.68;TGV/Intercités
1478;2020;France;Marseille Saint-Charles;Marseille;Provence-Alpes-Côte d'Azur;France;Paris Gare de Lyon;Paris;Île-de-France;2.57;TGV/Intercités
1479;2020;France;Marseille Saint-Charles;Marseille;Provence-Alpes-Côte d'Azur;France;Paris Saint-Lazare;Paris;Île-de-France;2.57;TGV/Intercités
1480;2020;France;Marseille Saint-Charles;Marseille;Provence-Alpes-Côte d'Azur;France;Paris Montparnasse;Paris;Île-de-France;2.16;TGV/Intercités
1481;2020;France;Marseille Saint-Charles;Marseille;Provence-Alpes-Côte d'Azur;France;Paris Est;Paris;Île-de-France;2.52;TGV/Intercités
1482;2020;France;Marseille Saint-Charles;Marseille;Provence-Alpes-Côte d'Azur;France;Paris Austerlitz;Paris;Île-de-France;2.67;TGV/Intercités
1483;2020;France;Marseille Saint-Charles;Marseille;Provence-Alpes-Côte d'Azur;France;Lyon Part-Dieu;Lyon;Auvergne-Rhône-Alpes;0.42;TER/Intercités
1484;2020;France;Marseille Saint-Charles;Marseille;Provence-Alpes-Côte d'Azur;France;Lyon Perrache;Lyon;Auvergne-Rhône-Alpes;0.36;TER/Intercités
1485;2020;France;Marseille Saint-Charles;Marseille;Provence-Alpes-Côte d'Azur;France;Lille Flandres;Lille;Hauts-de-France;0.4;TER/Intercités
1486;2020;France;Marseille Saint-Charles;Marseille;Provence-Alpes-Côte d'Azur;France;Lille Europe;Lille;Hauts-de-France;0.44;TER/Intercités
1487;2020;France;Marseille Saint-Charles;Marseille;Provence-Alpes-Côte d'Azur;France;Bordeaux Saint-Jean;Bordeaux;Nouvelle-Aquitaine;0.43;TER/Intercités
1488;2020;France;Marseille Saint-Charles;Marseille;Provence-Alpes-Côte d'Azur;France;Toulouse Matabiau;Toulouse;Occitanie;0.4;TER/Intercités
1489;2020;France;Marseille Saint-Charles;Marseille;Provence-Alpes-Côte d'Azur;France;Nantes;Nantes;Pays de la Loire;0.46;TER/Intercités
1490;2020;France;Marseille Saint-Charles;Marseille;Provence-Alpes-Côte d'Azur;France;Rennes;Rennes;Bretagne;0.41;TER/Intercités
1491;2020;France;Marseille Saint-Charles;Marseille;Provence-Alpes-Côte d'Azur;France;Strasbourg;Strasbourg;Grand Est;0.43;TER/Intercités
1492;2020;France;Lille Flandres;Lille;Hauts-de-France;France;Paris Gare du Nord;Paris;Île-de-France;3.04;TGV/Intercités
1493;2020;France;Lille Flandres;Lille;Hauts-de-France;France;Paris Gare de Lyon;Paris;Île-de-France;2.64;TGV/Intercités
1494;2020;France;Lille Flandres;Lille;Hauts-de-France;France;Paris Saint-Lazare;Paris;Île-de-France;3.06;TGV/Intercités
1495;2020;France;Lille Flandres;Lille;Hauts-de-France;France;Paris Montparnasse;Paris;Île-de-France;3.05;TGV/Intercités
1496;2020;France;Lille Flandres;Lille;Hauts-de-France;France;Paris Est;Paris;Île-de-France;3.29;TGV/Intercités
1497;2020;France;Lille Flandres;Lille;Hauts-de-France;France;Paris Austerlitz;Paris;Île-de-France;3.04;TGV/Intercités
1498;2020;France;Lille Flandres;Lille;Hauts-de-France;France;Lyon Part-Dieu;Lyon;Auvergne-Rhône-Alpes;0.39;TER/Intercités
1499;2020;France;Lille Flandres;Lille;Hauts-de-France;France;Lyon Perrache;Lyon;Auvergne-Rhône-Alpes;0.43;TER/Intercités
1500;2020;France;Lille Flandres;Lille;Hauts-de-France;France;Marseille Saint-Charles;Marseille;Provence-Alpes-Côte d'Azur;0.43;TER/Intercités
1501;2020;France;Lille Flandres;Lille;Hauts-de-France;France;Lille Europe;Lille;Hauts-de-France;0.38;TER/Intercités
1502;2020;France;Lille Flandres;Lille;Hauts-de-France;France;Bordeaux Saint-Jean;Bordeaux;Nouvelle-Aquitaine;0.47;TER/Intercités
1503;2020;France;Lille Flandres;Lille;Hauts-de-France;France;Toulouse Matabiau;Toulouse;Occitanie;0.38;TER/Intercités
1504;2020;France;Lille Flandres;Lille;Hauts-de-France;France;Nantes;Nantes;Pays de la Loire;0.48;TER/Intercités
1505;2020;France;Lille Flandres;Lille;Hauts-de-France;France;Rennes;Rennes;Bretagne;0.38;TER/Intercités
1506;2020;France;Lille Flandres;Lille;Hauts-de-France;France;Strasbourg;Strasbourg;Grand Est;0.45;TER/Intercités
1507;2020;France;Lille Europe;Lille;Hauts-de-France;France;Paris Gare du Nord;Paris;Île-de-France;2.51;TGV/Intercités
1508;2020;France;Lille Europe;Lille;Hauts-de-France;France;Paris Gare de Lyon;Paris;Île-de-France;3.02;TGV/Intercités
1509;2020;France;Lille Europe;Lille;Hauts-de-France;France;Paris Saint-Lazare;Paris;Île-de-France;3.32;TGV/Intercités
1510;2020;France;Lille Europe;Lille;Hauts-de-France;France;Paris Montparnasse;Paris;Île-de-France;3.12;TGV/Intercités
1511;2020;France;Lille Europe;Lille;Hauts-de-France;France;Paris Est;Paris;Île-de-France;2.6;TGV/Intercités
1512;2020;France;Lille Europe;Lille;Hauts-de-France;France;Paris Austerlitz;Paris;Île-de-France;2.95;TGV/Intercités
1513;2020;France;Lille Europe;Lille;Hauts-de-France;France;Lyon Part-Dieu;Lyon;Auvergne-Rhône-Alpes;0.45;TER/Intercités
1514;2020;France;Lille Europe;Lille;Hauts-de-France;France;Lyon Perrache;Lyon;Auvergne-Rhône-Alpes;0.47;TER/Intercités
1515;2020;France;Lille Europe;Lille;Hauts-de-France;France;Marseille Saint-Charles;Marseille;Provence-Alpes-Côte d'Azur;0.39;TER/Intercités
1516;2020;France;Lille Europe;Lille;Hauts-de-France;France;Lille Flandres;Lille;Hauts-de-France;0.4;TER/Intercités
1517;2020;France;Lille Europe;Lille;Hauts-de-France;France;Bordeaux Saint-Jean;Bordeaux;Nouvelle-Aquitaine;0.43;TER/Intercités
1518;2020;France;Lille Europe;Lille;Hauts-de-France;France;Toulouse Matabiau;Toulouse;Occitanie;0.46;TER/Intercités
1519;2020;France;Lille Europe;Lille;Hauts-de-France;France;Nantes;Nantes;Pays de la Loire;0.4;TER/Intercités
1520;2020;France;Lille Europe;Lille;Hauts-de-France;France;Rennes;Rennes;Bretagne;0.47;TER/Intercités
1521;2020;France;Lille Europe;Lille;Hauts-de-France;France;Strasbourg;Strasbourg;Grand Est;0.4;TER/Intercités
1522;2020;France;Bordeaux Saint-Jean;Bordeaux;Nouvelle-Aquitaine;France;Paris Gare du Nord;Paris;Île-de-France;2.06;TGV/Intercités
1523;2020;France;Bordeaux Saint-Jean;Bordeaux;Nouvelle-Aquitaine;France;Paris Gare de Lyon;Paris;Île-de-France;2.34;TGV/Intercités
1524;2020;France;Bordeaux Saint-Jean;Bordeaux;Nouvelle-Aquitaine;France;Paris Saint-Lazare;Paris;Île-de-France;1.93;TGV/Intercités
1525;2020;France;Bordeaux Saint-Jean;Bordeaux;Nouvelle-Aquitaine;France;Paris Montparnasse;Paris;Île-de-France;2.28;TGV/Intercités
1526;2020;France;Bordeaux Saint-Jean;Bordeaux;Nouvelle-Aquitaine;France;Paris Est;Paris;Île-de-France;1.86;TGV/Intercités
1527;2020;France;Bordeaux Saint-Jean;Bordeaux;Nouvelle-Aquitaine;France;Paris Austerlitz;Paris;Île-de-France;2.02;TGV/Intercités
1528;2020;France;Bordeaux Saint-Jean;Bordeaux;Nouvelle-Aquitaine;France;Lyon Part-Dieu;Lyon;Auvergne-Rhône-Alpes;0.43;TER/Intercités
1529;2020;France;Bordeaux Saint-Jean;Bordeaux;Nouvelle-Aquitaine;France;Lyon Perrache;Lyon;Auvergne-Rhône-Alpes;0.36;TER/Intercités
1530;2020;France;Bordeaux Saint-Jean;Bordeaux;Nouvelle-Aquitaine;France;Marseille Saint-Charles;Marseille;Provence-Alpes-Côte d'Azur;0.37;TER/Intercités
1531;2020;France;Bordeaux Saint-Jean;Bordeaux;Nouvelle-Aquitaine;France;Lille Flandres;Lille;Hauts-de-France;0.4;TER/Intercités
1532;2020;France;Bordeaux Saint-Jean;Bordeaux;Nouvelle-Aquitaine;France;Lille Europe;Lille;Hauts-de-France;0.36;TER/Intercités
1533;2020;France;Bordeaux Saint-Jean;Bordeaux;Nouvelle-Aquitaine;France;Toulouse Matabiau;Toulouse;Occitanie;0.42;TER/Intercités
1534;2020;France;Bordeaux Saint-Jean;Bordeaux;Nouvelle-Aquitaine;France;Nantes;Nantes;Pays de la Loire;0.41;TER/Intercités
1535;2020;France;Bordeaux Saint-Jean;Bordeaux;Nouvelle-Aquitaine;France;Rennes;Rennes;Bretagne;0.44;TER/Intercités
1536;2020;France;Bordeaux Saint-Jean;Bordeaux;Nouvelle-Aquitaine;France;Strasbourg;Strasbourg;Grand Est;0.39;TER/Intercités
1537;2020;France;Toulouse Matabiau;Toulouse;Occitanie;France;Paris Gare du Nord;Paris;Île-de-France;1.71;TGV/Intercités
1538;2020;France;Toulouse Matabiau;Toulouse;Occitanie;France;Paris Gare de Lyon;Paris;Île-de-France;1.83;TGV/Intercités
1539;2020;France;Toulouse Matabiau;Toulouse;Occitanie;France;Paris Saint-Lazare;Paris;Île-de-France;1.58;TGV/Intercités
1540;2020;France;Toulouse Matabiau;Toulouse;Occitanie;France;Paris Montparnasse;Paris;Île-de-France;1.76;TGV/Intercités
1541;2020;France;Toulouse Matabiau;Toulouse;Occitanie;France;Paris Est;Paris;Île-de-France;1.7;TGV/Intercités
1542;2020;France;Toulouse Matabiau;Toulouse;Occitanie;France;Paris Austerlitz;Paris;Île-de-France;1.44;TGV/Intercités
1543;2020;France;Toulouse Matabiau;Toulouse;Occitanie;France;Lyon Part-Dieu;Lyon;Auvergne-Rhône-Alpes;0.46;TER/Intercités
1544;2020;France;Toulouse Matabiau;Toulouse;Occitanie;France;Lyon Perrache;Lyon;Auvergne-Rhône-Alpes;0.36;TER/Intercités
1545;2020;France;Toulouse Matabiau;Toulouse;Occitanie;France;Marseille Saint-Charles;Marseille;Provence-Alpes-Côte d'Azur;0.47;TER/Intercités
1546;2020;France;Toulouse Matabiau;Toulouse;Occitanie;France;Lille Flandres;Lille;Hauts-de-France;0.44;TER/Intercités
1547;2020;France;Toulouse Matabiau;Toulouse;Occitanie;France;Lille Europe;Lille;Hauts-de-France;0.46;TER/Intercités
1548;2020;France;Toulouse Matabiau;Toulouse;Occitanie;France;Bordeaux Saint-Jean;Bordeaux;Nouvelle-Aquitaine;0.44;TER/Intercités
1549;2020;France;Toulouse Matabiau;Toulouse;Occitanie;France;Nantes;Nantes;Pays de la Loire;0.47;TER/Intercités
1550;2020;France;Toulouse Matabiau;Toulouse;Occitanie;France;Rennes;Rennes;Bretagne;0.38;TER/Intercités
1551;2020;France;Toulouse Matabiau;Toulouse;Occitanie;France;Strasbourg;Strasbourg;Grand Est;0.43;TER/Intercités
1552;2020;France;Nantes;Nantes;Pays de la Loire;France;Paris Gare du Nord;Paris;Île-de-France;1.82;TGV/Intercités
1553;2020;France;Nantes;Nantes;Pays de la Loire;France;Paris Gare de Lyon;Paris;Île-de-France;1.91;TGV/Intercités
1554;2020;France;Nantes;Nantes;Pays de la Loire;France;Paris Saint-Lazare;Paris;Île-de-France;1.53;TGV/Intercités
1555;2020;France;Nantes;Nantes;Pays de la Loire;France;Paris Montparnasse;Paris;Île-de-France;1.53;TGV/Intercités
1556;2020;France;Nantes;Nantes;Pays de la Loire;France;Paris Est;Paris;Île-de-France;1.84;TGV/Intercités
1557;2020;France;Nantes;Nantes;Pays de la Loire;France;Paris Austerlitz;Paris;Île-de-France;1.59;TGV/Intercités
1558;2020;France;Nantes;Nantes;Pays de la Loire;France;Lyon Part-Dieu;Lyon;Auvergne-Rhône-Alpes;0.38;TER/Intercités
1559;2020;France;Nantes;Nantes;Pays de la Loire;France;Lyon Perrache;Lyon;Auvergne-Rhône-Alpes;0.41;TER/Intercités
1560;2020;France;Nantes;Nantes;Pays de la Loire;France;Marseille Saint-Charles;Marseille;Provence-Alpes-Côte d'Azur;0.47;TER/Intercités
1561;2020;France;Nantes;Nantes;Pays de la Loire;France;Lille Flandres;Lille;Hauts-de-France;0.43;TER/Intercités
1562;2020;France;Nantes;Nantes;Pays de la Loire;France;Lille Europe;Lille;Hauts-de-France;0.44;TER/Intercités
1563;2020;France;Nantes;Nantes;Pays de la Loire;France;Bordeaux Saint-Jean;Bordeaux;Nouvelle-Aquitaine;0.37;TER/Intercités
1564;2020;France;Nantes;Nantes;Pays de la Loire;France;Toulouse Matabiau;Toulouse;Occitanie;0.41;TER/Intercités
1565;2020;France;Nantes;Nantes;Pays de la Loire;France;Rennes;Rennes;Bretagne;0.37;TER/Intercités
1566;2020;France;Nantes;Nantes;Pays de la Loire;France;Strasbourg;Strasbourg;Grand Est;0.47;TER/Intercités
1567;2020;France;Rennes;Rennes;Bretagne;France;Paris Gare du Nord;Paris;Île-de-France;1.6;TGV/Intercités
1568;2020;France;Rennes;Rennes;Bretagne;France;Paris Gare de Lyon;Paris;Île-de-France;1.45;TGV/Intercités
1569;2020;France;Rennes;Rennes;Bretagne;France;Paris Saint-Lazare;Paris;Île-de-France;1.79;TGV/Intercités
1570;2020;France;Rennes;Rennes;Bretagne;France;Paris Montparnasse;Paris;Île-de-France;1.6;TGV/Intercités
1571;2020;France;Rennes;Rennes;Bretagne;France;Paris Est;Paris;Île-de-France;1.44;TGV/Intercités
1572;2020;France;Rennes;Rennes;Bretagne;France;Paris Austerlitz;Paris;Île-de-France;1.5;TGV/Intercités
1573;2020;France;Rennes;Rennes;Bretagne;France;Lyon Part-Dieu;Lyon;Auvergne-Rhône-Alpes;0.47;TER/Intercités
1574;2020;France;Rennes;Rennes;Bretagne;France;Lyon Perrache;Lyon;Auvergne-Rhône-Alpes;0.36;TER/Intercités
1575;2020;France;Rennes;Rennes;Bretagne;France;Marseille Saint-Charles;Marseille;Provence-Alpes-Côte d'Azur;0.42;TER/Intercités
1576;2020;France;Rennes;Rennes;Bretagne;France;Lille Flandres;Lille;Hauts-de-France;0.45;TER/Intercités
1577;2020;France;Rennes;Rennes;Bretagne;France;Lille Europe;Lille;Hauts-de-France;0.46;TER/Intercités
1578;2020;France;Rennes;Rennes;Bretagne;France;Bordeaux Saint-Jean;Bordeaux;Nouvelle-Aquitaine;0.46;TER/Intercités
1579;2020;France;Rennes;Rennes;Bretagne;France;Toulouse Matabiau;Toulouse;Occitanie;0.46;TER/Intercités
1580;2020;France;Rennes;Rennes;Bretagne;France;Nantes;Nantes;Pays de la Loire;0.44;TER/Intercités
1581;2020;France;Rennes;Rennes;Bretagne;France;Strasbourg;Strasbourg;Grand Est;0.44;TER/Intercités
1582;2020;France;Strasbourg;Strasbourg;Grand Est;France;Paris Gare du Nord;Paris;Île-de-France;1.91;TGV/Intercités
1583;2020;France;Strasbourg;Strasbourg;Grand Est;France;Paris Gare de Lyon;Paris;Île-de-France;1.87;TGV/Intercités
1584;2020;France;Strasbourg;Strasbourg;Grand Est;France;Paris Saint-Lazare;Paris;Île-de-France;1.86;TGV/Intercités
1585;2020;France;Strasbourg;Strasbourg;Grand Est;France;Paris Montparnasse;Paris;Île-de-France;1.43;TGV/Intercités
1586;2020;France;Strasbourg;Strasbourg;Grand Est;France;Paris Est;Paris;Île-de-France;1.89;TGV/Intercités
1587;2020;France;Strasbourg;Strasbourg;Grand Est;France;Paris Austerlitz;Paris;Île-de-France;1.79;TGV/Intercités
1588;2020;France;Strasbourg;Strasbourg;Grand Est;France;Lyon Part-Dieu;Lyon;Auvergne-Rhône-Alpes;0.37;TER/Intercités
1589;2020;France;Strasbourg;Strasbourg;Grand Est;France;Lyon Perrache;Lyon;Auvergne-Rhône-Alpes;0.44;TER/Intercités
1590;2020;France;Strasbourg;Strasbourg;Grand Est;France;Marseille Saint-Charles;Marseille;Provence-Alpes-Côte d'Azur;0.45;TER/Intercités
1591;2020;France;Strasbourg;Strasbourg;Grand Est;France;Lille Flandres;Lille;Hauts-de-France;0.45;TER/Intercités
1592;2020;France;Strasbourg;Strasbourg;Grand Est;France;Lille Europe;Lille;Hauts-de-France;0.39;TER/Intercités
1593;2020;France;Strasbourg;Strasbourg;Grand Est;France;Bordeaux Saint-Jean;Bordeaux;Nouvelle-Aquitaine;0.46;TER/Intercités
1594;2020;France;Strasbourg;Strasbourg;Grand Est;France;Toulouse Matabiau;Toulouse;Occitanie;0.46;TER/Intercités
1595;2020;France;Strasbourg;Strasbourg;Grand Est;France;Nantes;Nantes;Pays de la Loire;0.45;TER/Intercités
1596;2020;France;Strasbourg;Strasbourg;Grand Est;France;Rennes;Rennes;Bretagne;0.37;TER/Intercités
1597;2021;France;Paris Gare du Nord;Paris;Île-de-France;France;Paris Gare de Lyon;Paris;Île-de-France;0.78;TGV/Intercités
1598;2021;France;Paris Gare du Nord;Paris;Île-de-France;France;Paris Saint-Lazare;Paris;Île-de-France;0.75;TGV/Intercités
1599;2021;France;Paris Gare du Nord;Paris;Île-de-France;France;Paris Montparnasse;Paris;Île-de-France;0.66;TGV/Intercités
1600;2021;France;Paris Gare du Nord;Paris;Île-de-France;France;Paris Est;Paris;Île-de-France;0.77;TGV/Intercités
1601;2021;France;Paris Gare du Nord;Paris;Île-de-France;France;Paris Austerlitz;Paris;Île-de-France;0.75;TGV/Intercités
1602;2021;France;Paris Gare du Nord;Paris;Île-de-France;France;Lyon Part-Dieu;Lyon;Auvergne-Rhône-Alpes;6.18;TGV/Intercités
1603;2021;France;Paris Gare du Nord;Paris;Île-de-France;France;Lyon Perrache;Lyon;Auvergne-Rhône-Alpes;5.57;TGV/Intercités
1604;2021;France;Paris Gare du Nord;Paris;Île-de-France;France;Marseille Saint-Charles;Marseille;Provence-Alpes-Côte d'Azur;3.9;TGV/Intercités
1605;2021;France;Paris Gare du Nord;Paris;Île-de-France;France;Lille Flandres;Lille;Hauts-de-France;4.76;TGV/Intercités
1606;2021;France;Paris Gare du Nord;Paris;Île-de-France;France;Lille Europe;Lille;Hauts-de-France;5.24;TGV/Intercités
1607;2021;France;Paris Gare du Nord;Paris;Île-de-France;France;Bordeaux Saint-Jean;Bordeaux;Nouvelle-Aquitaine;4.03;TGV/Intercités
1608;2021;France;Paris Gare du Nord;Paris;Île-de-France;France;Toulouse Matabiau;Toulouse;Occitanie;2.51;TGV/Intercités
1609;2021;France;Paris Gare du Nord;Paris;Île-de-France;France;Nantes;Nantes;Pays de la Loire;2.53;TGV/Intercités
1610;2021;France;Paris Gare du Nord;Paris;Île-de-France;France;Rennes;Rennes;Bretagne;2.81;TGV/Intercités
1611;2021;France;Paris Gare du Nord;Paris;Île-de-France;France;Strasbourg;Strasbourg;Grand Est;2.75;TGV/Intercités
1612;2021;France;Paris Gare de Lyon;Paris;Île-de-France;France;Paris Gare du Nord;Paris;Île-de-France;0.7;TGV/Intercités
1613;2021;France;Paris Gare de Lyon;Paris;Île-de-France;France;Paris Saint-Lazare;Paris;Île-de-France;0.68;TGV/Intercités
1614;2021;France;Paris Gare de Lyon;Paris;Île-de-France;France;Paris Montparnasse;Paris;Île-de-France;0.65;TGV/Intercités
1615;2021;France;Paris Gare de Lyon;Paris;Île-de-France;France;Paris Est;Paris;Île-de-France;0.65;TGV/Intercités
1616;2021;France;Paris Gare de Lyon;Paris;Île-de-France;France;Paris Austerlitz;Paris;Île-de-France;0.73;TGV/Intercités
1617;2021;France;Paris Gare de Lyon;Paris;Île-de-France;France;Lyon Part-Dieu;Lyon;Auvergne-Rhône-Alpes;6.01;TGV/Intercités
1618;2021;France;Paris Gare de Lyon;Paris;Île-de-France;France;Lyon Perrache;Lyon;Auvergne-Rhône-Alpes;6.42;TGV/Intercités
1619;2021;France;Paris Gare de Lyon;Paris;Île-de-France;France;Marseille Saint-Charles;Marseille;Provence-Alpes-Côte d'Azur;4.59;TGV/Intercités
1620;2021;France;Paris Gare de Lyon;Paris;Île-de-France;France;Lille Flandres;Lille;Hauts-de-France;4.82;TGV/Intercités
1621;2021;France;Paris Gare de Lyon;Paris;Île-de-France;France;Lille Europe;Lille;Hauts-de-France;4.7;TGV/Intercités
1622;2021;France;Paris Gare de Lyon;Paris;Île-de-France;France;Bordeaux Saint-Jean;Bordeaux;Nouvelle-Aquitaine;3.15;TGV/Intercités
1623;2021;France;Paris Gare de Lyon;Paris;Île-de-France;France;Toulouse Matabiau;Toulouse;Occitanie;3.11;TGV/Intercités
1624;2021;France;Paris Gare de Lyon;Paris;Île-de-France;France;Nantes;Nantes;Pays de la Loire;2.65;TGV/Intercités
1625;2021;France;Paris Gare de Lyon;Paris;Île-de-France;France;Rennes;Rennes;Bretagne;2.99;TGV/Intercités
1626;2021;France;Paris Gare de Lyon;Paris;Île-de-France;France;Strasbourg;Strasbourg;Grand Est;3.1;TGV/Intercités
1627;2021;France;Paris Saint-Lazare;Paris;Île-de-France;France;Paris Gare du Nord;Paris;Île-de-France;0.68;TGV/Intercités
1628;2021;France;Paris Saint-Lazare;Paris;Île-de-France;France;Paris Gare de Lyon;Paris;Île-de-France;0.77;TGV/Intercités
1629;2021;France;Paris Saint-Lazare;Paris;Île-de-France;France;Paris Montparnasse;Paris;Île-de-France;0.63;TGV/Intercités
1630;2021;France;Paris Saint-Lazare;Paris;Île-de-France;France;Paris Est;Paris;Île-de-France;0.84;TGV/Intercités
1631;2021;France;Paris Saint-Lazare;Paris;Île-de-France;France;Paris Austerlitz;Paris;Île-de-France;0.76;TGV/Intercités
1632;2021;France;Paris Saint-Lazare;Paris;Île-de-France;France;Lyon Part-Dieu;Lyon;Auvergne-Rhône-Alpes;5.6;TGV/Intercités
1633;2021;France;Paris Saint-Lazare;Paris;Île-de-France;France;Lyon Perrache;Lyon;Auvergne-Rhône-Alpes;5.88;TGV/Intercités
1634;2021;France;Paris Saint-Lazare;Paris;Île-de-France;France;Marseille Saint-Charles;Marseille;Provence-Alpes-Côte d'Azur;5.0;TGV/Intercités
1635;2021;France;Paris Saint-Lazare;Paris;Île-de-France;France;Lille Flandres;Lille;Hauts-de-France;5.1;TGV/Intercités
1636;2021;France;Paris Saint-Lazare;Paris;Île-de-France;France;Lille Europe;Lille;Hauts-de-France;4.84;TGV/Intercités
1637;2021;France;Paris Saint-Lazare;Paris;Île-de-France;France;Bordeaux Saint-Jean;Bordeaux;Nouvelle-Aquitaine;4.12;TGV/Intercités
1638;2021;France;Paris Saint-Lazare;Paris;Île-de-France;France;Toulouse Matabiau;Toulouse;Occitanie;3.31;TGV/Intercités
1639;2021;France;Paris Saint-Lazare;Paris;Île-de-France;France;Nantes;Nantes;Pays de la Loire;3.06;TGV/Intercités
1640;2021;France;Paris Saint-Lazare;Paris;Île-de-France;France;Rennes;Rennes;Bretagne;2.87;TGV/Intercités
1641;2021;France;Paris Saint-Lazare;Paris;Île-de-France;France;Strasbourg;Strasbourg;Grand Est;2.98;TGV/Intercités
1642;2021;France;Paris Montparnasse;Paris;Île-de-France;France;Paris Gare du Nord;Paris;Île-de-France;0.63;TGV/Intercités
1643;2021;France;Paris Montparnasse;Paris;Île-de-France;France;Paris Gare de Lyon;Paris;Île-de-France;0.81;TGV/Intercités
1644;2021;France;Paris Montparnasse;Paris;Île-de-France;France;Paris Saint-Lazare;Paris;Île-de-France;0.72;TGV/Intercités
1645;2021;France;Paris Montparnasse;Paris;Île-de-France;France;Paris Est;Paris;Île-de-France;0.81;TGV/Intercités
1646;2021;France;Paris Montparnasse;Paris;Île-de-France;France;Paris Austerlitz;Paris;Île-de-France;0.8;TGV/Intercités
1647;2021;France;Paris Montparnasse;Paris;Île-de-France;France;Lyon Part-Dieu;Lyon;Auvergne-Rhône-Alpes;5.19;TGV/Intercités
1648;2021;France;Paris Montparnasse;Paris;Île-de-France;France;Lyon Perrache;Lyon;Auvergne-Rhône-Alpes;5.56;TGV/Intercités
1649;2021;France;Paris Montparnasse;Paris;Île-de-France;France;Marseille Saint-Charles;Marseille;Provence-Alpes-Côte d'Azur;4.02;TGV/Intercités
1650;2021;France;Paris Montparnasse;Paris;Île-de-France;France;Lille Flandres;Lille;Hauts-de-France;4.59;TGV/Intercités
1651;2021;France;Paris Montparnasse;Paris;Île-de-France;France;Lille Europe;Lille;Hauts-de-France;5.87;TGV/Intercités
1652;2021;France;Paris Montparnasse;Paris;Île-de-France;France;Bordeaux Saint-Jean;Bordeaux;Nouvelle-Aquitaine;3.75;TGV/Intercités
1653;2021;France;Paris Montparnasse;Paris;Île-de-France;France;Toulouse Matabiau;Toulouse;Occitanie;2.9;TGV/Intercités
1654;2021;France;Paris Montparnasse;Paris;Île-de-France;France;Nantes;Nantes;Pays de la Loire;2.8;TGV/Intercités
1655;2021;France;Paris Montparnasse;Paris;Île-de-France;France;Rennes;Rennes;Bretagne;2.77;TGV/Intercités
1656;2021;France;Paris Montparnasse;Paris;Île-de-France;France;Strasbourg;Strasbourg;Grand Est;3.12;TGV/Intercités
1657;2021;France;Paris Est;Paris;Île-de-France;France;Paris Gare du Nord;Paris;Île-de-France;0.72;TGV/Intercités
1658;2021;France;Paris Est;Paris;Île-de-France;France;Paris Gare de Lyon;Paris;Île-de-France;0.63;TGV/Intercités
1659;2021;France;Paris Est;Paris;Île-de-France;France;Paris Saint-Lazare;Paris;Île-de-France;0.84;TGV/Intercités
1660;2021;France;Paris Est;Paris;Île-de-France;France;Paris Montparnasse;Paris;Île-de-France;0.66;TGV/Intercités
1661;2021;France;Paris Est;Paris;Île-de-France;France;Paris Austerlitz;Paris;Île-de-France;0.82;TGV/Intercités
1662;2021;France;Paris Est;Paris;Île-de-France;France;Lyon Part-Dieu;Lyon;Auvergne-Rhône-Alpes;5.02;TGV/Intercités
1663;2021;France;Paris Est;Paris;Île-de-France;France;Lyon Perrache;Lyon;Auvergne-Rhône-Alpes;5.75;TGV/Intercités
1664;2021;France;Paris Est;Paris;Île-de-France;France;Marseille Saint-Charles;Marseille;Provence-Alpes-Côte d'Azur;4.52;TGV/Intercités
1665;2021;France;Paris Est;Paris;Île-de-France;France;Lille Flandres;Lille;Hauts-de-France;5.27;TGV/Intercités
1666;2021;France;Paris Est;Paris;Île-de-France;France;Lille Europe;Lille;Hauts-de-France;4.48;TGV/Intercités
1667;2021;France;Paris Est;Paris;Île-de-France;France;Bordeaux Saint-Jean;Bordeaux;Nouvelle-Aquitaine;3.99;TGV/Intercités
1668;2021;France;Paris Est;Paris;Île-de-France;France;Toulouse Matabiau;Toulouse;Occitanie;3.27;TGV/Intercités
1669;2021;France;Paris Est;Paris;Île-de-France;France;Nantes;Nantes;Pays de la Loire;3.31;TGV/Intercités
1670;2021;France;Paris Est;Paris;Île-de-France;France;Rennes;Rennes;Bretagne;2.9;TGV/Intercités
1671;2021;France;Paris Est;Paris;Île-de-France;France;Strasbourg;Strasbourg;Grand Est;2.7;TGV/Intercités
1672;2021;France;Paris Austerlitz;Paris;Île-de-France;France;Paris Gare du Nord;Paris;Île-de-France;0.74;TGV/Intercités
1673;2021;France;Paris Austerlitz;Paris;Île-de-France;France;Paris Gare de Lyon;Paris;Île-de-France;0.84;TGV/Intercités
1674;2021;France;Paris Austerlitz;Paris;Île-de-France;France;Paris Saint-Lazare;Paris;Île-de-France;0.69;TGV/Intercités
1675;2021;France;Paris Austerlitz;Paris;Île-de-France;France;Paris Montparnasse;Paris;Île-de-France;0.68;TGV/Intercités
1676;2021;France;Paris Austerlitz;Paris;Île-de-France;France;Paris Est;Paris;Île-de-France;0.81;TGV/Intercités
1677;2021;France;Paris Austerlitz;Paris;Île-de-France;France;Lyon Part-Dieu;Lyon;Auvergne-Rhône-Alpes;5.89;TGV/Intercités
1678;2021;France;Paris Austerlitz;Paris;Île-de-France;France;Lyon Perrache;Lyon;Auvergne-Rhône-Alpes;6.3;TGV/Intercités
1679;2021;France;Paris Austerlitz;Paris;Île-de-France;France;Marseille Saint-Charles;Marseille;Provence-Alpes-Côte d'Azur;4.27;TGV/Intercités
1680;2021;France;Paris Austerlitz;Paris;Île-de-France;France;Lille Flandres;Lille;Hauts-de-France;4.94;TGV/Intercités
1681;2021;France;Paris Austerlitz;Paris;Île-de-France;France;Lille Europe;Lille;Hauts-de-France;5.79;TGV/Intercités
1682;2021;France;Paris Austerlitz;Paris;Île-de-France;France;Bordeaux Saint-Jean;Bordeaux;Nouvelle-Aquitaine;3.57;TGV/Intercités
1683;2021;France;Paris Austerlitz;Paris;Île-de-France;France;Toulouse Matabiau;Toulouse;Occitanie;2.81;TGV/Intercités
1684;2021;France;Paris Austerlitz;Paris;Île-de-France;France;Nantes;Nantes;Pays de la Loire;2.7;TGV/Intercités
1685;2021;France;Paris Austerlitz;Paris;Île-de-France;France;Rennes;Rennes;Bretagne;3.22;TGV/Intercités
1686;2021;France;Paris Austerlitz;Paris;Île-de-France;France;Strasbourg;Strasbourg;Grand Est;2.56;TGV/Intercités
1687;2021;France;Lyon Part-Dieu;Lyon;Auvergne-Rhône-Alpes;France;Paris Gare du Nord;Paris;Île-de-France;5.68;TGV/Intercités
1688;2021;France;Lyon Part-Dieu;Lyon;Auvergne-Rhône-Alpes;France;Paris Gare de Lyon;Paris;Île-de-France;6.58;TGV/Intercités
1689;2021;France;Lyon Part-Dieu;Lyon;Auvergne-Rhône-Alpes;France;Paris Saint-Lazare;Paris;Île-de-France;6.12;TGV/Intercités
1690;2021;France;Lyon Part-Dieu;Lyon;Auvergne-Rhône-Alpes;France;Paris Montparnasse;Paris;Île-de-France;6.66;TGV/Intercités
1691;2021;France;Lyon Part-Dieu;Lyon;Auvergne-Rhône-Alpes;France;Paris Est;Paris;Île-de-France;6.42;TGV/Intercités
1692;2021;France;Lyon Part-Dieu;Lyon;Auvergne-Rhône-Alpes;France;Paris Austerlitz;Paris;Île-de-France;5.81;TGV/Intercités
1693;2021;France;Lyon Part-Dieu;Lyon;Auvergne-Rhône-Alpes;France;Lyon Perrache;Lyon;Auvergne-Rhône-Alpes;0.81;TER/Intercités
1694;2021;France;Lyon Part-Dieu;Lyon;Auvergne-Rhône-Alpes;France;Marseille Saint-Charles;Marseille;Provence-Alpes-Côte d'Azur;0.7;TER/Intercités
1695;2021;France;Lyon Part-Dieu;Lyon;Auvergne-Rhône-Alpes;France;Lille Flandres;Lille;Hauts-de-France;0.78;TER/Intercités
1696;2021;France;Lyon Part-Dieu;Lyon;Auvergne-Rhône-Alpes;France;Lille Europe;Lille;Hauts-de-France;0.66;TER/Intercités
1697;2021;France;Lyon Part-Dieu;Lyon;Auvergne-Rhône-Alpes;France;Bordeaux Saint-Jean;Bordeaux;Nouvelle-Aquitaine;0.84;TER/Intercités
1698;2021;France;Lyon Part-Dieu;Lyon;Auvergne-Rhône-Alpes;France;Toulouse Matabiau;Toulouse;Occitanie;0.69;TER/Intercités
1699;2021;France;Lyon Part-Dieu;Lyon;Auvergne-Rhône-Alpes;France;Nantes;Nantes;Pays de la Loire;0.7;TER/Intercités
1700;2021;France;Lyon Part-Dieu;Lyon;Auvergne-Rhône-Alpes;France;Rennes;Rennes;Bretagne;0.66;TER/Intercités
1701;2021;France;Lyon Part-Dieu;Lyon;Auvergne-Rhône-Alpes;France;Strasbourg;Strasbourg;Grand Est;0.68;TER/Intercités
1702;2021;France;Lyon Perrache;Lyon;Auvergne-Rhône-Alpes;France;Paris Gare du Nord;Paris;Île-de-France;5.88;TGV/Intercités
1703;2021;France;Lyon Perrache;Lyon;Auvergne-Rhône-Alpes;France;Paris Gare de Lyon;Paris;Île-de-France;6.18;TGV/Intercités
1704;2021;France;Lyon Perrache;Lyon;Auvergne-Rhône-Alpes;France;Paris Saint-Lazare;Paris;Île-de-France;6.12;TGV/Intercités
1705;2021;France;Lyon Perrache;Lyon;Auvergne-Rhône-Alpes;France;Paris Montparnasse;Paris;Île-de-France;6.43;TGV/Intercités
1706;2021;France;Lyon Perrache;Lyon;Auvergne-Rhône-Alpes;France;Paris Est;Paris;Île-de-France;5.0;TGV/Intercités
1707;2021;France;Lyon Perrache;Lyon;Auvergne-Rhône-Alpes;France;Paris Austerlitz;Paris;Île-de-France;5.66;TGV/Intercités
1708;2021;France;Lyon Perrache;Lyon;Auvergne-Rhône-Alpes;France;Lyon Part-Dieu;Lyon;Auvergne-Rhône-Alpes;0.66;TER/Intercités
1709;2021;France;Lyon Perrache;Lyon;Auvergne-Rhône-Alpes;France;Marseille Saint-Charles;Marseille;Provence-Alpes-Côte d'Azur;0.7;TER/Intercités
1710;2021;France;Lyon Perrache;Lyon;Auvergne-Rhône-Alpes;France;Lille Flandres;Lille;Hauts-de-France;0.76;TER/Intercités
1711;2021;France;Lyon Perrache;Lyon;Auvergne-Rhône-Alpes;France;Lille Europe;Lille;Hauts-de-France;0.84;TER/Intercités
1712;2021;France;Lyon Perrache;Lyon;Auvergne-Rhône-Alpes;France;Bordeaux Saint-Jean;Bordeaux;Nouvelle-Aquitaine;0.81;TER/Intercités
1713;2021;France;Lyon Perrache;Lyon;Auvergne-Rhône-Alpes;France;Toulouse Matabiau;Toulouse;Occitanie;0.68;TER/Intercités
1714;2021;France;Lyon Perrache;Lyon;Auvergne-Rhône-Alpes;France;Nantes;Nantes;Pays de la Loire;0.7;TER/Intercités
1715;2021;France;Lyon Perrache;Lyon;Auvergne-Rhône-Alpes;France;Rennes;Rennes;Bretagne;0.84;TER/Intercités
1716;2021;France;Lyon Perrache;Lyon;Auvergne-Rhône-Alpes;France;Strasbourg;Strasbourg;Grand Est;0.81;TER/Intercités
1717;2021;France;Marseille Saint-Charles;Marseille;Provence-Alpes-Côte d'Azur;France;Paris Gare du Nord;Paris;Île-de-France;3.9;TGV/Intercités
1718;2021;France;Marseille Saint-Charles;Marseille;Provence-Alpes-Côte d'Azur;France;Paris Gare de Lyon;Paris;Île-de-France;4.16;TGV/Intercités
1719;2021;France;Marseille Saint-Charles;Marseille;Provence-Alpes-Côte d'Azur;France;Paris Saint-Lazare;Paris;Île-de-France;4.93;TGV/Intercités
1720;2021;France;Marseille Saint-Charles;Marseille;Provence-Alpes-Côte d'Azur;France;Paris Montparnasse;Paris;Île-de-France;5.07;TGV/Intercités
1721;2021;France;Marseille Saint-Charles;Marseille;Provence-Alpes-Côte d'Azur;France;Paris Est;Paris;Île-de-France;4.89;TGV/Intercités
1722;2021;France;Marseille Saint-Charles;Marseille;Provence-Alpes-Côte d'Azur;France;Paris Austerlitz;Paris;Île-de-France;4.0;TGV/Intercités
1723;2021;France;Marseille Saint-Charles;Marseille;Provence-Alpes-Côte d'Azur;France;Lyon Part-Dieu;Lyon;Auvergne-Rhône-Alpes;0.75;TER/Intercités
1724;2021;France;Marseille Saint-Charles;Marseille;Provence-Alpes-Côte d'Azur;France;Lyon Perrache;Lyon;Auvergne-Rhône-Alpes;0.78;TER/Intercités
1725;2021;France;Marseille Saint-Charles;Marseille;Provence-Alpes-Côte d'Azur;France;Lille Flandres;Lille;Hauts-de-France;0.66;TER/Intercités
1726;2021;France;Marseille Saint-Charles;Marseille;Provence-Alpes-Côte d'Azur;France;Lille Europe;Lille;Hauts-de-France;0.7;TER/Intercités
1727;2021;France;Marseille Saint-Charles;Marseille;Provence-Alpes-Côte d'Azur;France;Bordeaux Saint-Jean;Bordeaux;Nouvelle-Aquitaine;0.64;TER/Intercités
1728;2021;France;Marseille Saint-Charles;Marseille;Provence-Alpes-Côte d'Azur;France;Toulouse Matabiau;Toulouse;Occitanie;0.71;TER/Intercités
1729;2021;France;Marseille Saint-Charles;Marseille;Provence-Alpes-Côte d'Azur;France;Nantes;Nantes;Pays de la Loire;0.78;TER/Intercités
1730;2021;France;Marseille Saint-Charles;Marseille;Provence-Alpes-Côte d'Azur;France;Rennes;Rennes;Bretagne;0.82;TER/Intercités
1731;2021;France;Marseille Saint-Charles;Marseille;Provence-Alpes-Côte d'Azur;France;Strasbourg;Strasbourg;Grand Est;0.67;TER/Intercités
1732;2021;France;Lille Flandres;Lille;Hauts-de-France;France;Paris Gare du Nord;Paris;Île-de-France;4.45;TGV/Intercités
1733;2021;France;Lille Flandres;Lille;Hauts-de-France;France;Paris Gare de Lyon;Paris;Île-de-France;4.4;TGV/Intercités
1734;2021;France;Lille Flandres;Lille;Hauts-de-France;France;Paris Saint-Lazare;Paris;Île-de-France;5.67;TGV/Intercités
1735;2021;France;Lille Flandres;Lille;Hauts-de-France;France;Paris Montparnasse;Paris;Île-de-France;4.96;TGV/Intercités
1736;2021;France;Lille Flandres;Lille;Hauts-de-France;France;Paris Est;Paris;Île-de-France;5.82;TGV/Intercités
1737;2021;France;Lille Flandres;Lille;Hauts-de-France;France;Paris Austerlitz;Paris;Île-de-France;4.92;TGV/Intercités
1738;2021;France;Lille Flandres;Lille;Hauts-de-France;France;Lyon Part-Dieu;Lyon;Auvergne-Rhône-Alpes;0.7;TER/Intercités
1739;2021;France;Lille Flandres;Lille;Hauts-de-France;France;Lyon Perrache;Lyon;Auvergne-Rhône-Alpes;0.77;TER/Intercités
1740;2021;France;Lille Flandres;Lille;Hauts-de-France;France;Marseille Saint-Charles;Marseille;Provence-Alpes-Côte d'Azur;0.75;TER/Intercités
1741;2021;France;Lille Flandres;Lille;Hauts-de-France;France;Lille Europe;Lille;Hauts-de-France;0.82;TER/Intercités
1742;2021;France;Lille Flandres;Lille;Hauts-de-France;France;Bordeaux Saint-Jean;Bordeaux;Nouvelle-Aquitaine;0.67;TER/Intercités
1743;2021;France;Lille Flandres;Lille;Hauts-de-France;France;Toulouse Matabiau;Toulouse;Occitanie;0.74;TER/Intercités
1744;2021;France;Lille Flandres;Lille;Hauts-de-France;France;Nantes;Nantes;Pays de la Loire;0.77;TER/Intercités
1745;2021;France;Lille Flandres;Lille;Hauts-de-France;France;Rennes;Rennes;Bretagne;0.72;TER/Intercités
1746;2021;France;Lille Flandres;Lille;Hauts-de-France;France;Strasbourg;Strasbourg;Grand Est;0.84;TER/Intercités
1747;2021;France;Lille Europe;Lille;Hauts-de-France;France;Paris Gare du Nord;Paris;Île-de-France;4.59;TGV/Intercités
1748;2021;France;Lille Europe;Lille;Hauts-de-France;France;Paris Gare de Lyon;Paris;Île-de-France;5.25;TGV/Intercités
1749;2021;France;Lille Europe;Lille;Hauts-de-France;France;Paris Saint-Lazare;Paris;Île-de-France;5.46;TGV/Intercités
1750;2021;France;Lille Europe;Lille;Hauts-de-France;France;Paris Montparnasse;Paris;Île-de-France;5.65;TGV/Intercités
1751;2021;France;Lille Europe;Lille;Hauts-de-France;France;Paris Est;Paris;Île-de-France;5.63;TGV/Intercités
1752;2021;France;Lille Europe;Lille;Hauts-de-France;France;Paris Austerlitz;Paris;Île-de-France;5.14;TGV/Intercités
1753;2021;France;Lille Europe;Lille;Hauts-de-France;France;Lyon Part-Dieu;Lyon;Auvergne-Rhône-Alpes;0.69;TER/Intercités
1754;2021;France;Lille Europe;Lille;Hauts-de-France;France;Lyon Perrache;Lyon;Auvergne-Rhône-Alpes;0.74;TER/Intercités
1755;2021;France;Lille Europe;Lille;Hauts-de-France;France;Marseille Saint-Charles;Marseille;Provence-Alpes-Côte d'Azur;0.76;TER/Intercités
1756;2021;France;Lille Europe;Lille;Hauts-de-France;France;Lille Flandres;Lille;Hauts-de-France;0.72;TER/Intercités
1757;2021;France;Lille Europe;Lille;Hauts-de-France;France;Bordeaux Saint-Jean;Bordeaux;Nouvelle-Aquitaine;0.68;TER/Intercités
1758;2021;France;Lille Europe;Lille;Hauts-de-France;France;Toulouse Matabiau;Toulouse;Occitanie;0.77;TER/Intercités
1759;2021;France;Lille Europe;Lille;Hauts-de-France;France;Nantes;Nantes;Pays de la Loire;0.78;TER/Intercités
1760;2021;France;Lille Europe;Lille;Hauts-de-France;France;Rennes;Rennes;Bretagne;0.75;TER/Intercités
1761;2021;France;Lille Europe;Lille;Hauts-de-France;France;Strasbourg;Strasbourg;Grand Est;0.67;TER/Intercités
1762;2021;France;Bordeaux Saint-Jean;Bordeaux;Nouvelle-Aquitaine;France;Paris Gare du Nord;Paris;Île-de-France;3.61;TGV/Intercités
1763;2021;France;Bordeaux Saint-Jean;Bordeaux;Nouvelle-Aquitaine;France;Paris Gare de Lyon;Paris;Île-de-France;3.14;TGV/Intercités
1764;2021;France;Bordeaux Saint-Jean;Bordeaux;Nouvelle-Aquitaine;France;Paris Saint-Lazare;Paris;Île-de-France;3.36;TGV/Intercités
1765;2021;France;Bordeaux Saint-Jean;Bordeaux;Nouvelle-Aquitaine;France;Paris Montparnasse;Paris;Île-de-France;4.09;TGV/Intercités
1766;2021;France;Bordeaux Saint-Jean;Bordeaux;Nouvelle-Aquitaine;France;Paris Est;Paris;Île-de-France;3.29;TGV/Intercités
1767;2021;France;Bordeaux Saint-Jean;Bordeaux;Nouvelle-Aquitaine;France;Paris Austerlitz;Paris;Île-de-France;3.48;TGV/Intercités
1768;2021;France;Bordeaux Saint-Jean;Bordeaux;Nouvelle-Aquitaine;France;Lyon Part-Dieu;Lyon;Auvergne-Rhône-Alpes;0.72;TER/Intercités
1769;2021;France;Bordeaux Saint-Jean;Bordeaux;Nouvelle-Aquitaine;France;Lyon Perrache;Lyon;Auvergne-Rhône-Alpes;0.75;TER/Intercités
1770;2021;France;Bordeaux Saint-Jean;Bordeaux;Nouvelle-Aquitaine;France;Marseille Saint-Charles;Marseille;Provence-Alpes-Côte d'Azur;0.67;TER/Intercités
1771;2021;France;Bordeaux Saint-Jean;Bordeaux;Nouvelle-Aquitaine;France;Lille Flandres;Lille;Hauts-de-France;0.8;TER/Intercités
1772;2021;France;Bordeaux Saint-Jean;Bordeaux;Nouvelle-Aquitaine;France;Lille Europe;Lille;Hauts-de-France;0.71;TER/Intercités
1773;2021;France;Bordeaux Saint-Jean;Bordeaux;Nouvelle-Aquitaine;France;Toulouse Matabiau;Toulouse;Occitanie;0.79;TER/Intercités
1774;2021;France;Bordeaux Saint-Jean;Bordeaux;Nouvelle-Aquitaine;France;Nantes;Nantes;Pays de la Loire;0.84;TER/Intercités
1775;2021;France;Bordeaux Saint-Jean;Bordeaux;Nouvelle-Aquitaine;France;Rennes;Rennes;Bretagne;0.82;TER/Intercités
1776;2021;France;Bordeaux Saint-Jean;Bordeaux;Nouvelle-Aquitaine;France;Strasbourg;Strasbourg;Grand Est;0.7;TER/Intercités
1777;2021;France;Toulouse Matabiau;Toulouse;Occitanie;France;Paris Gare du Nord;Paris;Île-de-France;2.59;TGV/Intercités
1778;2021;France;Toulouse Matabiau;Toulouse;Occitanie;France;Paris Gare de Lyon;Paris;Île-de-France;2.83;TGV/Intercités
1779;2021;France;Toulouse Matabiau;Toulouse;Occitanie;France;Paris Saint-Lazare;Paris;Île-de-France;3.29;TGV/Intercités
1780;2021;France;Toulouse Matabiau;Toulouse;Occitanie;France;Paris Montparnasse;Paris;Île-de-France;2.94;TGV/Intercités
1781;2021;France;Toulouse Matabiau;Toulouse;Occitanie;France;Paris Est;Paris;Île-de-France;2.95;TGV/Intercités
1782;2021;France;Toulouse Matabiau;Toulouse;Occitanie;France;Paris Austerlitz;Paris;Île-de-France;3.0;TGV/Intercités
1783;2021;France;Toulouse Matabiau;Toulouse;Occitanie;France;Lyon Part-Dieu;Lyon;Auvergne-Rhône-Alpes;0.71;TER/Intercités
1784;2021;France;Toulouse Matabiau;Toulouse;Occitanie;France;Lyon Perrache;Lyon;Auvergne-Rhône-Alpes;0.77;TER/Intercités
1785;2021;France;Toulouse Matabiau;Toulouse;Occitanie;France;Marseille Saint-Charles;Marseille;Provence-Alpes-Côte d'Azur;0.69;TER/Intercités
1786;2021;France;Toulouse Matabiau;Toulouse;Occitanie;France;Lille Flandres;Lille;Hauts-de-France;0.8;TER/Intercités
1787;2021;France;Toulouse Matabiau;Toulouse;Occitanie;France;Lille Europe;Lille;Hauts-de-France;0.83;TER/Intercités
1788;2021;France;Toulouse Matabiau;Toulouse;Occitanie;France;Bordeaux Saint-Jean;Bordeaux;Nouvelle-Aquitaine;0.79;TER/Intercités
1789;2021;France;Toulouse Matabiau;Toulouse;Occitanie;France;Nantes;Nantes;Pays de la Loire;0.7;TER/Intercités
1790;2021;France;Toulouse Matabiau;Toulouse;Occitanie;France;Rennes;Rennes;Bretagne;0.69;TER/Intercités
1791;2021;France;Toulouse Matabiau;Toulouse;Occitanie;France;Strasbourg;Strasbourg;Grand Est;0.71;TER/Intercités
1792;2021;France;Nantes;Nantes;Pays de la Loire;France;Paris Gare du Nord;Paris;Île-de-France;3.2;TGV/Intercités
1793;2021;France;Nantes;Nantes;Pays de la Loire;France;Paris Gare de Lyon;Paris;Île-de-France;3.05;TGV/Intercités
1794;2021;France;Nantes;Nantes;Pays de la Loire;France;Paris Saint-Lazare;Paris;Île-de-France;3.14;TGV/Intercités
1795;2021;France;Nantes;Nantes;Pays de la Loire;France;Paris Montparnasse;Paris;Île-de-France;2.88;TGV/Intercités
1796;2021;France;Nantes;Nantes;Pays de la Loire;France;Paris Est;Paris;Île-de-France;2.62;TGV/Intercités
1797;2021;France;Nantes;Nantes;Pays de la Loire;France;Paris Austerlitz;Paris;Île-de-France;2.55;TGV/Intercités
1798;2021;France;Nantes;Nantes;Pays de la Loire;France;Lyon Part-Dieu;Lyon;Auvergne-Rhône-Alpes;0.8;TER/Intercités
1799;2021;France;Nantes;Nantes;Pays de la Loire;France;Lyon Perrache;Lyon;Auvergne-Rhône-Alpes;0.81;TER/Intercités
1800;2021;France;Nantes;Nantes;Pays de la Loire;France;Marseille Saint-Charles;Marseille;Provence-Alpes-Côte d'Azur;0.8;TER/Intercités
1801;2021;France;Nantes;Nantes;Pays de la Loire;France;Lille Flandres;Lille;Hauts-de-France;0.71;TER/Intercités
1802;2021;France;Nantes;Nantes;Pays de la Loire;France;Lille Europe;Lille;Hauts-de-France;0.67;TER/Intercités
1803;2021;France;Nantes;Nantes;Pays de la Loire;France;Bordeaux Saint-Jean;Bordeaux;Nouvelle-Aquitaine;0.69;TER/Intercités
1804;2021;France;Nantes;Nantes;Pays de la Loire;France;Toulouse Matabiau;Toulouse;Occitanie;0.76;TER/Intercités
1805;2021;France;Nantes;Nantes;Pays de la Loire;France;Rennes;Rennes;Bretagne;0.63;TER/Intercités
1806;2021;France;Nantes;Nantes;Pays de la Loire;France;Strasbourg;Strasbourg;Grand Est;0.65;TER/Intercités
1807;2021;France;Rennes;Rennes;Bretagne;France;Paris Gare du Nord;Paris;Île-de-France;2.94;TGV/Intercités
1808;2021;France;Rennes;Rennes;Bretagne;France;Paris Gare de Lyon;Paris;Île-de-France;2.67;TGV/Intercités
1809;2021;France;Rennes;Rennes;Bretagne;France;Paris Saint-Lazare;Paris;Île-de-France;3.27;TGV/Intercités
1810;2021;France;Rennes;Rennes;Bretagne;France;Paris Montparnasse;Paris;Île-de-France;3.28;TGV/Intercités
1811;2021;France;Rennes;Rennes;Bretagne;France;Paris Est;Paris;Île-de-France;2.99;TGV/Intercités
1812;2021;France;Rennes;Rennes;Bretagne;France;Paris Austerlitz;Paris;Île-de-France;3.27;TGV/Intercités
1813;2021;France;Rennes;Rennes;Bretagne;France;Lyon Part-Dieu;Lyon;Auvergne-Rhône-Alpes;0.65;TER/Intercités
1814;2021;France;Rennes;Rennes;Bretagne;France;Lyon Perrache;Lyon;Auvergne-Rhône-Alpes;0.75;TER/Intercités
1815;2021;France;Rennes;Rennes;Bretagne;France;Marseille Saint-Charles;Marseille;Provence-Alpes-Côte d'Azur;0.65;TER/Intercités
1816;2021;France;Rennes;Rennes;Bretagne;France;Lille Flandres;Lille;Hauts-de-France;0.67;TER/Intercités
1817;2021;France;Rennes;Rennes;Bretagne;France;Lille Europe;Lille;Hauts-de-France;0.8;TER/Intercités
1818;2021;France;Rennes;Rennes;Bretagne;France;Bordeaux Saint-Jean;Bordeaux;Nouvelle-Aquitaine;0.68;TER/Intercités
1819;2021;France;Rennes;Rennes;Bretagne;France;Toulouse Matabiau;Toulouse;Occitanie;0.74;TER/Intercités
1820;2021;France;Rennes;Rennes;Bretagne;France;Nantes;Nantes;Pays de la Loire;0.66;TER/Intercités
1821;2021;France;Rennes;Rennes;Bretagne;France;Strasbourg;Strasbourg;Grand Est;0.78;TER/Intercités
1822;2021;France;Strasbourg;Strasbourg;Grand Est;France;Paris Gare du Nord;Paris;Île-de-France;3.22;TGV/Intercités
1823;2021;France;Strasbourg;Strasbourg;Grand Est;France;Paris Gare de Lyon;Paris;Île-de-France;2.68;TGV/Intercités
1824;2021;France;Strasbourg;Strasbourg;Grand Est;France;Paris Saint-Lazare;Paris;Île-de-France;2.59;TGV/Intercités
1825;2021;France;Strasbourg;Strasbourg;Grand Est;France;Paris Montparnasse;Paris;Île-de-France;3.31;TGV/Intercités
1826;2021;France;Strasbourg;Strasbourg;Grand Est;France;Paris Est;Paris;Île-de-France;3.18;TGV/Intercités
1827;2021;France;Strasbourg;Strasbourg;Grand Est;France;Paris Austerlitz;Paris;Île-de-France;3.3;TGV/Intercités
1828;2021;France;Strasbourg;Strasbourg;Grand Est;France;Lyon Part-Dieu;Lyon;Auvergne-Rhône-Alpes;0.82;TER/Intercités
1829;2021;France;Strasbourg;Strasbourg;Grand Est;France;Lyon Perrache;Lyon;Auvergne-Rhône-Alpes;0.82;TER/Intercités
1830;2021;France;Strasbourg;Strasbourg;Grand Est;France;Marseille Saint-Charles;Marseille;Provence-Alpes-Côte d'Azur;0.67;TER/Intercités
1831;2021;France;Strasbourg;Strasbourg;Grand Est;France;Lille Flandres;Lille;Hauts-de-France;0.78;TER/Intercités
1832;2021;France;Strasbourg;Strasbourg;Grand Est;France;Lille Europe;Lille;Hauts-de-France;0.75;TER/Intercités
1833;2021;France;Strasbourg;Strasbourg;Grand Est;France;Bordeaux Saint-Jean;Bordeaux;Nouvelle-Aquitaine;0.7;TER/Intercités
1834;2021;France;Strasbourg;Strasbourg;Grand Est;France;Toulouse Matabiau;Toulouse;Occitanie;0.66;TER/Intercités
1835;2021;France;Strasbourg;Strasbourg;Grand Est;France;Nantes;Nantes;Pays de la Loire;0.71;TER/Intercités
1836;2021;France;Strasbourg;Strasbourg;Grand Est;France;Rennes;Rennes;Bretagne;0.7;TER/Intercités
1837;2022;France;Paris Gare du Nord;Paris;Île-de-France;France;Paris Gare de Lyon;Paris;Île-de-France;1.09;TGV/Intercités
1838;2022;France;Paris Gare du Nord;Paris;Île-de-France;France;Paris Saint-Lazare;Paris;Île-de-France;1.21;TGV/Intercités
1839;2022;France;Paris Gare du Nord;Paris;Île-de-France;France;Paris Montparnasse;Paris;Île-de-France;0.94;TGV/Intercités
1840;2022;France;Paris Gare du Nord;Paris;Île-de-France;France;Paris Est;Paris;Île-de-France;1.09;TGV/Intercités
1841;2022;France;Paris Gare du Nord;Paris;Île-de-France;France;Paris Austerlitz;Paris;Île-de-France;1.05;TGV/Intercités
1842;2022;France;Paris Gare du Nord;Paris;Île-de-France;France;Lyon Part-Dieu;Lyon;Auvergne-Rhône-Alpes;8.26;TGV/Intercités
1843;2022;France;Paris Gare du Nord;Paris;Île-de-France;France;Lyon Perrache;Lyon;Auvergne-Rhône-Alpes;7.66;TGV/Intercités
1844;2022;France;Paris Gare du Nord;Paris;Île-de-France;France;Marseille Saint-Charles;Marseille;Provence-Alpes-Côte d'Azur;7.2;TGV/Intercités
1845;2022;France;Paris Gare du Nord;Paris;Île-de-France;France;Lille Flandres;Lille;Hauts-de-France;7.59;TGV/Intercités
1846;2022;France;Paris Gare du Nord;Paris;Île-de-France;France;Lille Europe;Lille;Hauts-de-France;7.95;TGV/Intercités
1847;2022;France;Paris Gare du Nord;Paris;Île-de-France;France;Bordeaux Saint-Jean;Bordeaux;Nouvelle-Aquitaine;4.59;TGV/Intercités
1848;2022;France;Paris Gare du Nord;Paris;Île-de-France;France;Toulouse Matabiau;Toulouse;Occitanie;4.23;TGV/Intercités
1849;2022;France;Paris Gare du Nord;Paris;Île-de-France;France;Nantes;Nantes;Pays de la Loire;4.72;TGV/Intercités
1850;2022;France;Paris Gare du Nord;Paris;Île-de-France;France;Rennes;Rennes;Bretagne;3.93;TGV/Intercités
1851;2022;France;Paris Gare du Nord;Paris;Île-de-France;France;Strasbourg;Strasbourg;Grand Est;3.66;TGV/Intercités
1852;2022;France;Paris Gare de Lyon;Paris;Île-de-France;France;Paris Gare du Nord;Paris;Île-de-France;1.21;TGV/Intercités
1853;2022;France;Paris Gare de Lyon;Paris;Île-de-France;France;Paris Saint-Lazare;Paris;Île-de-France;0.93;TGV/Intercités
1854;2022;France;Paris Gare de Lyon;Paris;Île-de-France;France;Paris Montparnasse;Paris;Île-de-France;1.22;TGV/Intercités
1855;2022;France;Paris Gare de Lyon;Paris;Île-de-France;France;Paris Est;Paris;Île-de-France;0.98;TGV/Intercités
1856;2022;France;Paris Gare de Lyon;Paris;Île-de-France;France;Paris Austerlitz;Paris;Île-de-France;0.94;TGV/Intercités
1857;2022;France;Paris Gare de Lyon;Paris;Île-de-France;France;Lyon Part-Dieu;Lyon;Auvergne-Rhône-Alpes;7.45;TGV/Intercités
1858;2022;France;Paris Gare de Lyon;Paris;Île-de-France;France;Lyon Perrache;Lyon;Auvergne-Rhône-Alpes;9.63;TGV/Intercités
1859;2022;France;Paris Gare de Lyon;Paris;Île-de-France;France;Marseille Saint-Charles;Marseille;Provence-Alpes-Côte d'Azur;6.71;TGV/Intercités
1860;2022;France;Paris Gare de Lyon;Paris;Île-de-France;France;Lille Flandres;Lille;Hauts-de-France;8.08;TGV/Intercités
1861;2022;France;Paris Gare de Lyon;Paris;Île-de-France;France;Lille Europe;Lille;Hauts-de-France;7.26;TGV/Intercités
1862;2022;France;Paris Gare de Lyon;Paris;Île-de-France;France;Bordeaux Saint-Jean;Bordeaux;Nouvelle-Aquitaine;5.31;TGV/Intercités
1863;2022;France;Paris Gare de Lyon;Paris;Île-de-France;France;Toulouse Matabiau;Toulouse;Occitanie;4.15;TGV/Intercités
1864;2022;France;Paris Gare de Lyon;Paris;Île-de-France;France;Nantes;Nantes;Pays de la Loire;4.03;TGV/Intercités
1865;2022;France;Paris Gare de Lyon;Paris;Île-de-France;France;Rennes;Rennes;Bretagne;4.44;TGV/Intercités
1866;2022;France;Paris Gare de Lyon;Paris;Île-de-France;France;Strasbourg;Strasbourg;Grand Est;3.88;TGV/Intercités
1867;2022;France;Paris Saint-Lazare;Paris;Île-de-France;France;Paris Gare du Nord;Paris;Île-de-France;1.09;TGV/Intercités
1868;2022;France;Paris Saint-Lazare;Paris;Île-de-France;France;Paris Gare de Lyon;Paris;Île-de-France;1.09;TGV/Intercités
1869;2022;France;Paris Saint-Lazare;Paris;Île-de-France;France;Paris Montparnasse;Paris;Île-de-France;0.92;TGV/Intercités
1870;2022;France;Paris Saint-Lazare;Paris;Île-de-France;France;Paris Est;Paris;Île-de-France;1.21;TGV/Intercités
1871;2022;France;Paris Saint-Lazare;Paris;Île-de-France;France;Paris Austerlitz;Paris;Île-de-France;0.98;TGV/Intercités
1872;2022;France;Paris Saint-Lazare;Paris;Île-de-France;France;Lyon Part-Dieu;Lyon;Auvergne-Rhône-Alpes;8.17;TGV/Intercités
1873;2022;France;Paris Saint-Lazare;Paris;Île-de-France;France;Lyon Perrache;Lyon;Auvergne-Rhône-Alpes;9.16;TGV/Intercités
1874;2022;France;Paris Saint-Lazare;Paris;Île-de-France;France;Marseille Saint-Charles;Marseille;Provence-Alpes-Côte d'Azur;6.51;TGV/Intercités
1875;2022;France;Paris Saint-Lazare;Paris;Île-de-France;France;Lille Flandres;Lille;Hauts-de-France;7.21;TGV/Intercités
1876;2022;France;Paris Saint-Lazare;Paris;Île-de-France;France;Lille Europe;Lille;Hauts-de-France;7.5;TGV/Intercités
1877;2022;France;Paris Saint-Lazare;Paris;Île-de-France;France;Bordeaux Saint-Jean;Bordeaux;Nouvelle-Aquitaine;4.75;TGV/Intercités
1878;2022;France;Paris Saint-Lazare;Paris;Île-de-France;France;Toulouse Matabiau;Toulouse;Occitanie;4.63;TGV/Intercités
1879;2022;France;Paris Saint-Lazare;Paris;Île-de-France;France;Nantes;Nantes;Pays de la Loire;3.72;TGV/Intercités
1880;2022;France;Paris Saint-Lazare;Paris;Île-de-France;France;Rennes;Rennes;Bretagne;3.94;TGV/Intercités
1881;2022;France;Paris Saint-Lazare;Paris;Île-de-France;France;Strasbourg;Strasbourg;Grand Est;4.54;TGV/Intercités
1882;2022;France;Paris Montparnasse;Paris;Île-de-France;France;Paris Gare du Nord;Paris;Île-de-France;1.02;TGV/Intercités
1883;2022;France;Paris Montparnasse;Paris;Île-de-France;France;Paris Gare de Lyon;Paris;Île-de-France;1.14;TGV/Intercités
1884;2022;France;Paris Montparnasse;Paris;Île-de-France;France;Paris Saint-Lazare;Paris;Île-de-France;0.91;TGV/Intercités
1885;2022;France;Paris Montparnasse;Paris;Île-de-France;France;Paris Est;Paris;Île-de-France;1.11;TGV/Intercités
1886;2022;France;Paris Montparnasse;Paris;Île-de-France;France;Paris Austerlitz;Paris;Île-de-France;1.19;TGV/Intercités
1887;2022;France;Paris Montparnasse;Paris;Île-de-France;France;Lyon Part-Dieu;Lyon;Auvergne-Rhône-Alpes;9.23;TGV/Intercités
1888;2022;France;Paris Montparnasse;Paris;Île-de-France;France;Lyon Perrache;Lyon;Auvergne-Rhône-Alpes;8.06;TGV/Intercités
1889;2022;France;Paris Montparnasse;Paris;Île-de-France;France;Marseille Saint-Charles;Marseille;Provence-Alpes-Côte d'Azur;6.95;TGV/Intercités
1890;2022;France;Paris Montparnasse;Paris;Île-de-France;France;Lille Flandres;Lille;Hauts-de-France;7.89;TGV/Intercités
1891;2022;France;Paris Montparnasse;Paris;Île-de-France;France;Lille Europe;Lille;Hauts-de-France;8.04;TGV/Intercités
1892;2022;France;Paris Montparnasse;Paris;Île-de-France;France;Bordeaux Saint-Jean;Bordeaux;Nouvelle-Aquitaine;5.81;TGV/Intercités
1893;2022;France;Paris Montparnasse;Paris;Île-de-France;France;Toulouse Matabiau;Toulouse;Occitanie;4.48;TGV/Intercités
1894;2022;France;Paris Montparnasse;Paris;Île-de-France;France;Nantes;Nantes;Pays de la Loire;4.76;TGV/Intercités
1895;2022;France;Paris Montparnasse;Paris;Île-de-France;France;Rennes;Rennes;Bretagne;4.24;TGV/Intercités
1896;2022;France;Paris Montparnasse;Paris;Île-de-France;France;Strasbourg;Strasbourg;Grand Est;4.43;TGV/Intercités
1897;2022;France;Paris Est;Paris;Île-de-France;France;Paris Gare du Nord;Paris;Île-de-France;0.97;TGV/Intercités
1898;2022;France;Paris Est;Paris;Île-de-France;France;Paris Gare de Lyon;Paris;Île-de-France;1.03;TGV/Intercités
1899;2022;France;Paris Est;Paris;Île-de-France;France;Paris Saint-Lazare;Paris;Île-de-France;0.93;TGV/Intercités
1900;2022;France;Paris Est;Paris;Île-de-France;France;Paris Montparnasse;Paris;Île-de-France;0.92;TGV/Intercités
1901;2022;France;Paris Est;Paris;Île-de-France;France;Paris Austerlitz;Paris;Île-de-France;1.02;TGV/Intercités
1902;2022;France;Paris Est;Paris;Île-de-France;France;Lyon Part-Dieu;Lyon;Auvergne-Rhône-Alpes;7.78;TGV/Intercités
1903;2022;France;Paris Est;Paris;Île-de-France;France;Lyon Perrache;Lyon;Auvergne-Rhône-Alpes;7.34;TGV/Intercités
1904;2022;France;Paris Est;Paris;Île-de-France;France;Marseille Saint-Charles;Marseille;Provence-Alpes-Côte d'Azur;7.11;TGV/Intercités
1905;2022;France;Paris Est;Paris;Île-de-France;France;Lille Flandres;Lille;Hauts-de-France;7.08;TGV/Intercités
1906;2022;France;Paris Est;Paris;Île-de-France;France;Lille Europe;Lille;Hauts-de-France;8.52;TGV/Intercités
1907;2022;France;Paris Est;Paris;Île-de-France;France;Bordeaux Saint-Jean;Bordeaux;Nouvelle-Aquitaine;5.01;TGV/Intercités
1908;2022;France;Paris Est;Paris;Île-de-France;France;Toulouse Matabiau;Toulouse;Occitanie;3.89;TGV/Intercités
1909;2022;France;Paris Est;Paris;Île-de-France;France;Nantes;Nantes;Pays de la Loire;3.82;TGV/Intercités
1910;2022;France;Paris Est;Paris;Île-de-France;France;Rennes;Rennes;Bretagne;4.67;TGV/Intercités
1911;2022;France;Paris Est;Paris;Île-de-France;France;Strasbourg;Strasbourg;Grand Est;4.06;TGV/Intercités
1912;2022;France;Paris Austerlitz;Paris;Île-de-France;France;Paris Gare du Nord;Paris;Île-de-France;1.02;TGV/Intercités
1913;2022;France;Paris Austerlitz;Paris;Île-de-France;France;Paris Gare de Lyon;Paris;Île-de-France;1.14;TGV/Intercités
1914;2022;France;Paris Austerlitz;Paris;Île-de-France;France;Paris Saint-Lazare;Paris;Île-de-France;1.21;TGV/Intercités
1915;2022;France;Paris Austerlitz;Paris;Île-de-France;France;Paris Montparnasse;Paris;Île-de-France;1.16;TGV/Intercités
1916;2022;France;Paris Austerlitz;Paris;Île-de-France;France;Paris Est;Paris;Île-de-France;1.16;TGV/Intercités
1917;2022;France;Paris Austerlitz;Paris;Île-de-France;France;Lyon Part-Dieu;Lyon;Auvergne-Rhône-Alpes;8.59;TGV/Intercités
1918;2022;France;Paris Austerlitz;Paris;Île-de-France;France;Lyon Perrache;Lyon;Auvergne-Rhône-Alpes;8.12;TGV/Intercités
1919;2022;France;Paris Austerlitz;Paris;Île-de-France;France;Marseille Saint-Charles;Marseille;Provence-Alpes-Côte d'Azur;6.0;TGV/Intercités
1920;2022;France;Paris Austerlitz;Paris;Île-de-France;France;Lille Flandres;Lille;Hauts-de-France;7.31;TGV/Intercités
1921;2022;France;Paris Austerlitz;Paris;Île-de-France;France;Lille Europe;Lille;Hauts-de-France;6.67;TGV/Intercités
1922;2022;France;Paris Austerlitz;Paris;Île-de-France;France;Bordeaux Saint-Jean;Bordeaux;Nouvelle-Aquitaine;5.09;TGV/Intercités
1923;2022;France;Paris Austerlitz;Paris;Île-de-France;France;Toulouse Matabiau;Toulouse;Occitanie;4.05;TGV/Intercités
1924;2022;France;Paris Austerlitz;Paris;Île-de-France;France;Nantes;Nantes;Pays de la Loire;3.77;TGV/Intercités
1925;2022;France;Paris Austerlitz;Paris;Île-de-France;France;Rennes;Rennes;Bretagne;4.51;TGV/Intercités
1926;2022;France;Paris Austerlitz;Paris;Île-de-France;France;Strasbourg;Strasbourg;Grand Est;4.56;TGV/Intercités
1927;2022;France;Lyon Part-Dieu;Lyon;Auvergne-Rhône-Alpes;France;Paris Gare du Nord;Paris;Île-de-France;8.49;TGV/Intercités
1928;2022;France;Lyon Part-Dieu;Lyon;Auvergne-Rhône-Alpes;France;Paris Gare de Lyon;Paris;Île-de-France;8.35;TGV/Intercités
1929;2022;France;Lyon Part-Dieu;Lyon;Auvergne-Rhône-Alpes;France;Paris Saint-Lazare;Paris;Île-de-France;8.74;TGV/Intercités
1930;2022;France;Lyon Part-Dieu;Lyon;Auvergne-Rhône-Alpes;France;Paris Montparnasse;Paris;Île-de-France;8.44;TGV/Intercités
1931;2022;France;Lyon Part-Dieu;Lyon;Auvergne-Rhône-Alpes;France;Paris Est;Paris;Île-de-France;8.16;TGV/Intercités
1932;2022;France;Lyon Part-Dieu;Lyon;Auvergne-Rhône-Alpes;France;Paris Austerlitz;Paris;Île-de-France;7.69;TGV/Intercités
1933;2022;France;Lyon Part-Dieu;Lyon;Auvergne-Rhône-Alpes;France;Lyon Perrache;Lyon;Auvergne-Rhône-Alpes;1.13;TER/Intercités
1934;2022;France;Lyon Part-Dieu;Lyon;Auvergne-Rhône-Alpes;France;Marseille Saint-Charles;Marseille;Provence-Alpes-Côte d'Azur;1.1;TER/Intercités
1935;2022;France;Lyon Part-Dieu;Lyon;Auvergne-Rhône-Alpes;France;Lille Flandres;Lille;Hauts-de-France;0.93;TER/Intercités
1936;2022;France;Lyon Part-Dieu;Lyon;Auvergne-Rhône-Alpes;France;Lille Europe;Lille;Hauts-de-France;1.05;TER/Intercités
1937;2022;France;Lyon Part-Dieu;Lyon;Auvergne-Rhône-Alpes;France;Bordeaux Saint-Jean;Bordeaux;Nouvelle-Aquitaine;1.2;TER/Intercités
1938;2022;France;Lyon Part-Dieu;Lyon;Auvergne-Rhône-Alpes;France;Toulouse Matabiau;Toulouse;Occitanie;1.17;TER/Intercités
1939;2022;France;Lyon Part-Dieu;Lyon;Auvergne-Rhône-Alpes;France;Nantes;Nantes;Pays de la Loire;0.96;TER/Intercités
1940;2022;France;Lyon Part-Dieu;Lyon;Auvergne-Rhône-Alpes;France;Rennes;Rennes;Bretagne;0.91;TER/Intercités
1941;2022;France;Lyon Part-Dieu;Lyon;Auvergne-Rhône-Alpes;France;Strasbourg;Strasbourg;Grand Est;0.95;TER/Intercités
1942;2022;France;Lyon Perrache;Lyon;Auvergne-Rhône-Alpes;France;Paris Gare du Nord;Paris;Île-de-France;9.56;TGV/Intercités
1943;2022;France;Lyon Perrache;Lyon;Auvergne-Rhône-Alpes;France;Paris Gare de Lyon;Paris;Île-de-France;7.58;TGV/Intercités
1944;2022;France;Lyon Perrache;Lyon;Auvergne-Rhône-Alpes;France;Paris Saint-Lazare;Paris;Île-de-France;7.66;TGV/Intercités
1945;2022;France;Lyon Perrache;Lyon;Auvergne-Rhône-Alpes;France;Paris Montparnasse;Paris;Île-de-France;9.13;TGV/Intercités
1946;2022;France;Lyon Perrache;Lyon;Auvergne-Rhône-Alpes;France;Paris Est;Paris;Île-de-France;8.93;TGV/Intercités
1947;2022;France;Lyon Perrache;Lyon;Auvergne-Rhône-Alpes;France;Paris Austerlitz;Paris;Île-de-France;8.07;TGV/Intercités
1948;2022;France;Lyon Perrache;Lyon;Auvergne-Rhône-Alpes;France;Lyon Part-Dieu;Lyon;Auvergne-Rhône-Alpes;1.02;TER/Intercités
1949;2022;France;Lyon Perrache;Lyon;Auvergne-Rhône-Alpes;France;Marseille Saint-Charles;Marseille;Provence-Alpes-Côte d'Azur;1.08;TER/Intercités
1950;2022;France;Lyon Perrache;Lyon;Auvergne-Rhône-Alpes;France;Lille Flandres;Lille;Hauts-de-France;1.06;TER/Intercités
1951;2022;France;Lyon Perrache;Lyon;Auvergne-Rhône-Alpes;France;Lille Europe;Lille;Hauts-de-France;0.9;TER/Intercités
1952;2022;France;Lyon Perrache;Lyon;Auvergne-Rhône-Alpes;France;Bordeaux Saint-Jean;Bordeaux;Nouvelle-Aquitaine;0.91;TER/Intercités
1953;2022;France;Lyon Perrache;Lyon;Auvergne-Rhône-Alpes;France;Toulouse Matabiau;Toulouse;Occitanie;1.04;TER/Intercités
1954;2022;France;Lyon Perrache;Lyon;Auvergne-Rhône-Alpes;France;Nantes;Nantes;Pays de la Loire;1.02;TER/Intercités
1955;2022;France;Lyon Perrache;Lyon;Auvergne-Rhône-Alpes;France;Rennes;Rennes;Bretagne;0.92;TER/Intercités
1956;2022;France;Lyon Perrache;Lyon;Auvergne-Rhône-Alpes;France;Strasbourg;Strasbourg;Grand Est;1.21;TER/Intercités
1957;2022;France;Marseille Saint-Charles;Marseille;Provence-Alpes-Côte d'Azur;France;Paris Gare du Nord;Paris;Île-de-France;6.31;TGV/Intercités
1958;2022;France;Marseille Saint-Charles;Marseille;Provence-Alpes-Côte d'Azur;France;Paris Gare de Lyon;Paris;Île-de-France;7.28;TGV/Intercités
1959;2022;France;Marseille Saint-Charles;Marseille;Provence-Alpes-Côte d'Azur;France;Paris Saint-Lazare;Paris;Île-de-France;5.55;TGV/Intercités
1960;2022;France;Marseille Saint-Charles;Marseille;Provence-Alpes-Côte d'Azur;France;Paris Montparnasse;Paris;Île-de-France;5.87;TGV/Intercités
1961;2022;France;Marseille Saint-Charles;Marseille;Provence-Alpes-Côte d'Azur;France;Paris Est;Paris;Île-de-France;6.7;TGV/Intercités
1962;2022;France;Marseille Saint-Charles;Marseille;Provence-Alpes-Côte d'Azur;France;Paris Austerlitz;Paris;Île-de-France;7.1;TGV/Intercités
1963;2022;France;Marseille Saint-Charles;Marseille;Provence-Alpes-Côte d'Azur;France;Lyon Part-Dieu;Lyon;Auvergne-Rhône-Alpes;1.18;TER/Intercités
1964;2022;France;Marseille Saint-Charles;Marseille;Provence-Alpes-Côte d'Azur;France;Lyon Perrache;Lyon;Auvergne-Rhône-Alpes;1.04;TER/Intercités
1965;2022;France;Marseille Saint-Charles;Marseille;Provence-Alpes-Côte d'Azur;France;Lille Flandres;Lille;Hauts-de-France;0.92;TER/Intercités
1966;2022;France;Marseille Saint-Charles;Marseille;Provence-Alpes-Côte d'Azur;France;Lille Europe;Lille;Hauts-de-France;1.13;TER/Intercités
1967;2022;France;Marseille Saint-Charles;Marseille;Provence-Alpes-Côte d'Azur;France;Bordeaux Saint-Jean;Bordeaux;Nouvelle-Aquitaine;0.9;TER/Intercités
1968;2022;France;Marseille Saint-Charles;Marseille;Provence-Alpes-Côte d'Azur;France;Toulouse Matabiau;Toulouse;Occitanie;1.08;TER/Intercités
1969;2022;France;Marseille Saint-Charles;Marseille;Provence-Alpes-Côte d'Azur;France;Nantes;Nantes;Pays de la Loire;1.15;TER/Intercités
1970;2022;France;Marseille Saint-Charles;Marseille;Provence-Alpes-Côte d'Azur;France;Rennes;Rennes;Bretagne;1.05;TER/Intercités
1971;2022;France;Marseille Saint-Charles;Marseille;Provence-Alpes-Côte d'Azur;France;Strasbourg;Strasbourg;Grand Est;0.94;TER/Intercités
1972;2022;France;Lille Flandres;Lille;Hauts-de-France;France;Paris Gare du Nord;Paris;Île-de-France;8.0;TGV/Intercités
1973;2022;France;Lille Flandres;Lille;Hauts-de-France;France;Paris Gare de Lyon;Paris;Île-de-France;6.74;TGV/Intercités
1974;2022;France;Lille Flandres;Lille;Hauts-de-France;France;Paris Saint-Lazare;Paris;Île-de-France;7.93;TGV/Intercités
1975;2022;France;Lille Flandres;Lille;Hauts-de-France;France;Paris Montparnasse;Paris;Île-de-France;8.46;TGV/Intercités
1976;2022;France;Lille Flandres;Lille;Hauts-de-France;France;Paris Est;Paris;Île-de-France;6.36;TGV/Intercités
1977;2022;France;Lille Flandres;Lille;Hauts-de-France;France;Paris Austerlitz;Paris;Île-de-France;7.83;TGV/Intercités
1978;2022;France;Lille Flandres;Lille;Hauts-de-France;France;Lyon Part-Dieu;Lyon;Auvergne-Rhône-Alpes;1.1;TER/Intercités
1979;2022;France;Lille Flandres;Lille;Hauts-de-France;France;Lyon Perrache;Lyon;Auvergne-Rhône-Alpes;1.06;TER/Intercités
1980;2022;France;Lille Flandres;Lille;Hauts-de-France;France;Marseille Saint-Charles;Marseille;Provence-Alpes-Côte d'Azur;1.19;TER/Intercités
1981;2022;France;Lille Flandres;Lille;Hauts-de-France;France;Lille Europe;Lille;Hauts-de-France;1.11;TER/Intercités
1982;2022;France;Lille Flandres;Lille;Hauts-de-France;France;Bordeaux Saint-Jean;Bordeaux;Nouvelle-Aquitaine;1.05;TER/Intercités
1983;2022;France;Lille Flandres;Lille;Hauts-de-France;France;Toulouse Matabiau;Toulouse;Occitanie;0.93;TER/Intercités
1984;2022;France;Lille Flandres;Lille;Hauts-de-France;France;Nantes;Nantes;Pays de la Loire;0.98;TER/Intercités
1985;2022;France;Lille Flandres;Lille;Hauts-de-France;France;Rennes;Rennes;Bretagne;1.08;TER/Intercités
1986;2022;France;Lille Flandres;Lille;Hauts-de-France;France;Strasbourg;Strasbourg;Grand Est;0.9;TER/Intercités
1987;2022;France;Lille Europe;Lille;Hauts-de-France;France;Paris Gare du Nord;Paris;Île-de-France;8.53;TGV/Intercités
1988;2022;France;Lille Europe;Lille;Hauts-de-France;France;Paris Gare de Lyon;Paris;Île-de-France;6.95;TGV/Intercités
1989;2022;France;Lille Europe;Lille;Hauts-de-France;France;Paris Saint-Lazare;Paris;Île-de-France;8.35;TGV/Intercités
1990;2022;France;Lille Europe;Lille;Hauts-de-France;France;Paris Montparnasse;Paris;Île-de-France;7.03;TGV/Intercités
1991;2022;France;Lille Europe;Lille;Hauts-de-France;France;Paris Est;Paris;Île-de-France;6.82;TGV/Intercités
1992;2022;France;Lille Europe;Lille;Hauts-de-France;France;Paris Austerlitz;Paris;Île-de-France;8.12;TGV/Intercités
1993;2022;France;Lille Europe;Lille;Hauts-de-France;France;Lyon Part-Dieu;Lyon;Auvergne-Rhône-Alpes;1.11;TER/Intercités
1994;2022;France;Lille Europe;Lille;Hauts-de-France;France;Lyon Perrache;Lyon;Auvergne-Rhône-Alpes;1.1;TER/Intercités
1995;2022;France;Lille Europe;Lille;Hauts-de-France;France;Marseille Saint-Charles;Marseille;Provence-Alpes-Côte d'Azur;1.19;TER/Intercités
1996;2022;France;Lille Europe;Lille;Hauts-de-France;France;Lille Flandres;Lille;Hauts-de-France;1.03;TER/Intercités
1997;2022;France;Lille Europe;Lille;Hauts-de-France;France;Bordeaux Saint-Jean;Bordeaux;Nouvelle-Aquitaine;1.04;TER/Intercités
1998;2022;France;Lille Europe;Lille;Hauts-de-France;France;Toulouse Matabiau;Toulouse;Occitanie;1.11;TER/Intercités
1999;2022;France;Lille Europe;Lille;Hauts-de-France;France;Nantes;Nantes;Pays de la Loire;1.07;TER/Intercités
2000;2022;France;Lille Europe;Lille;Hauts-de-France;France;Rennes;Rennes;Bretagne;1.1;TER/Intercités
2001;2022;France;Lille Europe;Lille;Hauts-de-France;France;Strasbourg;Strasbourg;Grand Est;0.98;TER/Intercités
2002;2022;France;Bordeaux Saint-Jean;Bordeaux;Nouvelle-Aquitaine;France;Paris Gare du Nord;Paris;Île-de-France;4.85;TGV/Intercités
2003;2022;France;Bordeaux Saint-Jean;Bordeaux;Nouvelle-Aquitaine;France;Paris Gare de Lyon;Paris;Île-de-France;4.74;TGV/Intercités
2004;2022;France;Bordeaux Saint-Jean;Bordeaux;Nouvelle-Aquitaine;France;Paris Saint-Lazare;Paris;Île-de-France;5.5;TGV/Intercités
2005;2022;France;Bordeaux Saint-Jean;Bordeaux;Nouvelle-Aquitaine;France;Paris Montparnasse;Paris;Île-de-France;4.79;TGV/Intercités
2006;2022;France;Bordeaux Saint-Jean;Bordeaux;Nouvelle-Aquitaine;France;Paris Est;Paris;Île-de-France;5.3;TGV/Intercités
2007;2022;France;Bordeaux Saint-Jean;Bordeaux;Nouvelle-Aquitaine;France;Paris Austerlitz;Paris;Île-de-France;4.74;TGV/Intercités
2008;2022;France;Bordeaux Saint-Jean;Bordeaux;Nouvelle-Aquitaine;France;Lyon Part-Dieu;Lyon;Auvergne-Rhône-Alpes;0.91;TER/Intercités
2009;2022;France;Bordeaux Saint-Jean;Bordeaux;Nouvelle-Aquitaine;France;Lyon Perrache;Lyon;Auvergne-Rhône-Alpes;1.15;TER/Intercités
2010;2022;France;Bordeaux Saint-Jean;Bordeaux;Nouvelle-Aquitaine;France;Marseille Saint-Charles;Marseille;Provence-Alpes-Côte d'Azur;1.0;TER/Intercités
2011;2022;France;Bordeaux Saint-Jean;Bordeaux;Nouvelle-Aquitaine;France;Lille Flandres;Lille;Hauts-de-France;1.11;TER/Intercités
2012;2022;France;Bordeaux Saint-Jean;Bordeaux;Nouvelle-Aquitaine;France;Lille Europe;Lille;Hauts-de-France;1.03;TER/Intercités
2013;2022;France;Bordeaux Saint-Jean;Bordeaux;Nouvelle-Aquitaine;France;Toulouse Matabiau;Toulouse;Occitanie;1.12;TER/Intercités
2014;2022;France;Bordeaux Saint-Jean;Bordeaux;Nouvelle-Aquitaine;France;Nantes;Nantes;Pays de la Loire;0.9;TER/Intercités
2015;2022;France;Bordeaux Saint-Jean;Bordeaux;Nouvelle-Aquitaine;France;Rennes;Rennes;Bretagne;0.92;TER/Intercités
2016;2022;France;Bordeaux Saint-Jean;Bordeaux;Nouvelle-Aquitaine;France;Strasbourg;Strasbourg;Grand Est;1.11;TER/Intercités
2017;2022;France;Toulouse Matabiau;Toulouse;Occitanie;France;Paris Gare du Nord;Paris;Île-de-France;4.74;TGV/Intercités
2018;2022;France;Toulouse Matabiau;Toulouse;Occitanie;France;Paris Gare de Lyon;Paris;Île-de-France;4.22;TGV/Intercités
2019;2022;France;Toulouse Matabiau;Toulouse;Occitanie;France;Paris Saint-Lazare;Paris;Île-de-France;3.74;TGV/Intercités
2020;2022;France;Toulouse Matabiau;Toulouse;Occitanie;France;Paris Montparnasse;Paris;Île-de-France;3.9;TGV/Intercités
2021;2022;France;Toulouse Matabiau;Toulouse;Occitanie;France;Paris Est;Paris;Île-de-France;3.62;TGV/Intercités
2022;2022;France;Toulouse Matabiau;Toulouse;Occitanie;France;Paris Austerlitz;Paris;Île-de-France;3.69;TGV/Intercités
2023;2022;France;Toulouse Matabiau;Toulouse;Occitanie;France;Lyon Part-Dieu;Lyon;Auvergne-Rhône-Alpes;0.98;TER/Intercités
2024;2022;France;Toulouse Matabiau;Toulouse;Occitanie;France;Lyon Perrache;Lyon;Auvergne-Rhône-Alpes;0.98;TER/Intercités
2025;2022;France;Toulouse Matabiau;Toulouse;Occitanie;France;Marseille Saint-Charles;Marseille;Provence-Alpes-Côte d'Azur;1.05;TER/Intercités
2026;2022;France;Toulouse Matabiau;Toulouse;Occitanie;France;Lille Flandres;Lille;Hauts-de-France;1.02;TER/Intercités
2027;2022;France;Toulouse Matabiau;Toulouse;Occitanie;France;Lille Europe;Lille;Hauts-de-France;0.98;TER/Intercités
2028;2022;France;Toulouse Matabiau;Toulouse;Occitanie;France;Bordeaux Saint-Jean;Bordeaux;Nouvelle-Aquitaine;1.09;TER/Intercités
2029;2022;France;Toulouse Matabiau;Toulouse;Occitanie;France;Nantes;Nantes;Pays de la Loire;0.94;TER/Intercités
2030;2022;France;Toulouse Matabiau;Toulouse;Occitanie;France;Rennes;Rennes;Bretagne;1.03;TER/Intercités
2031;2022;France;Toulouse Matabiau;Toulouse;Occitanie;France;Strasbourg;Strasbourg;Grand Est;1.17;TER/Intercités
2032;2022;France;Nantes;Nantes;Pays de la Loire;France;Paris Gare du Nord;Paris;Île-de-France;3.81;TGV/Intercités
2033;2022;France;Nantes;Nantes;Pays de la Loire;France;Paris Gare de Lyon;Paris;Île-de-France;3.76;TGV/Intercités
2034;2022;France;Nantes;Nantes;Pays de la Loire;France;Paris Saint-Lazare;Paris;Île-de-France;3.9;TGV/Intercités
2035;2022;France;Nantes;Nantes;Pays de la Loire;France;Paris Montparnasse;Paris;Île-de-France;4.82;TGV/Intercités
2036;2022;France;Nantes;Nantes;Pays de la Loire;France;Paris Est;Paris;Île-de-France;3.64;TGV/Intercités
2037;2022;France;Nantes;Nantes;Pays de la Loire;France;Paris Austerlitz;Paris;Île-de-France;4.68;TGV/Intercités
2038;2022;France;Nantes;Nantes;Pays de la Loire;France;Lyon Part-Dieu;Lyon;Auvergne-Rhône-Alpes;0.92;TER/Intercités
2039;2022;France;Nantes;Nantes;Pays de la Loire;France;Lyon Perrache;Lyon;Auvergne-Rhône-Alpes;0.99;TER/Intercités
2040;2022;France;Nantes;Nantes;Pays de la Loire;France;Marseille Saint-Charles;Marseille;Provence-Alpes-Côte d'Azur;0.92;TER/Intercités
2041;2022;France;Nantes;Nantes;Pays de la Loire;France;Lille Flandres;Lille;Hauts-de-France;1.08;TER/Intercités
2042;2022;France;Nantes;Nantes;Pays de la Loire;France;Lille Europe;Lille;Hauts-de-France;1.09;TER/Intercités
2043;2022;France;Nantes;Nantes;Pays de la Loire;France;Bordeaux Saint-Jean;Bordeaux;Nouvelle-Aquitaine;1.09;TER/Intercités
2044;2022;France;Nantes;Nantes;Pays de la Loire;France;Toulouse Matabiau;Toulouse;Occitanie;1.09;TER/Intercités
2045;2022;France;Nantes;Nantes;Pays de la Loire;France;Rennes;Rennes;Bretagne;1.18;TER/Intercités
2046;2022;France;Nantes;Nantes;Pays de la Loire;France;Strasbourg;Strasbourg;Grand Est;1.1;TER/Intercités
2047;2022;France;Rennes;Rennes;Bretagne;France;Paris Gare du Nord;Paris;Île-de-France;4.05;TGV/Intercités
2048;2022;France;Rennes;Rennes;Bretagne;France;Paris Gare de Lyon;Paris;Île-de-France;4.21;TGV/Intercités
2049;2022;France;Rennes;Rennes;Bretagne;France;Paris Saint-Lazare;Paris;Île-de-France;3.78;TGV/Intercités
2050;2022;France;Rennes;Rennes;Bretagne;France;Paris Montparnasse;Paris;Île-de-France;3.87;TGV/Intercités
2051;2022;France;Rennes;Rennes;Bretagne;France;Paris Est;Paris;Île-de-France;4.52;TGV/Intercités
2052;2022;France;Rennes;Rennes;Bretagne;France;Paris Austerlitz;Paris;Île-de-France;3.88;TGV/Intercités
2053;2022;France;Rennes;Rennes;Bretagne;France;Lyon Part-Dieu;Lyon;Auvergne-Rhône-Alpes;0.92;TER/Intercités
2054;2022;France;Rennes;Rennes;Bretagne;France;Lyon Perrache;Lyon;Auvergne-Rhône-Alpes;1.13;TER/Intercités
2055;2022;France;Rennes;Rennes;Bretagne;France;Marseille Saint-Charles;Marseille;Provence-Alpes-Côte d'Azur;1.18;TER/Intercités
2056;2022;France;Rennes;Rennes;Bretagne;France;Lille Flandres;Lille;Hauts-de-France;1.16;TER/Intercités
2057;2022;France;Rennes;Rennes;Bretagne;France;Lille Europe;Lille;Hauts-de-France;1.18;TER/Intercités
2058;2022;France;Rennes;Rennes;Bretagne;France;Bordeaux Saint-Jean;Bordeaux;Nouvelle-Aquitaine;1.0;TER/Intercités
2059;2022;France;Rennes;Rennes;Bretagne;France;Toulouse Matabiau;Toulouse;Occitanie;1.2;TER/Intercités
2060;2022;France;Rennes;Rennes;Bretagne;France;Nantes;Nantes;Pays de la Loire;1.18;TER/Intercités
2061;2022;France;Rennes;Rennes;Bretagne;France;Strasbourg;Strasbourg;Grand Est;1.08;TER/Intercités
2062;2022;France;Strasbourg;Strasbourg;Grand Est;France;Paris Gare du Nord;Paris;Île-de-France;4.25;TGV/Intercités
2063;2022;France;Strasbourg;Strasbourg;Grand Est;France;Paris Gare de Lyon;Paris;Île-de-France;4.01;TGV/Intercités
2064;2022;France;Strasbourg;Strasbourg;Grand Est;France;Paris Saint-Lazare;Paris;Île-de-France;3.62;TGV/Intercités
2065;2022;France;Strasbourg;Strasbourg;Grand Est;France;Paris Montparnasse;Paris;Île-de-France;4.43;TGV/Intercités
2066;2022;France;Strasbourg;Strasbourg;Grand Est;France;Paris Est;Paris;Île-de-France;4.48;TGV/Intercités
2067;2022;France;Strasbourg;Strasbourg;Grand Est;France;Paris Austerlitz;Paris;Île-de-France;4.47;TGV/Intercités
2068;2022;France;Strasbourg;Strasbourg;Grand Est;France;Lyon Part-Dieu;Lyon;Auvergne-Rhône-Alpes;0.92;TER/Intercités
2069;2022;France;Strasbourg;Strasbourg;Grand Est;France;Lyon Perrache;Lyon;Auvergne-Rhône-Alpes;0.98;TER/Intercités
2070;2022;France;Strasbourg;Strasbourg;Grand Est;France;Marseille Saint-Charles;Marseille;Provence-Alpes-Côte d'Azur;0.9;TER/Intercités
2071;2022;France;Strasbourg;Strasbourg;Grand Est;France;Lille Flandres;Lille;Hauts-de-France;0.95;TER/Intercités
2072;2022;France;Strasbourg;Strasbourg;Grand Est;France;Lille Europe;Lille;Hauts-de-France;1.13;TER/Intercités
2073;2022;France;Strasbourg;Strasbourg;Grand Est;France;Bordeaux Saint-Jean;Bordeaux;Nouvelle-Aquitaine;0.98;TER/Intercités
2074;2022;France;Strasbourg;Strasbourg;Grand Est;France;Toulouse Matabiau;Toulouse;Occitanie;1.19;TER/Intercités
2075;2022;France;Strasbourg;Strasbourg;Grand Est;France;Nantes;Nantes;Pays de la Loire;1.11;TER/Intercités
2076;2022;France;Strasbourg;Strasbourg;Grand Est;France;Rennes;Rennes;Bretagne;1.22;TER/Intercités
2077;2023;France;Paris Gare du Nord;Paris;Île-de-France;France;Paris Gare de Lyon;Paris;Île-de-France;0.98;TGV/Intercités
2078;2023;France;Paris Gare du Nord;Paris;Île-de-France;France;Paris Saint-Lazare;Paris;Île-de-France;0.98;TGV/Intercités
2079;2023;France;Paris Gare du Nord;Paris;Île-de-France;France;Paris Montparnasse;Paris;Île-de-France;1.15;TGV/Intercités
2080;2023;France;Paris Gare du Nord;Paris;Île-de-France;France;Paris Est;Paris;Île-de-France;1.16;TGV/Intercités
2081;2023;France;Paris Gare du Nord;Paris;Île-de-France;France;Paris Austerlitz;Paris;Île-de-France;0.91;TGV/Intercités
2082;2023;France;Paris Gare du Nord;Paris;Île-de-France;France;Lyon Part-Dieu;Lyon;Auvergne-Rhône-Alpes;8.6;TGV/Intercités
2083;2023;France;Paris Gare du Nord;Paris;Île-de-France;France;Lyon Perrache;Lyon;Auvergne-Rhône-Alpes;7.29;TGV/Intercités
2084;2023;France;Paris Gare du Nord;Paris;Île-de-France;France;Marseille Saint-Charles;Marseille;Provence-Alpes-Côte d'Azur;5.97;TGV/Intercités
2085;2023;France;Paris Gare du Nord;Paris;Île-de-France;France;Lille Flandres;Lille;Hauts-de-France;6.51;TGV/Intercités
2086;2023;France;Paris Gare du Nord;Paris;Île-de-France;France;Lille Europe;Lille;Hauts-de-France;6.91;TGV/Intercités
2087;2023;France;Paris Gare du Nord;Paris;Île-de-France;France;Bordeaux Saint-Jean;Bordeaux;Nouvelle-Aquitaine;5.02;TGV/Intercités
2088;2023;France;Paris Gare du Nord;Paris;Île-de-France;France;Toulouse Matabiau;Toulouse;Occitanie;3.71;TGV/Intercités
2089;2023;France;Paris Gare du Nord;Paris;Île-de-France;France;Nantes;Nantes;Pays de la Loire;3.78;TGV/Intercités
2090;2023;France;Paris Gare du Nord;Paris;Île-de-France;France;Rennes;Rennes;Bretagne;4.34;TGV/Intercités
2091;2023;France;Paris Gare du Nord;Paris;Île-de-France;France;Strasbourg;Strasbourg;Grand Est;4.5;TGV/Intercités
2092;2023;France;Paris Gare de Lyon;Paris;Île-de-France;France;Paris Gare du Nord;Paris;Île-de-France;1.17;TGV/Intercités
2093;2023;France;Paris Gare de Lyon;Paris;Île-de-France;France;Paris Saint-Lazare;Paris;Île-de-France;1.02;TGV/Intercités
2094;2023;France;Paris Gare de Lyon;Paris;Île-de-France;France;Paris Montparnasse;Paris;Île-de-France;0.95;TGV/Intercités
2095;2023;France;Paris Gare de Lyon;Paris;Île-de-France;France;Paris Est;Paris;Île-de-France;1.0;TGV/Intercités
2096;2023;France;Paris Gare de Lyon;Paris;Île-de-France;France;Paris Austerlitz;Paris;Île-de-France;1.09;TGV/Intercités
2097;2023;France;Paris Gare de Lyon;Paris;Île-de-France;France;Lyon Part-Dieu;Lyon;Auvergne-Rhône-Alpes;9.4;TGV/Intercités
2098;2023;France;Paris Gare de Lyon;Paris;Île-de-France;France;Lyon Perrache;Lyon;Auvergne-Rhône-Alpes;7.45;TGV/Intercités
2099;2023;France;Paris Gare de Lyon;Paris;Île-de-France;France;Marseille Saint-Charles;Marseille;Provence-Alpes-Côte d'Azur;6.89;TGV/Intercités
2100;2023;France;Paris Gare de Lyon;Paris;Île-de-France;France;Lille Flandres;Lille;Hauts-de-France;7.06;TGV/Intercités
2101;2023;France;Paris Gare de Lyon;Paris;Île-de-France;France;Lille Europe;Lille;Hauts-de-France;8.23;TGV/Intercités
2102;2023;France;Paris Gare de Lyon;Paris;Île-de-France;France;Bordeaux Saint-Jean;Bordeaux;Nouvelle-Aquitaine;5.95;TGV/Intercités
2103;2023;France;Paris Gare de Lyon;Paris;Île-de-France;France;Toulouse Matabiau;Toulouse;Occitanie;4.14;TGV/Intercités
2104;2023;France;Paris Gare de Lyon;Paris;Île-de-France;France;Nantes;Nantes;Pays de la Loire;4.63;TGV/Intercités
2105;2023;France;Paris Gare de Lyon;Paris;Île-de-France;France;Rennes;Rennes;Bretagne;4.69;TGV/Intercités
2106;2023;France;Paris Gare de Lyon;Paris;Île-de-France;France;Strasbourg;Strasbourg;Grand Est;4.4;TGV/Intercités
2107;2023;France;Paris Saint-Lazare;Paris;Île-de-France;France;Paris Gare du Nord;Paris;Île-de-France;1.02;TGV/Intercités
2108;2023;France;Paris Saint-Lazare;Paris;Île-de-France;France;Paris Gare de Lyon;Paris;Île-de-France;1.23;TGV/Intercités
2109;2023;France;Paris Saint-Lazare;Paris;Île-de-France;France;Paris Montparnasse;Paris;Île-de-France;1.08;TGV/Intercités
2110;2023;France;Paris Saint-Lazare;Paris;Île-de-France;France;Paris Est;Paris;Île-de-France;1.17;TGV/Intercités
2111;2023;France;Paris Saint-Lazare;Paris;Île-de-France;France;Paris Austerlitz;Paris;Île-de-France;1.06;TGV/Intercités
2112;2023;France;Paris Saint-Lazare;Paris;Île-de-France;France;Lyon Part-Dieu;Lyon;Auvergne-Rhône-Alpes;8.7;TGV/Intercités
2113;2023;France;Paris Saint-Lazare;Paris;Île-de-France;France;Lyon Perrache;Lyon;Auvergne-Rhône-Alpes;8.97;TGV/Intercités
2114;2023;France;Paris Saint-Lazare;Paris;Île-de-France;France;Marseille Saint-Charles;Marseille;Provence-Alpes-Côte d'Azur;5.48;TGV/Intercités
2115;2023;France;Paris Saint-Lazare;Paris;Île-de-France;France;Lille Flandres;Lille;Hauts-de-France;6.68;TGV/Intercités
2116;2023;France;Paris Saint-Lazare;Paris;Île-de-France;France;Lille Europe;Lille;Hauts-de-France;7.17;TGV/Intercités
2117;2023;France;Paris Saint-Lazare;Paris;Île-de-France;France;Bordeaux Saint-Jean;Bordeaux;Nouvelle-Aquitaine;4.99;TGV/Intercités
2118;2023;France;Paris Saint-Lazare;Paris;Île-de-France;France;Toulouse Matabiau;Toulouse;Occitanie;4.29;TGV/Intercités
2119;2023;France;Paris Saint-Lazare;Paris;Île-de-France;France;Nantes;Nantes;Pays de la Loire;4.44;TGV/Intercités
2120;2023;France;Paris Saint-Lazare;Paris;Île-de-France;France;Rennes;Rennes;Bretagne;4.35;TGV/Intercités
2121;2023;France;Paris Saint-Lazare;Paris;Île-de-France;France;Strasbourg;Strasbourg;Grand Est;4.16;TGV/Intercités
2122;2023;France;Paris Montparnasse;Paris;Île-de-France;France;Paris Gare du Nord;Paris;Île-de-France;0.91;TGV/Intercités
2123;2023;France;Paris Montparnasse;Paris;Île-de-France;France;Paris Gare de Lyon;Paris;Île-de-France;1.2;TGV/Intercités
2124;2023;France;Paris Montparnasse;Paris;Île-de-France;France;Paris Saint-Lazare;Paris;Île-de-France;0.92;TGV/Intercités
2125;2023;France;Paris Montparnasse;Paris;Île-de-France;France;Paris Est;Paris;Île-de-France;1.14;TGV/Intercités
2126;2023;France;Paris Montparnasse;Paris;Île-de-France;France;Paris Austerlitz;Paris;Île-de-France;1.01;TGV/Intercités
2127;2023;France;Paris Montparnasse;Paris;Île-de-France;France;Lyon Part-Dieu;Lyon;Auvergne-Rhône-Alpes;9.44;TGV/Intercités
2128;2023;France;Paris Montparnasse;Paris;Île-de-France;France;Lyon Perrache;Lyon;Auvergne-Rhône-Alpes;9.01;TGV/Intercités
2129;2023;France;Paris Montparnasse;Paris;Île-de-France;France;Marseille Saint-Charles;Marseille;Provence-Alpes-Côte d'Azur;6.11;TGV/Intercités
2130;2023;France;Paris Montparnasse;Paris;Île-de-France;France;Lille Flandres;Lille;Hauts-de-France;8.37;TGV/Intercités
2131;2023;France;Paris Montparnasse;Paris;Île-de-France;France;Lille Europe;Lille;Hauts-de-France;6.86;TGV/Intercités
2132;2023;France;Paris Montparnasse;Paris;Île-de-France;France;Bordeaux Saint-Jean;Bordeaux;Nouvelle-Aquitaine;6.14;TGV/Intercités
2133;2023;France;Paris Montparnasse;Paris;Île-de-France;France;Toulouse Matabiau;Toulouse;Occitanie;3.85;TGV/Intercités
2134;2023;France;Paris Montparnasse;Paris;Île-de-France;France;Nantes;Nantes;Pays de la Loire;4.23;TGV/Intercités
2135;2023;France;Paris Montparnasse;Paris;Île-de-France;France;Rennes;Rennes;Bretagne;4.01;TGV/Intercités
2136;2023;France;Paris Montparnasse;Paris;Île-de-France;France;Strasbourg;Strasbourg;Grand Est;4.5;TGV/Intercités
2137;2023;France;Paris Est;Paris;Île-de-France;France;Paris Gare du Nord;Paris;Île-de-France;1.09;TGV/Intercités
2138;2023;France;Paris Est;Paris;Île-de-France;France;Paris Gare de Lyon;Paris;Île-de-France;0.96;TGV/Intercités
2139;2023;France;Paris Est;Paris;Île-de-France;France;Paris Saint-Lazare;Paris;Île-de-France;1.04;TGV/Intercités
2140;2023;France;Paris Est;Paris;Île-de-France;France;Paris Montparnasse;Paris;Île-de-France;1.18;TGV/Intercités
2141;2023;France;Paris Est;Paris;Île-de-France;France;Paris Austerlitz;Paris;Île-de-France;1.13;TGV/Intercités
2142;2023;France;Paris Est;Paris;Île-de-France;France;Lyon Part-Dieu;Lyon;Auvergne-Rhône-Alpes;9.15;TGV/Intercités
2143;2023;France;Paris Est;Paris;Île-de-France;France;Lyon Perrache;Lyon;Auvergne-Rhône-Alpes;7.83;TGV/Intercités
2144;2023;France;Paris Est;Paris;Île-de-France;France;Marseille Saint-Charles;Marseille;Provence-Alpes-Côte d'Azur;6.76;TGV/Intercités
2145;2023;France;Paris Est;Paris;Île-de-France;France;Lille Flandres;Lille;Hauts-de-France;8.29;TGV/Intercités
2146;2023;France;Paris Est;Paris;Île-de-France;France;Lille Europe;Lille;Hauts-de-France;6.8;TGV/Intercités
2147;2023;France;Paris Est;Paris;Île-de-France;France;Bordeaux Saint-Jean;Bordeaux;Nouvelle-Aquitaine;5.55;TGV/Intercités
2148;2023;France;Paris Est;Paris;Île-de-France;France;Toulouse Matabiau;Toulouse;Occitanie;4.15;TGV/Intercités
2149;2023;France;Paris Est;Paris;Île-de-France;France;Nantes;Nantes;Pays de la Loire;3.87;TGV/Intercités
2150;2023;France;Paris Est;Paris;Île-de-France;France;Rennes;Rennes;Bretagne;4.4;TGV/Intercités
2151;2023;France;Paris Est;Paris;Île-de-France;France;Strasbourg;Strasbourg;Grand Est;4.92;TGV/Intercités
2152;2023;France;Paris Austerlitz;Paris;Île-de-France;France;Paris Gare du Nord;Paris;Île-de-France;0.97;TGV/Intercités
2153;2023;France;Paris Austerlitz;Paris;Île-de-France;France;Paris Gare de Lyon;Paris;Île-de-France;1.01;TGV/Intercités
2154;2023;France;Paris Austerlitz;Paris;Île-de-France;France;Paris Saint-Lazare;Paris;Île-de-France;1.12;TGV/Intercités
2155;2023;France;Paris Austerlitz;Paris;Île-de-France;France;Paris Montparnasse;Paris;Île-de-France;1.15;TGV/Intercités
2156;2023;France;Paris Austerlitz;Paris;Île-de-France;France;Paris Est;Paris;Île-de-France;0.91;TGV/Intercités
2157;2023;France;Paris Austerlitz;Paris;Île-de-France;France;Lyon Part-Dieu;Lyon;Auvergne-Rhône-Alpes;7.77;TGV/Intercités
2158;2023;France;Paris Austerlitz;Paris;Île-de-France;France;Lyon Perrache;Lyon;Auvergne-Rhône-Alpes;8.4;TGV/Intercités
2159;2023;France;Paris Austerlitz;Paris;Île-de-France;France;Marseille Saint-Charles;Marseille;Provence-Alpes-Côte d'Azur;7.0;TGV/Intercités
2160;2023;France;Paris Austerlitz;Paris;Île-de-France;France;Lille Flandres;Lille;Hauts-de-France;8.34;TGV/Intercités
2161;2023;France;Paris Austerlitz;Paris;Île-de-France;France;Lille Europe;Lille;Hauts-de-France;8.34;TGV/Intercités
2162;2023;France;Paris Austerlitz;Paris;Île-de-France;France;Bordeaux Saint-Jean;Bordeaux;Nouvelle-Aquitaine;4.75;TGV/Intercités
2163;2023;France;Paris Austerlitz;Paris;Île-de-France;France;Toulouse Matabiau;Toulouse;Occitanie;4.11;TGV/Intercités
2164;2023;France;Paris Austerlitz;Paris;Île-de-France;France;Nantes;Nantes;Pays de la Loire;4.4;TGV/Intercités
2165;2023;France;Paris Austerlitz;Paris;Île-de-France;France;Rennes;Rennes;Bretagne;4.61;TGV/Intercités
2166;2023;France;Paris Austerlitz;Paris;Île-de-France;France;Strasbourg;Strasbourg;Grand Est;4.49;TGV/Intercités
2167;2023;France;Lyon Part-Dieu;Lyon;Auvergne-Rhône-Alpes;France;Paris Gare du Nord;Paris;Île-de-France;9.46;TGV/Intercités
2168;2023;France;Lyon Part-Dieu;Lyon;Auvergne-Rhône-Alpes;France;Paris Gare de Lyon;Paris;Île-de-France;9.73;TGV/Intercités
2169;2023;France;Lyon Part-Dieu;Lyon;Auvergne-Rhône-Alpes;France;Paris Saint-Lazare;Paris;Île-de-France;8.2;TGV/Intercités
2170;2023;France;Lyon Part-Dieu;Lyon;Auvergne-Rhône-Alpes;France;Paris Montparnasse;Paris;Île-de-France;9.44;TGV/Intercités
2171;2023;France;Lyon Part-Dieu;Lyon;Auvergne-Rhône-Alpes;France;Paris Est;Paris;Île-de-France;9.34;TGV/Intercités
2172;2023;France;Lyon Part-Dieu;Lyon;Auvergne-Rhône-Alpes;France;Paris Austerlitz;Paris;Île-de-France;8.4;TGV/Intercités
2173;2023;France;Lyon Part-Dieu;Lyon;Auvergne-Rhône-Alpes;France;Lyon Perrache;Lyon;Auvergne-Rhône-Alpes;1.03;TER/Intercités
2174;2023;France;Lyon Part-Dieu;Lyon;Auvergne-Rhône-Alpes;France;Marseille Saint-Charles;Marseille;Provence-Alpes-Côte d'Azur;1.0;TER/Intercités
2175;2023;France;Lyon Part-Dieu;Lyon;Auvergne-Rhône-Alpes;France;Lille Flandres;Lille;Hauts-de-France;1.2;TER/Intercités
2176;2023;France;Lyon Part-Dieu;Lyon;Auvergne-Rhône-Alpes;France;Lille Europe;Lille;Hauts-de-France;1.12;TER/Intercités
2177;2023;France;Lyon Part-Dieu;Lyon;Auvergne-Rhône-Alpes;France;Bordeaux Saint-Jean;Bordeaux;Nouvelle-Aquitaine;1.05;TER/Intercités
2178;2023;France;Lyon Part-Dieu;Lyon;Auvergne-Rhône-Alpes;France;Toulouse Matabiau;Toulouse;Occitanie;1.2;TER/Intercités
2179;2023;France;Lyon Part-Dieu;Lyon;Auvergne-Rhône-Alpes;France;Nantes;Nantes;Pays de la Loire;1.13;TER/Intercités
2180;2023;France;Lyon Part-Dieu;Lyon;Auvergne-Rhône-Alpes;France;Rennes;Rennes;Bretagne;1.12;TER/Intercités
2181;2023;France;Lyon Part-Dieu;Lyon;Auvergne-Rhône-Alpes;France;Strasbourg;Strasbourg;Grand Est;1.21;TER/Intercités
2182;2023;France;Lyon Perrache;Lyon;Auvergne-Rhône-Alpes;France;Paris Gare du Nord;Paris;Île-de-France;7.5;TGV/Intercités
2183;2023;France;Lyon Perrache;Lyon;Auvergne-Rhône-Alpes;France;Paris Gare de Lyon;Paris;Île-de-France;8.81;TGV/Intercités
2184;2023;France;Lyon Perrache;Lyon;Auvergne-Rhône-Alpes;France;Paris Saint-Lazare;Paris;Île-de-France;9.29;TGV/Intercités
2185;2023;France;Lyon Perrache;Lyon;Auvergne-Rhône-Alpes;France;Paris Montparnasse;Paris;Île-de-France;9.06;TGV/Intercités
2186;2023;France;Lyon Perrache;Lyon;Auvergne-Rhône-Alpes;France;Paris Est;Paris;Île-de-France;7.76;TGV/Intercités
2187;2023;France;Lyon Perrache;Lyon;Auvergne-Rhône-Alpes;France;Paris Austerlitz;Paris;Île-de-France;8.83;TGV/Intercités
2188;2023;France;Lyon Perrache;Lyon;Auvergne-Rhône-Alpes;France;Lyon Part-Dieu;Lyon;Auvergne-Rhône-Alpes;1.12;TER/Intercités
2189;2023;France;Lyon Perrache;Lyon;Auvergne-Rhône-Alpes;France;Marseille Saint-Charles;Marseille;Provence-Alpes-Côte d'Azur;1.22;TER/Intercités
2190;2023;France;Lyon Perrache;Lyon;Auvergne-Rhône-Alpes;France;Lille Flandres;Lille;Hauts-de-France;1.22;TER/Intercités
2191;2023;France;Lyon Perrache;Lyon;Auvergne-Rhône-Alpes;France;Lille Europe;Lille;Hauts-de-France;1.04;TER/Intercités
2192;2023;France;Lyon Perrache;Lyon;Auvergne-Rhône-Alpes;France;Bordeaux Saint-Jean;Bordeaux;Nouvelle-Aquitaine;1.11;TER/Intercités
2193;2023;France;Lyon Perrache;Lyon;Auvergne-Rhône-Alpes;France;Toulouse Matabiau;Toulouse;Occitanie;1.03;TER/Intercités
2194;2023;France;Lyon Perrache;Lyon;Auvergne-Rhône-Alpes;France;Nantes;Nantes;Pays de la Loire;0.98;TER/Intercités
2195;2023;France;Lyon Perrache;Lyon;Auvergne-Rhône-Alpes;France;Rennes;Rennes;Bretagne;1.0;TER/Intercités
2196;2023;France;Lyon Perrache;Lyon;Auvergne-Rhône-Alpes;France;Strasbourg;Strasbourg;Grand Est;1.01;TER/Intercités
2197;2023;France;Marseille Saint-Charles;Marseille;Provence-Alpes-Côte d'Azur;France;Paris Gare du Nord;Paris;Île-de-France;7.33;TGV/Intercités
2198;2023;France;Marseille Saint-Charles;Marseille;Provence-Alpes-Côte d'Azur;France;Paris Gare de Lyon;Paris;Île-de-France;5.9;TGV/Intercités
2199;2023;France;Marseille Saint-Charles;Marseille;Provence-Alpes-Côte d'Azur;France;Paris Saint-Lazare;Paris;Île-de-France;5.82;TGV/Intercités
2200;2023;France;Marseille Saint-Charles;Marseille;Provence-Alpes-Côte d'Azur;France;Paris Montparnasse;Paris;Île-de-France;5.99;TGV/Intercités
2201;2023;France;Marseille Saint-Charles;Marseille;Provence-Alpes-Côte d'Azur;France;Paris Est;Paris;Île-de-France;7.36;TGV/Intercités
2202;2023;France;Marseille Saint-Charles;Marseille;Provence-Alpes-Côte d'Azur;France;Paris Austerlitz;Paris;Île-de-France;5.61;TGV/Intercités
2203;2023;France;Marseille Saint-Charles;Marseille;Provence-Alpes-Côte d'Azur;France;Lyon Part-Dieu;Lyon;Auvergne-Rhône-Alpes;0.93;TER/Intercités
2204;2023;France;Marseille Saint-Charles;Marseille;Provence-Alpes-Côte d'Azur;France;Lyon Perrache;Lyon;Auvergne-Rhône-Alpes;1.02;TER/Intercités
2205;2023;France;Marseille Saint-Charles;Marseille;Provence-Alpes-Côte d'Azur;France;Lille Flandres;Lille;Hauts-de-France;1.15;TER/Intercités
2206;2023;France;Marseille Saint-Charles;Marseille;Provence-Alpes-Côte d'Azur;France;Lille Europe;Lille;Hauts-de-France;1.13;TER/Intercités
2207;2023;France;Marseille Saint-Charles;Marseille;Provence-Alpes-Côte d'Azur;France;Bordeaux Saint-Jean;Bordeaux;Nouvelle-Aquitaine;1.04;TER/Intercités
2208;2023;France;Marseille Saint-Charles;Marseille;Provence-Alpes-Côte d'Azur;France;Toulouse Matabiau;Toulouse;Occitanie;0.91;TER/Intercités
2209;2023;France;Marseille Saint-Charles;Marseille;Provence-Alpes-Côte d'Azur;France;Nantes;Nantes;Pays de la Loire;1.12;TER/Intercités
2210;2023;France;Marseille Saint-Charles;Marseille;Provence-Alpes-Côte d'Azur;France;Rennes;Rennes;Bretagne;0.94;TER/Intercités
2211;2023;France;Marseille Saint-Charles;Marseille;Provence-Alpes-Côte d'Azur;France;Strasbourg;Strasbourg;Grand Est;0.96;TER/Intercités
2212;2023;France;Lille Flandres;Lille;Hauts-de-France;France;Paris Gare du Nord;Paris;Île-de-France;7.17;TGV/Intercités
2213;2023;France;Lille Flandres;Lille;Hauts-de-France;France;Paris Gare de Lyon;Paris;Île-de-France;7.65;TGV/Intercités
2214;2023;France;Lille Flandres;Lille;Hauts-de-France;France;Paris Saint-Lazare;Paris;Île-de-France;7.63;TGV/Intercités
2215;2023;France;Lille Flandres;Lille;Hauts-de-France;France;Paris Montparnasse;Paris;Île-de-France;7.82;TGV/Intercités
2216;2023;France;Lille Flandres;Lille;Hauts-de-France;France;Paris Est;Paris;Île-de-France;6.97;TGV/Intercités
2217;2023;France;Lille Flandres;Lille;Hauts-de-France;France;Paris Austerlitz;Paris;Île-de-France;7.87;TGV/Intercités
2218;2023;France;Lille Flandres;Lille;Hauts-de-France;France;Lyon Part-Dieu;Lyon;Auvergne-Rhône-Alpes;1.05;TER/Intercités
2219;2023;France;Lille Flandres;Lille;Hauts-de-France;France;Lyon Perrache;Lyon;Auvergne-Rhône-Alpes;0.99;TER/Intercités
2220;2023;France;Lille Flandres;Lille;Hauts-de-France;France;Marseille Saint-Charles;Marseille;Provence-Alpes-Côte d'Azur;0.93;TER/Intercités
2221;2023;France;Lille Flandres;Lille;Hauts-de-France;France;Lille Europe;Lille;Hauts-de-France;1.18;TER/Intercités
2222;2023;France;Lille Flandres;Lille;Hauts-de-France;France;Bordeaux Saint-Jean;Bordeaux;Nouvelle-Aquitaine;1.22;TER/Intercités
2223;2023;France;Lille Flandres;Lille;Hauts-de-France;France;Toulouse Matabiau;Toulouse;Occitanie;1.04;TER/Intercités
2224;2023;France;Lille Flandres;Lille;Hauts-de-France;France;Nantes;Nantes;Pays de la Loire;1.04;TER/Intercités
2225;2023;France;Lille Flandres;Lille;Hauts-de-France;France;Rennes;Rennes;Bretagne;1.19;TER/Intercités
2226;2023;France;Lille Flandres;Lille;Hauts-de-France;France;Strasbourg;Strasbourg;Grand Est;1.1;TER/Intercités
2227;2023;France;Lille Europe;Lille;Hauts-de-France;France;Paris Gare du Nord;Paris;Île-de-France;8.27;TGV/Intercités
2228;2023;France;Lille Europe;Lille;Hauts-de-France;France;Paris Gare de Lyon;Paris;Île-de-France;8.57;TGV/Intercités
2229;2023;France;Lille Europe;Lille;Hauts-de-France;France;Paris Saint-Lazare;Paris;Île-de-France;8.53;TGV/Intercités
2230;2023;France;Lille Europe;Lille;Hauts-de-France;France;Paris Montparnasse;Paris;Île-de-France;6.37;TGV/Intercités
2231;2023;France;Lille Europe;Lille;Hauts-de-France;France;Paris Est;Paris;Île-de-France;7.11;TGV/Intercités
2232;2023;France;Lille Europe;Lille;Hauts-de-France;France;Paris Austerlitz;Paris;Île-de-France;8.36;TGV/Intercités
2233;2023;France;Lille Europe;Lille;Hauts-de-France;France;Lyon Part-Dieu;Lyon;Auvergne-Rhône-Alpes;1.15;TER/Intercités
2234;2023;France;Lille Europe;Lille;Hauts-de-France;France;Lyon Perrache;Lyon;Auvergne-Rhône-Alpes;0.95;TER/Intercités
2235;2023;France;Lille Europe;Lille;Hauts-de-France;France;Marseille Saint-Charles;Marseille;Provence-Alpes-Côte d'Azur;1.12;TER/Intercités
2236;2023;France;Lille Europe;Lille;Hauts-de-France;France;Lille Flandres;Lille;Hauts-de-France;1.17;TER/Intercités
2237;2023;France;Lille Europe;Lille;Hauts-de-France;France;Bordeaux Saint-Jean;Bordeaux;Nouvelle-Aquitaine;0.92;TER/Intercités
2238;2023;France;Lille Europe;Lille;Hauts-de-France;France;Toulouse Matabiau;Toulouse;Occitanie;0.93;TER/Intercités
2239;2023;France;Lille Europe;Lille;Hauts-de-France;France;Nantes;Nantes;Pays de la Loire;1.02;TER/Intercités
2240;2023;France;Lille Europe;Lille;Hauts-de-France;France;Rennes;Rennes;Bretagne;1.18;TER/Intercités
2241;2023;France;Lille Europe;Lille;Hauts-de-France;France;Strasbourg;Strasbourg;Grand Est;1.07;TER/Intercités
2242;2023;France;Bordeaux Saint-Jean;Bordeaux;Nouvelle-Aquitaine;France;Paris Gare du Nord;Paris;Île-de-France;5.15;TGV/Intercités
2243;2023;France;Bordeaux Saint-Jean;Bordeaux;Nouvelle-Aquitaine;France;Paris Gare de Lyon;Paris;Île-de-France;4.95;TGV/Intercités
2244;2023;France;Bordeaux Saint-Jean;Bordeaux;Nouvelle-Aquitaine;France;Paris Saint-Lazare;Paris;Île-de-France;5.31;TGV/Intercités
2245;2023;France;Bordeaux Saint-Jean;Bordeaux;Nouvelle-Aquitaine;France;Paris Montparnasse;Paris;Île-de-France;5.92;TGV/Intercités
2246;2023;France;Bordeaux Saint-Jean;Bordeaux;Nouvelle-Aquitaine;France;Paris Est;Paris;Île-de-France;5.73;TGV/Intercités
2247;2023;France;Bordeaux Saint-Jean;Bordeaux;Nouvelle-Aquitaine;France;Paris Austerlitz;Paris;Île-de-France;5.02;TGV/Intercités
2248;2023;France;Bordeaux Saint-Jean;Bordeaux;Nouvelle-Aquitaine;France;Lyon Part-Dieu;Lyon;Auvergne-Rhône-Alpes;1.01;TER/Intercités
2249;2023;France;Bordeaux Saint-Jean;Bordeaux;Nouvelle-Aquitaine;France;Lyon Perrache;Lyon;Auvergne-Rhône-Alpes;1.11;TER/Intercités
2250;2023;France;Bordeaux Saint-Jean;Bordeaux;Nouvelle-Aquitaine;France;Marseille Saint-Charles;Marseille;Provence-Alpes-Côte d'Azur;1.08;TER/Intercités
2251;2023;France;Bordeaux Saint-Jean;Bordeaux;Nouvelle-Aquitaine;France;Lille Flandres;Lille;Hauts-de-France;1.2;TER/Intercités
2252;2023;France;Bordeaux Saint-Jean;Bordeaux;Nouvelle-Aquitaine;France;Lille Europe;Lille;Hauts-de-France;1.14;TER/Intercités
2253;2023;France;Bordeaux Saint-Jean;Bordeaux;Nouvelle-Aquitaine;France;Toulouse Matabiau;Toulouse;Occitanie;1.05;TER/Intercités
2254;2023;France;Bordeaux Saint-Jean;Bordeaux;Nouvelle-Aquitaine;France;Nantes;Nantes;Pays de la Loire;1.01;TER/Intercités
2255;2023;France;Bordeaux Saint-Jean;Bordeaux;Nouvelle-Aquitaine;France;Rennes;Rennes;Bretagne;1.09;TER/Intercités
2256;2023;France;Bordeaux Saint-Jean;Bordeaux;Nouvelle-Aquitaine;France;Strasbourg;Strasbourg;Grand Est;1.12;TER/Intercités
2257;2023;France;Toulouse Matabiau;Toulouse;Occitanie;France;Paris Gare du Nord;Paris;Île-de-France;4.15;TGV/Intercités
2258;2023;France;Toulouse Matabiau;Toulouse;Occitanie;France;Paris Gare de Lyon;Paris;Île-de-France;4.53;TGV/Intercités
2259;2023;France;Toulouse Matabiau;Toulouse;Occitanie;France;Paris Saint-Lazare;Paris;Île-de-France;4.25;TGV/Intercités
2260;2023;France;Toulouse Matabiau;Toulouse;Occitanie;France;Paris Montparnasse;Paris;Île-de-France;3.93;TGV/Intercités
2261;2023;France;Toulouse Matabiau;Toulouse;Occitanie;France;Paris Est;Paris;Île-de-France;4.2;TGV/Intercités
2262;2023;France;Toulouse Matabiau;Toulouse;Occitanie;France;Paris Austerlitz;Paris;Île-de-France;3.76;TGV/Intercités
2263;2023;France;Toulouse Matabiau;Toulouse;Occitanie;France;Lyon Part-Dieu;Lyon;Auvergne-Rhône-Alpes;1.04;TER/Intercités
2264;2023;France;Toulouse Matabiau;Toulouse;Occitanie;France;Lyon Perrache;Lyon;Auvergne-Rhône-Alpes;1.17;TER/Intercités
2265;2023;France;Toulouse Matabiau;Toulouse;Occitanie;France;Marseille Saint-Charles;Marseille;Provence-Alpes-Côte d'Azur;1.04;TER/Intercités
2266;2023;France;Toulouse Matabiau;Toulouse;Occitanie;France;Lille Flandres;Lille;Hauts-de-France;0.98;TER/Intercités
2267;2023;France;Toulouse Matabiau;Toulouse;Occitanie;France;Lille Europe;Lille;Hauts-de-France;1.19;TER/Intercités
2268;2023;France;Toulouse Matabiau;Toulouse;Occitanie;France;Bordeaux Saint-Jean;Bordeaux;Nouvelle-Aquitaine;1.17;TER/Intercités
2269;2023;France;Toulouse Matabiau;Toulouse;Occitanie;France;Nantes;Nantes;Pays de la Loire;0.98;TER/Intercités
2270;2023;France;Toulouse Matabiau;Toulouse;Occitanie;France;Rennes;Rennes;Bretagne;0.94;TER/Intercités
2271;2023;France;Toulouse Matabiau;Toulouse;Occitanie;France;Strasbourg;Strasbourg;Grand Est;0.94;TER/Intercités
2272;2023;France;Nantes;Nantes;Pays de la Loire;France;Paris Gare du Nord;Paris;Île-de-France;3.76;TGV/Intercités
2273;2023;France;Nantes;Nantes;Pays de la Loire;France;Paris Gare de Lyon;Paris;Île-de-France;3.83;TGV/Intercités
2274;2023;France;Nantes;Nantes;Pays de la Loire;France;Paris Saint-Lazare;Paris;Île-de-France;4.79;TGV/Intercités
2275;2023;France;Nantes;Nantes;Pays de la Loire;France;Paris Montparnasse;Paris;Île-de-France;4.1;TGV/Intercités
2276;2023;France;Nantes;Nantes;Pays de la Loire;France;Paris Est;Paris;Île-de-France;4.3;TGV/Intercités
2277;2023;France;Nantes;Nantes;Pays de la Loire;France;Paris Austerlitz;Paris;Île-de-France;4.85;TGV/Intercités
2278;2023;France;Nantes;Nantes;Pays de la Loire;France;Lyon Part-Dieu;Lyon;Auvergne-Rhône-Alpes;1.0;TER/Intercités
2279;2023;France;Nantes;Nantes;Pays de la Loire;France;Lyon Perrache;Lyon;Auvergne-Rhône-Alpes;1.14;TER/Intercités
2280;2023;France;Nantes;Nantes;Pays de la Loire;France;Marseille Saint-Charles;Marseille;Provence-Alpes-Côte d'Azur;1.07;TER/Intercités
2281;2023;France;Nantes;Nantes;Pays de la Loire;France;Lille Flandres;Lille;Hauts-de-France;1.02;TER/Intercités
2282;2023;France;Nantes;Nantes;Pays de la Loire;France;Lille Europe;Lille;Hauts-de-France;1.05;TER/Intercités
2283;2023;France;Nantes;Nantes;Pays de la Loire;France;Bordeaux Saint-Jean;Bordeaux;Nouvelle-Aquitaine;1.07;TER/Intercités
2284;2023;France;Nantes;Nantes;Pays de la Loire;France;Toulouse Matabiau;Toulouse;Occitanie;0.96;TER/Intercités
2285;2023;France;Nantes;Nantes;Pays de la Loire;France;Rennes;Rennes;Bretagne;1.05;TER/Intercités
2286;2023;France;Nantes;Nantes;Pays de la Loire;France;Strasbourg;Strasbourg;Grand Est;1.12;TER/Intercités
2287;2023;France;Rennes;Rennes;Bretagne;France;Paris Gare du Nord;Paris;Île-de-France;4.03;TGV/Intercités
2288;2023;France;Rennes;Rennes;Bretagne;France;Paris Gare de Lyon;Paris;Île-de-France;4.69;TGV/Intercités
2289;2023;France;Rennes;Rennes;Bretagne;France;Paris Saint-Lazare;Paris;Île-de-France;4.63;TGV/Intercités
2290;2023;France;Rennes;Rennes;Bretagne;France;Paris Montparnasse;Paris;Île-de-France;4.8;TGV/Intercités
2291;2023;France;Rennes;Rennes;Bretagne;France;Paris Est;Paris;Île-de-France;4.1;TGV/Intercités
2292;2023;France;Rennes;Rennes;Bretagne;France;Paris Austerlitz;Paris;Île-de-France;3.8;TGV/Intercités
2293;2023;France;Rennes;Rennes;Bretagne;France;Lyon Part-Dieu;Lyon;Auvergne-Rhône-Alpes;1.08;TER/Intercités
2294;2023;France;Rennes;Rennes;Bretagne;France;Lyon Perrache;Lyon;Auvergne-Rhône-Alpes;1.02;TER/Intercités
2295;2023;France;Rennes;Rennes;Bretagne;France;Marseille Saint-Charles;Marseille;Provence-Alpes-Côte d'Azur;1.05;TER/Intercités
2296;2023;France;Rennes;Rennes;Bretagne;France;Lille Flandres;Lille;Hauts-de-France;0.92;TER/Intercités
2297;2023;France;Rennes;Rennes;Bretagne;France;Lille Europe;Lille;Hauts-de-France;0.95;TER/Intercités
2298;2023;France;Rennes;Rennes;Bretagne;France;Bordeaux Saint-Jean;Bordeaux;Nouvelle-Aquitaine;0.93;TER/Intercités
2299;2023;France;Rennes;Rennes;Bretagne;France;Toulouse Matabiau;Toulouse;Occitanie;0.92;TER/Intercités
2300;2023;France;Rennes;Rennes;Bretagne;France;Nantes;Nantes;Pays de la Loire;1.0;TER/Intercités
2301;2023;France;Rennes;Rennes;Bretagne;France;Strasbourg;Strasbourg;Grand Est;1.08;TER/Intercités
2302;2023;France;Strasbourg;Strasbourg;Grand Est;France;Paris Gare du Nord;Paris;Île-de-France;4.5;TGV/Intercités
2303;2023;France;Strasbourg;Strasbourg;Grand Est;France;Paris Gare de Lyon;Paris;Île-de-France;4.14;TGV/Intercités
2304;2023;France;Strasbourg;Strasbourg;Grand Est;France;Paris Saint-Lazare;Paris;Île-de-France;4.06;TGV/Intercités
2305;2023;France;Strasbourg;Strasbourg;Grand Est;France;Paris Montparnasse;Paris;Île-de-France;4.38;TGV/Intercités
2306;2023;France;Strasbourg;Strasbourg;Grand Est;France;Paris Est;Paris;Île-de-France;4.12;TGV/Intercités
2307;2023;France;Strasbourg;Strasbourg;Grand Est;France;Paris Austerlitz;Paris;Île-de-France;4.69;TGV/Intercités
2308;2023;France;Strasbourg;Strasbourg;Grand Est;France;Lyon Part-Dieu;Lyon;Auvergne-Rhône-Alpes;1.06;TER/Intercités
2309;2023;France;Strasbourg;Strasbourg;Grand Est;France;Lyon Perrache;Lyon;Auvergne-Rhône-Alpes;1.21;TER/Intercités
2310;2023;France;Strasbourg;Strasbourg;Grand Est;France;Marseille Saint-Charles;Marseille;Provence-Alpes-Côte d'Azur;0.97;TER/Intercités
2311;2023;France;Strasbourg;Strasbourg;Grand Est;France;Lille Flandres;Lille;Hauts-de-France;0.92;TER/Intercités
2312;2023;France;Strasbourg;Strasbourg;Grand Est;France;Lille Europe;Lille;Hauts-de-France;1.19;TER/Intercités
2313;2023;France;Strasbourg;Strasbourg;Grand Est;France;Bordeaux Saint-Jean;Bordeaux;Nouvelle-Aquitaine;1.08;TER/Intercités
2314;2023;France;Strasbourg;Strasbourg;Grand Est;France;Toulouse Matabiau;Toulouse;Occitanie;1.17;TER/Intercités
2315;2023;France;Strasbourg;Strasbourg;Grand Est;France;Nantes;Nantes;Pays de la Loire;1.13;TER/Intercités
2316;2023;France;Strasbourg;Strasbourg;Grand Est;France;Rennes;Rennes;Bretagne;1.03;TER/Intercités
2317;2024;France;Paris Gare du Nord;Paris;Île-de-France;France;Paris Gare de Lyon;Paris;Île-de-France;1.04;TGV/Intercités
2318;2024;France;Paris Gare du Nord;Paris;Île-de-France;France;Paris Saint-Lazare;Paris;Île-de-France;1.13;TGV/Intercités
2319;2024;France;Paris Gare du Nord;Paris;Île-de-France;France;Paris Montparnasse;Paris;Île-de-France;1.19;TGV/Intercités
2320;2024;France;Paris Gare du Nord;Paris;Île-de-France;France;Paris Est;Paris;Île-de-France;0.98;TGV/Intercités
2321;2024;France;Paris Gare du Nord;Paris;Île-de-France;France;Paris Austerlitz;Paris;Île-de-France;1.03;TGV/Intercités
2322;2024;France;Paris Gare du Nord;Paris;Île-de-France;France;Lyon Part-Dieu;Lyon;Auvergne-Rhône-Alpes;7.74;TGV/Intercités
2323;2024;France;Paris Gare du Nord;Paris;Île-de-France;France;Lyon Perrache;Lyon;Auvergne-Rhône-Alpes;8.54;TGV/Intercités
2324;2024;France;Paris Gare du Nord;Paris;Île-de-France;France;Marseille Saint-Charles;Marseille;Provence-Alpes-Côte d'Azur;7.06;TGV/Intercités
2325;2024;France;Paris Gare du Nord;Paris;Île-de-France;France;Lille Flandres;Lille;Hauts-de-France;8.33;TGV/Intercités
2326;2024;France;Paris Gare du Nord;Paris;Île-de-France;France;Lille Europe;Lille;Hauts-de-France;7.7;TGV/Intercités
2327;2024;France;Paris Gare du Nord;Paris;Île-de-France;France;Bordeaux Saint-Jean;Bordeaux;Nouvelle-Aquitaine;5.03;TGV/Intercités
2328;2024;France;Paris Gare du Nord;Paris;Île-de-France;France;Toulouse Matabiau;Toulouse;Occitanie;4.61;TGV/Intercités
2329;2024;France;Paris Gare du Nord;Paris;Île-de-France;France;Nantes;Nantes;Pays de la Loire;4.35;TGV/Intercités
2330;2024;France;Paris Gare du Nord;Paris;Île-de-France;France;Rennes;Rennes;Bretagne;3.87;TGV/Intercités
2331;2024;France;Paris Gare du Nord;Paris;Île-de-France;France;Strasbourg;Strasbourg;Grand Est;3.82;TGV/Intercités
2332;2024;France;Paris Gare de Lyon;Paris;Île-de-France;France;Paris Gare du Nord;Paris;Île-de-France;0.95;TGV/Intercités
2333;2024;France;Paris Gare de Lyon;Paris;Île-de-France;France;Paris Saint-Lazare;Paris;Île-de-France;1.1;TGV/Intercités
2334;2024;France;Paris Gare de Lyon;Paris;Île-de-France;France;Paris Montparnasse;Paris;Île-de-France;1.07;TGV/Intercités
2335;2024;France;Paris Gare de Lyon;Paris;Île-de-France;France;Paris Est;Paris;Île-de-France;0.99;TGV/Intercités
2336;2024;France;Paris Gare de Lyon;Paris;Île-de-France;France;Paris Austerlitz;Paris;Île-de-France;0.94;TGV/Intercités
2337;2024;France;Paris Gare de Lyon;Paris;Île-de-France;France;Lyon Part-Dieu;Lyon;Auvergne-Rhône-Alpes;9.38;TGV/Intercités
2338;2024;France;Paris Gare de Lyon;Paris;Île-de-France;France;Lyon Perrache;Lyon;Auvergne-Rhône-Alpes;8.78;TGV/Intercités
2339;2024;France;Paris Gare de Lyon;Paris;Île-de-France;France;Marseille Saint-Charles;Marseille;Provence-Alpes-Côte d'Azur;6.52;TGV/Intercités
2340;2024;France;Paris Gare de Lyon;Paris;Île-de-France;France;Lille Flandres;Lille;Hauts-de-France;8.48;TGV/Intercités
2341;2024;France;Paris Gare de Lyon;Paris;Île-de-France;France;Lille Europe;Lille;Hauts-de-France;8.04;TGV/Intercités
2342;2024;France;Paris Gare de Lyon;Paris;Île-de-France;France;Bordeaux Saint-Jean;Bordeaux;Nouvelle-Aquitaine;5.21;TGV/Intercités
2343;2024;France;Paris Gare de Lyon;Paris;Île-de-France;France;Toulouse Matabiau;Toulouse;Occitanie;4.8;TGV/Intercités
2344;2024;France;Paris Gare de Lyon;Paris;Île-de-France;France;Nantes;Nantes;Pays de la Loire;4.69;TGV/Intercités
2345;2024;France;Paris Gare de Lyon;Paris;Île-de-France;France;Rennes;Rennes;Bretagne;4.5;TGV/Intercités
2346;2024;France;Paris Gare de Lyon;Paris;Île-de-France;France;Strasbourg;Strasbourg;Grand Est;3.83;TGV/Intercités
2347;2024;France;Paris Saint-Lazare;Paris;Île-de-France;France;Paris Gare du Nord;Paris;Île-de-France;1.17;TGV/Intercités
2348;2024;France;Paris Saint-Lazare;Paris;Île-de-France;France;Paris Gare de Lyon;Paris;Île-de-France;0.95;TGV/Intercités
2349;2024;France;Paris Saint-Lazare;Paris;Île-de-France;France;Paris Montparnasse;Paris;Île-de-France;1.05;TGV/Intercités
2350;2024;France;Paris Saint-Lazare;Paris;Île-de-France;France;Paris Est;Paris;Île-de-France;1.06;TGV/Intercités
2351;2024;France;Paris Saint-Lazare;Paris;Île-de-France;France;Paris Austerlitz;Paris;Île-de-France;1.09;TGV/Intercités
2352;2024;France;Paris Saint-Lazare;Paris;Île-de-France;France;Lyon Part-Dieu;Lyon;Auvergne-Rhône-Alpes;9.06;TGV/Intercités
2353;2024;France;Paris Saint-Lazare;Paris;Île-de-France;France;Lyon Perrache;Lyon;Auvergne-Rhône-Alpes;7.43;TGV/Intercités
2354;2024;France;Paris Saint-Lazare;Paris;Île-de-France;France;Marseille Saint-Charles;Marseille;Provence-Alpes-Côte d'Azur;5.99;TGV/Intercités
2355;2024;France;Paris Saint-Lazare;Paris;Île-de-France;France;Lille Flandres;Lille;Hauts-de-France;7.77;TGV/Intercités
2356;2024;France;Paris Saint-Lazare;Paris;Île-de-France;France;Lille Europe;Lille;Hauts-de-France;6.5;TGV/Intercités
2357;2024;France;Paris Saint-Lazare;Paris;Île-de-France;France;Bordeaux Saint-Jean;Bordeaux;Nouvelle-Aquitaine;5.21;TGV/Intercités
2358;2024;France;Paris Saint-Lazare;Paris;Île-de-France;France;Toulouse Matabiau;Toulouse;Occitanie;4.81;TGV/Intercités
2359;2024;France;Paris Saint-Lazare;Paris;Île-de-France;France;Nantes;Nantes;Pays de la Loire;4.08;TGV/Intercités
2360;2024;France;Paris Saint-Lazare;Paris;Île-de-France;France;Rennes;Rennes;Bretagne;4.51;TGV/Intercités
2361;2024;France;Paris Saint-Lazare;Paris;Île-de-France;France;Strasbourg;Strasbourg;Grand Est;4.0;TGV/Intercités
2362;2024;France;Paris Montparnasse;Paris;Île-de-France;France;Paris Gare du Nord;Paris;Île-de-France;1.09;TGV/Intercités
2363;2024;France;Paris Montparnasse;Paris;Île-de-France;France;Paris Gare de Lyon;Paris;Île-de-France;1.23;TGV/Intercités
2364;2024;France;Paris Montparnasse;Paris;Île-de-France;France;Paris Saint-Lazare;Paris;Île-de-France;1.17;TGV/Intercités
2365;2024;France;Paris Montparnasse;Paris;Île-de-France;France;Paris Est;Paris;Île-de-France;1.15;TGV/Intercités
2366;2024;France;Paris Montparnasse;Paris;Île-de-France;France;Paris Austerlitz;Paris;Île-de-France;0.97;TGV/Intercités
2367;2024;France;Paris Montparnasse;Paris;Île-de-France;France;Lyon Part-Dieu;Lyon;Auvergne-Rhône-Alpes;8.11;TGV/Intercités
2368;2024;France;Paris Montparnasse;Paris;Île-de-France;France;Lyon Perrache;Lyon;Auvergne-Rhône-Alpes;8.65;TGV/Intercités
2369;2024;France;Paris Montparnasse;Paris;Île-de-France;France;Marseille Saint-Charles;Marseille;Provence-Alpes-Côte d'Azur;6.86;TGV/Intercités
2370;2024;France;Paris Montparnasse;Paris;Île-de-France;France;Lille Flandres;Lille;Hauts-de-France;7.5;TGV/Intercités
2371;2024;France;Paris Montparnasse;Paris;Île-de-France;France;Lille Europe;Lille;Hauts-de-France;8.36;TGV/Intercités
2372;2024;France;Paris Montparnasse;Paris;Île-de-France;France;Bordeaux Saint-Jean;Bordeaux;Nouvelle-Aquitaine;5.46;TGV/Intercités
2373;2024;France;Paris Montparnasse;Paris;Île-de-France;France;Toulouse Matabiau;Toulouse;Occitanie;4.72;TGV/Intercités
2374;2024;France;Paris Montparnasse;Paris;Île-de-France;France;Nantes;Nantes;Pays de la Loire;4.06;TGV/Intercités
2375;2024;France;Paris Montparnasse;Paris;Île-de-France;France;Rennes;Rennes;Bretagne;4.78;TGV/Intercités
2376;2024;France;Paris Montparnasse;Paris;Île-de-France;France;Strasbourg;Strasbourg;Grand Est;3.76;TGV/Intercités
2377;2024;France;Paris Est;Paris;Île-de-France;France;Paris Gare du Nord;Paris;Île-de-France;1.22;TGV/Intercités
2378;2024;France;Paris Est;Paris;Île-de-France;France;Paris Gare de Lyon;Paris;Île-de-France;1.1;TGV/Intercités
2379;2024;France;Paris Est;Paris;Île-de-France;France;Paris Saint-Lazare;Paris;Île-de-France;1.18;TGV/Intercités
2380;2024;France;Paris Est;Paris;Île-de-France;France;Paris Montparnasse;Paris;Île-de-France;0.94;TGV/Intercités
2381;2024;France;Paris Est;Paris;Île-de-France;France;Paris Austerlitz;Paris;Île-de-France;0.93;TGV/Intercités
2382;2024;France;Paris Est;Paris;Île-de-France;France;Lyon Part-Dieu;Lyon;Auvergne-Rhône-Alpes;7.51;TGV/Intercités
2383;2024;France;Paris Est;Paris;Île-de-France;France;Lyon Perrache;Lyon;Auvergne-Rhône-Alpes;8.23;TGV/Intercités
2384;2024;France;Paris Est;Paris;Île-de-France;France;Marseille Saint-Charles;Marseille;Provence-Alpes-Côte d'Azur;7.3;TGV/Intercités
2385;2024;France;Paris Est;Paris;Île-de-France;France;Lille Flandres;Lille;Hauts-de-France;7.09;TGV/Intercités
2386;2024;France;Paris Est;Paris;Île-de-France;France;Lille Europe;Lille;Hauts-de-France;7.44;TGV/Intercités
2387;2024;France;Paris Est;Paris;Île-de-France;France;Bordeaux Saint-Jean;Bordeaux;Nouvelle-Aquitaine;6.16;TGV/Intercités
2388;2024;France;Paris Est;Paris;Île-de-France;France;Toulouse Matabiau;Toulouse;Occitanie;4.65;TGV/Intercités
2389;2024;France;Paris Est;Paris;Île-de-France;France;Nantes;Nantes;Pays de la Loire;4.17;TGV/Intercités
2390;2024;France;Paris Est;Paris;Île-de-France;France;Rennes;Rennes;Bretagne;4.57;TGV/Intercités
2391;2024;France;Paris Est;Paris;Île-de-France;France;Strasbourg;Strasbourg;Grand Est;4.12;TGV/Intercités
2392;2024;France;Paris Austerlitz;Paris;Île-de-France;France;Paris Gare du Nord;Paris;Île-de-France;1.0;TGV/Intercités
2393;2024;France;Paris Austerlitz;Paris;Île-de-France;France;Paris Gare de Lyon;Paris;Île-de-France;0.97;TGV/Intercités
2394;2024;France;Paris Austerlitz;Paris;Île-de-France;France;Paris Saint-Lazare;Paris;Île-de-France;1.13;TGV/Intercités
2395;2024;France;Paris Austerlitz;Paris;Île-de-France;France;Paris Montparnasse;Paris;Île-de-France;1.02;TGV/Intercités
2396;2024;France;Paris Austerlitz;Paris;Île-de-France;France;Paris Est;Paris;Île-de-France;0.93;TGV/Intercités
2397;2024;France;Paris Austerlitz;Paris;Île-de-France;France;Lyon Part-Dieu;Lyon;Auvergne-Rhône-Alpes;7.66;TGV/Intercités
2398;2024;France;Paris Austerlitz;Paris;Île-de-France;France;Lyon Perrache;Lyon;Auvergne-Rhône-Alpes;7.69;TGV/Intercités
2399;2024;France;Paris Austerlitz;Paris;Île-de-France;France;Marseille Saint-Charles;Marseille;Provence-Alpes-Côte d'Azur;6.29;TGV/Intercités
2400;2024;France;Paris Austerlitz;Paris;Île-de-France;France;Lille Flandres;Lille;Hauts-de-France;8.41;TGV/Intercités
2401;2024;France;Paris Austerlitz;Paris;Île-de-France;France;Lille Europe;Lille;Hauts-de-France;8.36;TGV/Intercités
2402;2024;France;Paris Austerlitz;Paris;Île-de-France;France;Bordeaux Saint-Jean;Bordeaux;Nouvelle-Aquitaine;5.96;TGV/Intercités
2403;2024;France;Paris Austerlitz;Paris;Île-de-France;France;Toulouse Matabiau;Toulouse;Occitanie;4.16;TGV/Intercités
2404;2024;France;Paris Austerlitz;Paris;Île-de-France;France;Nantes;Nantes;Pays de la Loire;4.31;TGV/Intercités
2405;2024;France;Paris Austerlitz;Paris;Île-de-France;France;Rennes;Rennes;Bretagne;3.81;TGV/Intercités
2406;2024;France;Paris Austerlitz;Paris;Île-de-France;France;Strasbourg;Strasbourg;Grand Est;4.38;TGV/Intercités
2407;2024;France;Lyon Part-Dieu;Lyon;Auvergne-Rhône-Alpes;France;Paris Gare du Nord;Paris;Île-de-France;8.88;TGV/Intercités
2408;2024;France;Lyon Part-Dieu;Lyon;Auvergne-Rhône-Alpes;France;Paris Gare de Lyon;Paris;Île-de-France;7.36;TGV/Intercités
2409;2024;France;Lyon Part-Dieu;Lyon;Auvergne-Rhône-Alpes;France;Paris Saint-Lazare;Paris;Île-de-France;9.87;TGV/Intercités
2410;2024;France;Lyon Part-Dieu;Lyon;Auvergne-Rhône-Alpes;France;Paris Montparnasse;Paris;Île-de-France;8.41;TGV/Intercités
2411;2024;France;Lyon Part-Dieu;Lyon;Auvergne-Rhône-Alpes;France;Paris Est;Paris;Île-de-France;8.46;TGV/Intercités
2412;2024;France;Lyon Part-Dieu;Lyon;Auvergne-Rhône-Alpes;France;Paris Austerlitz;Paris;Île-de-France;8.24;TGV/Intercités
2413;2024;France;Lyon Part-Dieu;Lyon;Auvergne-Rhône-Alpes;France;Lyon Perrache;Lyon;Auvergne-Rhône-Alpes;1.07;TER/Intercités
2414;2024;France;Lyon Part-Dieu;Lyon;Auvergne-Rhône-Alpes;France;Marseille Saint-Charles;Marseille;Provence-Alpes-Côte d'Azur;1.04;TER/Intercités
2415;2024;France;Lyon Part-Dieu;Lyon;Auvergne-Rhône-Alpes;France;Lille Flandres;Lille;Hauts-de-France;1.01;TER/Intercités
2416;2024;France;Lyon Part-Dieu;Lyon;Auvergne-Rhône-Alpes;France;Lille Europe;Lille;Hauts-de-France;1.1;TER/Intercités
2417;2024;France;Lyon Part-Dieu;Lyon;Auvergne-Rhône-Alpes;France;Bordeaux Saint-Jean;Bordeaux;Nouvelle-Aquitaine;0.98;TER/Intercités
2418;2024;France;Lyon Part-Dieu;Lyon;Auvergne-Rhône-Alpes;France;Toulouse Matabiau;Toulouse;Occitanie;1.15;TER/Intercités
2419;2024;France;Lyon Part-Dieu;Lyon;Auvergne-Rhône-Alpes;France;Nantes;Nantes;Pays de la Loire;1.13;TER/Intercités
2420;2024;France;Lyon Part-Dieu;Lyon;Auvergne-Rhône-Alpes;France;Rennes;Rennes;Bretagne;1.0;TER/Intercités
2421;2024;France;Lyon Part-Dieu;Lyon;Auvergne-Rhône-Alpes;France;Strasbourg;Strasbourg;Grand Est;1.17;TER/Intercités
2422;2024;France;Lyon Perrache;Lyon;Auvergne-Rhône-Alpes;France;Paris Gare du Nord;Paris;Île-de-France;9.3;TGV/Intercités
2423;2024;France;Lyon Perrache;Lyon;Auvergne-Rhône-Alpes;France;Paris Gare de Lyon;Paris;Île-de-France;8.1;TGV/Intercités
2424;2024;France;Lyon Perrache;Lyon;Auvergne-Rhône-Alpes;France;Paris Saint-Lazare;Paris;Île-de-France;9.3;TGV/Intercités
2425;2024;France;Lyon Perrache;Lyon;Auvergne-Rhône-Alpes;France;Paris Montparnasse;Paris;Île-de-France;9.59;TGV/Intercités
2426;2024;France;Lyon Perrache;Lyon;Auvergne-Rhône-Alpes;France;Paris Est;Paris;Île-de-France;8.68;TGV/Intercités
2427;2024;France;Lyon Perrache;Lyon;Auvergne-Rhône-Alpes;France;Paris Austerlitz;Paris;Île-de-France;8.37;TGV/Intercités
2428;2024;France;Lyon Perrache;Lyon;Auvergne-Rhône-Alpes;France;Lyon Part-Dieu;Lyon;Auvergne-Rhône-Alpes;0.96;TER/Intercités
2429;2024;France;Lyon Perrache;Lyon;Auvergne-Rhône-Alpes;France;Marseille Saint-Charles;Marseille;Provence-Alpes-Côte d'Azur;0.97;TER/Intercités
2430;2024;France;Lyon Perrache;Lyon;Auvergne-Rhône-Alpes;France;Lille Flandres;Lille;Hauts-de-France;0.98;TER/Intercités
2431;2024;France;Lyon Perrache;Lyon;Auvergne-Rhône-Alpes;France;Lille Europe;Lille;Hauts-de-France;1.03;TER/Intercités
2432;2024;France;Lyon Perrache;Lyon;Auvergne-Rhône-Alpes;France;Bordeaux Saint-Jean;Bordeaux;Nouvelle-Aquitaine;1.07;TER/Intercités
2433;2024;France;Lyon Perrache;Lyon;Auvergne-Rhône-Alpes;France;Toulouse Matabiau;Toulouse;Occitanie;1.2;TER/Intercités
2434;2024;France;Lyon Perrache;Lyon;Auvergne-Rhône-Alpes;France;Nantes;Nantes;Pays de la Loire;1.16;TER/Intercités
2435;2024;France;Lyon Perrache;Lyon;Auvergne-Rhône-Alpes;France;Rennes;Rennes;Bretagne;1.19;TER/Intercités
2436;2024;France;Lyon Perrache;Lyon;Auvergne-Rhône-Alpes;France;Strasbourg;Strasbourg;Grand Est;0.95;TER/Intercités
2437;2024;France;Marseille Saint-Charles;Marseille;Provence-Alpes-Côte d'Azur;France;Paris Gare du Nord;Paris;Île-de-France;6.17;TGV/Intercités
2438;2024;France;Marseille Saint-Charles;Marseille;Provence-Alpes-Côte d'Azur;France;Paris Gare de Lyon;Paris;Île-de-France;7.11;TGV/Intercités
2439;2024;France;Marseille Saint-Charles;Marseille;Provence-Alpes-Côte d'Azur;France;Paris Saint-Lazare;Paris;Île-de-France;5.89;TGV/Intercités
2440;2024;France;Marseille Saint-Charles;Marseille;Provence-Alpes-Côte d'Azur;France;Paris Montparnasse;Paris;Île-de-France;7.2;TGV/Intercités
2441;2024;France;Marseille Saint-Charles;Marseille;Provence-Alpes-Côte d'Azur;France;Paris Est;Paris;Île-de-France;5.83;TGV/Intercités
2442;2024;France;Marseille Saint-Charles;Marseille;Provence-Alpes-Côte d'Azur;France;Paris Austerlitz;Paris;Île-de-France;7.0;TGV/Intercités
2443;2024;France;Marseille Saint-Charles;Marseille;Provence-Alpes-Côte d'Azur;France;Lyon Part-Dieu;Lyon;Auvergne-Rhône-Alpes;0.98;TER/Intercités
2444;2024;France;Marseille Saint-Charles;Marseille;Provence-Alpes-Côte d'Azur;France;Lyon Perrache;Lyon;Auvergne-Rhône-Alpes;1.01;TER/Intercités
2445;2024;France;Marseille Saint-Charles;Marseille;Provence-Alpes-Côte d'Azur;France;Lille Flandres;Lille;Hauts-de-France;1.07;TER/Intercités
2446;2024;France;Marseille Saint-Charles;Marseille;Provence-Alpes-Côte d'Azur;France;Lille Europe;Lille;Hauts-de-France;1.11;TER/Intercités
2447;2024;France;Marseille Saint-Charles;Marseille;Provence-Alpes-Côte d'Azur;France;Bordeaux Saint-Jean;Bordeaux;Nouvelle-Aquitaine;1.18;TER/Intercités
2448;2024;France;Marseille Saint-Charles;Marseille;Provence-Alpes-Côte d'Azur;France;Toulouse Matabiau;Toulouse;Occitanie;1.15;TER/Intercités
2449;2024;France;Marseille Saint-Charles;Marseille;Provence-Alpes-Côte d'Azur;France;Nantes;Nantes;Pays de la Loire;0.92;TER/Intercités
2450;2024;France;Marseille Saint-Charles;Marseille;Provence-Alpes-Côte d'Azur;France;Rennes;Rennes;Bretagne;1.18;TER/Intercités
2451;2024;France;Marseille Saint-Charles;Marseille;Provence-Alpes-Côte d'Azur;France;Strasbourg;Strasbourg;Grand Est;1.22;TER/Intercités
2452;2024;France;Lille Flandres;Lille;Hauts-de-France;France;Paris Gare du Nord;Paris;Île-de-France;8.1;TGV/Intercités
2453;2024;France;Lille Flandres;Lille;Hauts-de-France;France;Paris Gare de Lyon;Paris;Île-de-France;8.11;TGV/Intercités
2454;2024;France;Lille Flandres;Lille;Hauts-de-France;France;Paris Saint-Lazare;Paris;Île-de-France;7.97;TGV/Intercités
2455;2024;France;Lille Flandres;Lille;Hauts-de-France;France;Paris Montparnasse;Paris;Île-de-France;8.33;TGV/Intercités
2456;2024;France;Lille Flandres;Lille;Hauts-de-France;France;Paris Est;Paris;Île-de-France;8.17;TGV/Intercités
2457;2024;France;Lille Flandres;Lille;Hauts-de-France;France;Paris Austerlitz;Paris;Île-de-France;8.32;TGV/Intercités
2458;2024;France;Lille Flandres;Lille;Hauts-de-France;France;Lyon Part-Dieu;Lyon;Auvergne-Rhône-Alpes;1.03;TER/Intercités
2459;2024;France;Lille Flandres;Lille;Hauts-de-France;France;Lyon Perrache;Lyon;Auvergne-Rhône-Alpes;1.04;TER/Intercités
2460;2024;France;Lille Flandres;Lille;Hauts-de-France;France;Marseille Saint-Charles;Marseille;Provence-Alpes-Côte d'Azur;1.16;TER/Intercités
2461;2024;France;Lille Flandres;Lille;Hauts-de-France;France;Lille Europe;Lille;Hauts-de-France;1.2;TER/Intercités
2462;2024;France;Lille Flandres;Lille;Hauts-de-France;France;Bordeaux Saint-Jean;Bordeaux;Nouvelle-Aquitaine;1.2;TER/Intercités
2463;2024;France;Lille Flandres;Lille;Hauts-de-France;France;Toulouse Matabiau;Toulouse;Occitanie;0.99;TER/Intercités
2464;2024;France;Lille Flandres;Lille;Hauts-de-France;France;Nantes;Nantes;Pays de la Loire;1.05;TER/Intercités
2465;2024;France;Lille Flandres;Lille;Hauts-de-France;France;Rennes;Rennes;Bretagne;1.04;TER/Intercités
2466;2024;France;Lille Flandres;Lille;Hauts-de-France;France;Strasbourg;Strasbourg;Grand Est;0.92;TER/Intercités
2467;2024;France;Lille Europe;Lille;Hauts-de-France;France;Paris Gare du Nord;Paris;Île-de-France;6.52;TGV/Intercités
2468;2024;France;Lille Europe;Lille;Hauts-de-France;France;Paris Gare de Lyon;Paris;Île-de-France;6.59;TGV/Intercités
2469;2024;France;Lille Europe;Lille;Hauts-de-France;France;Paris Saint-Lazare;Paris;Île-de-France;8.04;TGV/Intercités
2470;2024;France;Lille Europe;Lille;Hauts-de-France;France;Paris Montparnasse;Paris;Île-de-France;7.2;TGV/Intercités
2471;2024;France;Lille Europe;Lille;Hauts-de-France;France;Paris Est;Paris;Île-de-France;6.68;TGV/Intercités
2472;2024;France;Lille Europe;Lille;Hauts-de-France;France;Paris Austerlitz;Paris;Île-de-France;6.45;TGV/Intercités
2473;2024;France;Lille Europe;Lille;Hauts-de-France;France;Lyon Part-Dieu;Lyon;Auvergne-Rhône-Alpes;0.97;TER/Intercités
2474;2024;France;Lille Europe;Lille;Hauts-de-France;France;Lyon Perrache;Lyon;Auvergne-Rhône-Alpes;1.23;TER/Intercités
2475;2024;France;Lille Europe;Lille;Hauts-de-France;France;Marseille Saint-Charles;Marseille;Provence-Alpes-Côte d'Azur;1.08;TER/Intercités
2476;2024;France;Lille Europe;Lille;Hauts-de-France;France;Lille Flandres;Lille;Hauts-de-France;1.01;TER/Intercités
2477;2024;France;Lille Europe;Lille;Hauts-de-France;France;Bordeaux Saint-Jean;Bordeaux;Nouvelle-Aquitaine;1.07;TER/Intercités
2478;2024;France;Lille Europe;Lille;Hauts-de-France;France;Toulouse Matabiau;Toulouse;Occitanie;1.18;TER/Intercités
2479;2024;France;Lille Europe;Lille;Hauts-de-France;France;Nantes;Nantes;Pays de la Loire;1.24;TER/Intercités
2480;2024;France;Lille Europe;Lille;Hauts-de-France;France;Rennes;Rennes;Bretagne;1.03;TER/Intercités
2481;2024;France;Lille Europe;Lille;Hauts-de-France;France;Strasbourg;Strasbourg;Grand Est;1.05;TER/Intercités
2482;2024;France;Bordeaux Saint-Jean;Bordeaux;Nouvelle-Aquitaine;France;Paris Gare du Nord;Paris;Île-de-France;5.3;TGV/Intercités
2483;2024;France;Bordeaux Saint-Jean;Bordeaux;Nouvelle-Aquitaine;France;Paris Gare de Lyon;Paris;Île-de-France;5.71;TGV/Intercités
2484;2024;France;Bordeaux Saint-Jean;Bordeaux;Nouvelle-Aquitaine;France;Paris Saint-Lazare;Paris;Île-de-France;5.49;TGV/Intercités
2485;2024;France;Bordeaux Saint-Jean;Bordeaux;Nouvelle-Aquitaine;France;Paris Montparnasse;Paris;Île-de-France;4.83;TGV/Intercités
2486;2024;France;Bordeaux Saint-Jean;Bordeaux;Nouvelle-Aquitaine;France;Paris Est;Paris;Île-de-France;5.88;TGV/Intercités
2487;2024;France;Bordeaux Saint-Jean;Bordeaux;Nouvelle-Aquitaine;France;Paris Austerlitz;Paris;Île-de-France;4.7;TGV/Intercités
2488;2024;France;Bordeaux Saint-Jean;Bordeaux;Nouvelle-Aquitaine;France;Lyon Part-Dieu;Lyon;Auvergne-Rhône-Alpes;1.01;TER/Intercités
2489;2024;France;Bordeaux Saint-Jean;Bordeaux;Nouvelle-Aquitaine;France;Lyon Perrache;Lyon;Auvergne-Rhône-Alpes;1.05;TER/Intercités
2490;2024;France;Bordeaux Saint-Jean;Bordeaux;Nouvelle-Aquitaine;France;Marseille Saint-Charles;Marseille;Provence-Alpes-Côte d'Azur;1.2;TER/Intercités
2491;2024;France;Bordeaux Saint-Jean;Bordeaux;Nouvelle-Aquitaine;France;Lille Flandres;Lille;Hauts-de-France;1.18;TER/Intercités
2492;2024;France;Bordeaux Saint-Jean;Bordeaux;Nouvelle-Aquitaine;France;Lille Europe;Lille;Hauts-de-France;1.18;TER/Intercités
2493;2024;France;Bordeaux Saint-Jean;Bordeaux;Nouvelle-Aquitaine;France;Toulouse Matabiau;Toulouse;Occitanie;1.03;TER/Intercités
2494;2024;France;Bordeaux Saint-Jean;Bordeaux;Nouvelle-Aquitaine;France;Nantes;Nantes;Pays de la Loire;1.01;TER/Intercités
2495;2024;France;Bordeaux Saint-Jean;Bordeaux;Nouvelle-Aquitaine;France;Rennes;Rennes;Bretagne;1.0;TER/Intercités
2496;2024;France;Bordeaux Saint-Jean;Bordeaux;Nouvelle-Aquitaine;France;Strasbourg;Strasbourg;Grand Est;0.99;TER/Intercités
2497;2024;France;Toulouse Matabiau;Toulouse;Occitanie;France;Paris Gare du Nord;Paris;Île-de-France;4.85;TGV/Intercités
2498;2024;France;Toulouse Matabiau;Toulouse;Occitanie;France;Paris Gare de Lyon;Paris;Île-de-France;4.57;TGV/Intercités
2499;2024;France;Toulouse Matabiau;Toulouse;Occitanie;France;Paris Saint-Lazare;Paris;Île-de-France;4.32;TGV/Intercités
2500;2024;France;Toulouse Matabiau;Toulouse;Occitanie;France;Paris Montparnasse;Paris;Île-de-France;4.91;TGV/Intercités
2501;2024;France;Toulouse Matabiau;Toulouse;Occitanie;France;Paris Est;Paris;Île-de-France;4.11;TGV/Intercités
2502;2024;France;Toulouse Matabiau;Toulouse;Occitanie;France;Paris Austerlitz;Paris;Île-de-France;4.72;TGV/Intercités
2503;2024;France;Toulouse Matabiau;Toulouse;Occitanie;France;Lyon Part-Dieu;Lyon;Auvergne-Rhône-Alpes;1.08;TER/Intercités
2504;2024;France;Toulouse Matabiau;Toulouse;Occitanie;France;Lyon Perrache;Lyon;Auvergne-Rhône-Alpes;1.2;TER/Intercités
2505;2024;France;Toulouse Matabiau;Toulouse;Occitanie;France;Marseille Saint-Charles;Marseille;Provence-Alpes-Côte d'Azur;0.94;TER/Intercités
2506;2024;France;Toulouse Matabiau;Toulouse;Occitanie;France;Lille Flandres;Lille;Hauts-de-France;1.14;TER/Intercités
2507;2024;France;Toulouse Matabiau;Toulouse;Occitanie;France;Lille Europe;Lille;Hauts-de-France;1.0;TER/Intercités
2508;2024;France;Toulouse Matabiau;Toulouse;Occitanie;France;Bordeaux Saint-Jean;Bordeaux;Nouvelle-Aquitaine;0.95;TER/Intercités
2509;2024;France;Toulouse Matabiau;Toulouse;Occitanie;France;Nantes;Nantes;Pays de la Loire;1.07;TER/Intercités
2510;2024;France;Toulouse Matabiau;Toulouse;Occitanie;France;Rennes;Rennes;Bretagne;1.13;TER/Intercités
2511;2024;France;Toulouse Matabiau;Toulouse;Occitanie;France;Strasbourg;Strasbourg;Grand Est;1.21;TER/Intercités
2512;2024;France;Nantes;Nantes;Pays de la Loire;France;Paris Gare du Nord;Paris;Île-de-France;3.92;TGV/Intercités
2513;2024;France;Nantes;Nantes;Pays de la Loire;France;Paris Gare de Lyon;Paris;Île-de-France;4.68;TGV/Intercités
2514;2024;France;Nantes;Nantes;Pays de la Loire;France;Paris Saint-Lazare;Paris;Île-de-France;4.53;TGV/Intercités
2515;2024;France;Nantes;Nantes;Pays de la Loire;France;Paris Montparnasse;Paris;Île-de-France;3.74;TGV/Intercités
2516;2024;France;Nantes;Nantes;Pays de la Loire;France;Paris Est;Paris;Île-de-France;4.06;TGV/Intercités
2517;2024;France;Nantes;Nantes;Pays de la Loire;France;Paris Austerlitz;Paris;Île-de-France;4.53;TGV/Intercités
2518;2024;France;Nantes;Nantes;Pays de la Loire;France;Lyon Part-Dieu;Lyon;Auvergne-Rhône-Alpes;0.92;TER/Intercités
2519;2024;France;Nantes;Nantes;Pays de la Loire;France;Lyon Perrache;Lyon;Auvergne-Rhône-Alpes;1.1;TER/Intercités
2520;2024;France;Nantes;Nantes;Pays de la Loire;France;Marseille Saint-Charles;Marseille;Provence-Alpes-Côte d'Azur;1.14;TER/Intercités
2521;2024;France;Nantes;Nantes;Pays de la Loire;France;Lille Flandres;Lille;Hauts-de-France;1.23;TER/Intercités
2522;2024;France;Nantes;Nantes;Pays de la Loire;France;Lille Europe;Lille;Hauts-de-France;0.92;TER/Intercités
2523;2024;France;Nantes;Nantes;Pays de la Loire;France;Bordeaux Saint-Jean;Bordeaux;Nouvelle-Aquitaine;1.22;TER/Intercités
2524;2024;France;Nantes;Nantes;Pays de la Loire;France;Toulouse Matabiau;Toulouse;Occitanie;1.1;TER/Intercités
2525;2024;France;Nantes;Nantes;Pays de la Loire;France;Rennes;Rennes;Bretagne;1.15;TER/Intercités
2526;2024;France;Nantes;Nantes;Pays de la Loire;France;Strasbourg;Strasbourg;Grand Est;1.04;TER/Intercités
2527;2024;France;Rennes;Rennes;Bretagne;France;Paris Gare du Nord;Paris;Île-de-France;3.72;TGV/Intercités
2528;2024;France;Rennes;Rennes;Bretagne;France;Paris Gare de Lyon;Paris;Île-de-France;4.65;TGV/Intercités
2529;2024;France;Rennes;Rennes;Bretagne;France;Paris Saint-Lazare;Paris;Île-de-France;4.59;TGV/Intercités
2530;2024;France;Rennes;Rennes;Bretagne;France;Paris Montparnasse;Paris;Île-de-France;4.04;TGV/Intercités
2531;2024;France;Rennes;Rennes;Bretagne;France;Paris Est;Paris;Île-de-France;3.83;TGV/Intercités
2532;2024;France;Rennes;Rennes;Bretagne;France;Paris Austerlitz;Paris;Île-de-France;4.0;TGV/Intercités
2533;2024;France;Rennes;Rennes;Bretagne;France;Lyon Part-Dieu;Lyon;Auvergne-Rhône-Alpes;1.09;TER/Intercités
2534;2024;France;Rennes;Rennes;Bretagne;France;Lyon Perrache;Lyon;Auvergne-Rhône-Alpes;0.98;TER/Intercités
2535;2024;France;Rennes;Rennes;Bretagne;France;Marseille Saint-Charles;Marseille;Provence-Alpes-Côte d'Azur;1.2;TER/Intercités
2536;2024;France;Rennes;Rennes;Bretagne;France;Lille Flandres;Lille;Hauts-de-France;1.07;TER/Intercités
2537;2024;France;Rennes;Rennes;Bretagne;France;Lille Europe;Lille;Hauts-de-France;1.13;TER/Intercités
2538;2024;France;Rennes;Rennes;Bretagne;France;Bordeaux Saint-Jean;Bordeaux;Nouvelle-Aquitaine;0.98;TER/Intercités
2539;2024;France;Rennes;Rennes;Bretagne;France;Toulouse Matabiau;Toulouse;Occitanie;0.96;TER/Intercités
2540;2024;France;Rennes;Rennes;Bretagne;France;Nantes;Nantes;Pays de la Loire;1.08;TER/Intercités
2541;2024;France;Rennes;Rennes;Bretagne;France;Strasbourg;Strasbourg;Grand Est;1.0;TER/Intercités
2542;2024;France;Strasbourg;Strasbourg;Grand Est;France;Paris Gare du Nord;Paris;Île-de-France;4.79;TGV/Intercités
2543;2024;France;Strasbourg;Strasbourg;Grand Est;France;Paris Gare de Lyon;Paris;Île-de-France;3.85;TGV/Intercités
2544;2024;France;Strasbourg;Strasbourg;Grand Est;France;Paris Saint-Lazare;Paris;Île-de-France;3.95;TGV/Intercités
2545;2024;France;Strasbourg;Strasbourg;Grand Est;France;Paris Montparnasse;Paris;Île-de-France;3.84;TGV/Intercités
2546;2024;France;Strasbourg;Strasbourg;Grand Est;France;Paris Est;Paris;Île-de-France;4.28;TGV/Intercités
2547;2024;France;Strasbourg;Strasbourg;Grand Est;France;Paris Austerlitz;Paris;Île-de-France;4.15;TGV/Intercités
2548;2024;France;Strasbourg;Strasbourg;Grand Est;France;Lyon Part-Dieu;Lyon;Auvergne-Rhône-Alpes;0.96;TER/Intercités
2549;2024;France;Strasbourg;Strasbourg;Grand Est;France;Lyon Perrache;Lyon;Auvergne-Rhône-Alpes;0.95;TER/Intercités
2550;2024;France;Strasbourg;Strasbourg;Grand Est;France;Marseille Saint-Charles;Marseille;Provence-Alpes-Côte d'Azur;1.22;TER/Intercités
2551;2024;France;Strasbourg;Strasbourg;Grand Est;France;Lille Flandres;Lille;Hauts-de-France;1.17;TER/Intercités
2552;2024;France;Strasbourg;Strasbourg;Grand Est;France;Lille Europe;Lille;Hauts-de-France;0.92;TER/Intercités
2553;2024;France;Strasbourg;Strasbourg;Grand Est;France;Bordeaux Saint-Jean;Bordeaux;Nouvelle-Aquitaine;1.17;TER/Intercités
2554;2024;France;Strasbourg;Strasbourg;Grand Est;France;Toulouse Matabiau;Toulouse;Occitanie;0.98;TER/Intercités
2555;2024;France;Strasbourg;Strasbourg;Grand Est;France;Nantes;Nantes;Pays de la Loire;1.24;TER/Intercités
2556;2024;France;Strasbourg;Strasbourg;Grand Est;France;Rennes;Rennes;Bretagne;1.13;TER/Intercités
