No.;year;origin_country;origin_station_name;origin_city;origin_region;destination_country;destination_station_name;destination_city;destination_region;Passengers_millions;Type
2900;2016;Germany;Berlin Hbf;Berlin;Berlin;Germany;Frankfurt (Main) Hbf;Frankfurt am Main;Hessen;2.539;Fernverkehr
2901;2016;Germany;Berlin Hbf;Berlin;Berlin;Germany;Hannover Hbf;Hannover;Niedersachsen;1.098;Fernverkehr
2902;2016;Germany;Hamburg Hbf;Hamburg;Hamburg;Germany;Frankfurt (Main) Hbf;Frankfurt am Main;Hessen;2.493;Fernverkehr
2903;2016;Germany;Hamburg Hbf;Hamburg;Hamburg;Germany;Köln Hbf;Köln;Nordrhein-Westfalen;0.848;Fernverkehr
2904;2016;Germany;Hamburg Hbf;Hamburg;Hamburg;Germany;Leipzig Hbf;Leipzig;Sachsen;1.139;Fernverkehr
2905;2016;Germany;Hamburg Hbf;Hamburg;Hamburg;Germany;Dresden Hbf;Dresden;Sachsen;2.101;Fernverkehr
2906;2016;Germany;München Hbf;München;Bayern;Germany;Berlin Hbf;Berlin;Berlin;11.843;Fernverkehr
2907;2016;Germany;München Hbf;München;Bayern;Germany;Köln Hbf;Köln;Nordrhein-Westfalen;3.535;Fernverkehr
2908;2016;Germany;München Hbf;München;Bayern;Germany;Dresden Hbf;Dresden;Sachsen;2.819;Fernverkehr
2909;2016;Germany;Frankfurt (Main) Hbf;Frankfurt am Main;Hessen;Germany;Köln Hbf;Köln;Nordrhein-Westfalen;2.706;Fernverkehr
2910;2016;Germany;Köln Hbf;Köln;Nordrhein-Westfalen;Germany;Berlin Hbf;Berlin;Berlin;1.332;Fernverkehr
2911;2016;Germany;Köln Hbf;Köln;Nordrhein-Westfalen;Germany;Dresden Hbf;Dresden;Sachsen;3.636;Fernverkehr
2912;2016;Germany;Düsseldorf Hbf;Düsseldorf;Nordrhein-Westfalen;Germany;Berlin Hbf;Berlin;Berlin;2.313;Fernverkehr
2913;2016;Germany;Düsseldorf Hbf;Düsseldorf;Nordrhein-Westfalen;Germany;Hamburg Hbf;Hamburg;Hamburg;0.499;Fernverkehr
2914;2016;Germany;Leipzig Hbf;Leipzig;Sachsen;Germany;Köln Hbf;Köln;Nordrhein-Westfalen;1.629;Fernverkehr
2915;2016;Germany;Leipzig Hbf;Leipzig;Sachsen;Germany;Dresden Hbf;Dresden;Sachsen;3.994;Fernverkehr
2916;2016;Germany;Dresden Hbf;Dresden;Sachsen;Germany;Düsseldorf Hbf;Düsseldorf;Nordrhein-Westfalen;2.674;Fernverkehr
2917;2016;Germany;Hannover Hbf;Hannover;Niedersachsen;Germany;Berlin Hbf;Berlin;Berlin;0.419;Fernverkehr
2918;2017;Germany;Berlin Hbf;Berlin;Berlin;Germany;Leipzig Hbf;Leipzig;Sachsen;2.357;Fernverkehr
2919;2017;Germany;Frankfurt (Main) Hbf;Frankfurt am Main;Hessen;Germany;Hamburg Hbf;Hamburg;Hamburg;1.668;Fernverkehr
2920;2017;Germany;Frankfurt (Main) Hbf;Frankfurt am Main;Hessen;Germany;Leipzig Hbf;Leipzig;Sachsen;2.366;Fernverkehr
2921;2017;Germany;Köln Hbf;Köln;Nordrhein-Westfalen;Germany;Hamburg Hbf;Hamburg;Hamburg;3.629;Fernverkehr
2922;2017;Germany;Köln Hbf;Köln;Nordrhein-Westfalen;Germany;Düsseldorf Hbf;Düsseldorf;Nordrhein-Westfalen;3.201;Fernverkehr
2923;2017;Germany;Köln Hbf;Köln;Nordrhein-Westfalen;Germany;Leipzig Hbf;Leipzig;Sachsen;4.3;Fernverkehr
2924;2017;Germany;Düsseldorf Hbf;Düsseldorf;Nordrhein-Westfalen;Germany;München Hbf;München;Bayern;0.121;Fernverkehr
2925;2017;Germany;Stuttgart Hbf;Stuttgart;Baden-Württemberg;Germany;Berlin Hbf;Berlin;Berlin;3.609;Fernverkehr
2926;2017;Germany;Dresden Hbf;Dresden;Sachsen;Germany;Stuttgart Hbf;Stuttgart;Baden-Württemberg;1.217;Fernverkehr
2927;2018;Germany;Berlin Hbf;Berlin;Berlin;Germany;Hannover Hbf;Hannover;Niedersachsen;3.117;Fernverkehr
2928;2018;Germany;München Hbf;München;Bayern;Germany;Düsseldorf Hbf;Düsseldorf;Nordrhein-Westfalen;1.514;Fernverkehr
2929;2018;Germany;Frankfurt (Main) Hbf;Frankfurt am Main;Hessen;Germany;Dresden Hbf;Dresden;Sachsen;1.826;Fernverkehr
2930;2018;Germany;Köln Hbf;Köln;Nordrhein-Westfalen;Germany;Hamburg Hbf;Hamburg;Hamburg;2.844;Fernverkehr
2931;2018;Germany;Köln Hbf;Köln;Nordrhein-Westfalen;Germany;Dresden Hbf;Dresden;Sachsen;4.676;Fernverkehr
2932;2018;Germany;Düsseldorf Hbf;Düsseldorf;Nordrhein-Westfalen;Germany;Berlin Hbf;Berlin;Berlin;1.185;Fernverkehr
2933;2018;Germany;Düsseldorf Hbf;Düsseldorf;Nordrhein-Westfalen;Germany;Stuttgart Hbf;Stuttgart;Baden-Württemberg;1.601;Fernverkehr
2934;2018;Germany;Leipzig Hbf;Leipzig;Sachsen;Germany;Frankfurt (Main) Hbf;Frankfurt am Main;Hessen;3.181;Fernverkehr
2935;2018;Germany;Leipzig Hbf;Leipzig;Sachsen;Germany;Köln Hbf;Köln;Nordrhein-Westfalen;3.41;Fernverkehr
2936;2018;Germany;Leipzig Hbf;Leipzig;Sachsen;Germany;Düsseldorf Hbf;Düsseldorf;Nordrhein-Westfalen;0.627;Fernverkehr
2937;2018;Germany;Dresden Hbf;Dresden;Sachsen;Germany;Leipzig Hbf;Leipzig;Sachsen;0.259;Fernverkehr
2938;2019;Germany;Hamburg Hbf;Hamburg;Hamburg;Germany;Berlin Hbf;Berlin;Berlin;9.308;Fernverkehr
2939;2019;Germany;Frankfurt (Main) Hbf;Frankfurt am Main;Hessen;Germany;Stuttgart Hbf;Stuttgart;Baden-Württemberg;1.87;Fernverkehr
2940;2019;Germany;Frankfurt (Main) Hbf;Frankfurt am Main;Hessen;Germany;Dresden Hbf;Dresden;Sachsen;1.89;Fernverkehr
2941;2019;Germany;Frankfurt (Main) Hbf;Frankfurt am Main;Hessen;Germany;Hannover Hbf;Hannover;Niedersachsen;1.514;Fernverkehr
2942;2019;Germany;Köln Hbf;Köln;Nordrhein-Westfalen;Germany;Dresden Hbf;Dresden;Sachsen;0.519;Fernverkehr
2943;2019;Germany;Düsseldorf Hbf;Düsseldorf;Nordrhein-Westfalen;Germany;Berlin Hbf;Berlin;Berlin;1.842;Fernverkehr
2944;2019;Germany;Düsseldorf Hbf;Düsseldorf;Nordrhein-Westfalen;Germany;Leipzig Hbf;Leipzig;Sachsen;2.036;Fernverkehr
2945;2019;Germany;Leipzig Hbf;Leipzig;Sachsen;Germany;Köln Hbf;Köln;Nordrhein-Westfalen;0.225;Fernverkehr
2946;2019;Germany;Leipzig Hbf;Leipzig;Sachsen;Germany;Düsseldorf Hbf;Düsseldorf;Nordrhein-Westfalen;0.731;Fernverkehr
2947;2019;Germany;Leipzig Hbf;Leipzig;Sachsen;Germany;Hannover Hbf;Hannover;Niedersachsen;3.062;Fernverkehr
2948;2019;Germany;Dresden Hbf;Dresden;Sachsen;Germany;Hamburg Hbf;Hamburg;Hamburg;0.405;Fernverkehr
2949;2019;Germany;Dresden Hbf;Dresden;Sachsen;Germany;Düsseldorf Hbf;Düsseldorf;Nordrhein-Westfalen;3.103;Fernverkehr
2950;2020;Germany;Berlin Hbf;Berlin;Berlin;Germany;München Hbf;München;Bayern;5.041;Fernverkehr
2951;2020;Germany;Berlin Hbf;Berlin;Berlin;Germany;Frankfurt (Main) Hbf;Frankfurt am Main;Hessen;2.54;Fernverkehr
2952;2020;Germany;Hamburg Hbf;Hamburg;Hamburg;Germany;Stuttgart Hbf;Stuttgart;Baden-Württemberg;1.096;Fernverkehr
2953;2020;Germany;Frankfurt (Main) Hbf;Frankfurt am Main;Hessen;Germany;Dresden Hbf;Dresden;Sachsen;1.471;Fernverkehr
2954;2020;Germany;Düsseldorf Hbf;Düsseldorf;Nordrhein-Westfalen;Germany;Köln Hbf;Köln;Nordrhein-Westfalen;1.272;Fernverkehr
2955;2020;Germany;Düsseldorf Hbf;Düsseldorf;Nordrhein-Westfalen;Germany;Leipzig Hbf;Leipzig;Sachsen;4.965;Fernverkehr
2956;2020;Germany;Düsseldorf Hbf;Düsseldorf;Nordrhein-Westfalen;Germany;Dresden Hbf;Dresden;Sachsen;4.347;Fernverkehr
2957;2020;Germany;Stuttgart Hbf;Stuttgart;Baden-Württemberg;Germany;Frankfurt (Main) Hbf;Frankfurt am Main;Hessen;0.505;Fernverkehr
2958;2020;Germany;Stuttgart Hbf;Stuttgart;Baden-Württemberg;Germany;Dresden Hbf;Dresden;Sachsen;0.345;Fernverkehr
2959;2020;Germany;Leipzig Hbf;Leipzig;Sachsen;Germany;Frankfurt (Main) Hbf;Frankfurt am Main;Hessen;2.084;Fernverkehr
2960;2020;Germany;Leipzig Hbf;Leipzig;Sachsen;Germany;Köln Hbf;Köln;Nordrhein-Westfalen;2.653;Fernverkehr
2961;2020;Germany;Leipzig Hbf;Leipzig;Sachsen;Germany;Hannover Hbf;Hannover;Niedersachsen;2.875;Fernverkehr
2962;2020;Germany;Dresden Hbf;Dresden;Sachsen;Germany;Frankfurt (Main) Hbf;Frankfurt am Main;Hessen;0.952;Fernverkehr
2963;2021;Germany;Berlin Hbf;Berlin;Berlin;Germany;Düsseldorf Hbf;Düsseldorf;Nordrhein-Westfalen;4.66;Fernverkehr
2964;2021;Germany;Berlin Hbf;Berlin;Berlin;Germany;Stuttgart Hbf;Stuttgart;Baden-Württemberg;0.954;Fernverkehr
2965;2021;Germany;Berlin Hbf;Berlin;Berlin;Germany;Leipzig Hbf;Leipzig;Sachsen;3.207;Fernverkehr
2966;2021;Germany;München Hbf;München;Bayern;Germany;Hamburg Hbf;Hamburg;Hamburg;1.906;Fernverkehr
2967;2021;Germany;München Hbf;München;Bayern;Germany;Frankfurt (Main) Hbf;Frankfurt am Main;Hessen;2.985;Fernverkehr
2968;2021;Germany;München Hbf;München;Bayern;Germany;Köln Hbf;Köln;Nordrhein-Westfalen;1.42;Fernverkehr
2969;2021;Germany;Frankfurt (Main) Hbf;Frankfurt am Main;Hessen;Germany;München Hbf;München;Bayern;4.919;Fernverkehr
2970;2021;Germany;Frankfurt (Main) Hbf;Frankfurt am Main;Hessen;Germany;Dresden Hbf;Dresden;Sachsen;4.904;Fernverkehr
2971;2021;Germany;Köln Hbf;Köln;Nordrhein-Westfalen;Germany;München Hbf;München;Bayern;4.397;Fernverkehr
2972;2021;Germany;Köln Hbf;Köln;Nordrhein-Westfalen;Germany;Düsseldorf Hbf;Düsseldorf;Nordrhein-Westfalen;0.821;Fernverkehr
2973;2021;Germany;Leipzig Hbf;Leipzig;Sachsen;Germany;München Hbf;München;Bayern;1.217;Fernverkehr
2974;2021;Germany;Leipzig Hbf;Leipzig;Sachsen;Germany;Köln Hbf;Köln;Nordrhein-Westfalen;3.368;Fernverkehr
2975;2021;Germany;Hannover Hbf;Hannover;Niedersachsen;Germany;Hamburg Hbf;Hamburg;Hamburg;3.673;Fernverkehr
2976;2022;Germany;München Hbf;München;Bayern;Germany;Düsseldorf Hbf;Düsseldorf;Nordrhein-Westfalen;3.094;Fernverkehr
2977;2022;Germany;Frankfurt (Main) Hbf;Frankfurt am Main;Hessen;Germany;Stuttgart Hbf;Stuttgart;Baden-Württemberg;1.156;Fernverkehr
2978;2022;Germany;Frankfurt (Main) Hbf;Frankfurt am Main;Hessen;Germany;Leipzig Hbf;Leipzig;Sachsen;1.123;Fernverkehr
2979;2022;Germany;Frankfurt (Main) Hbf;Frankfurt am Main;Hessen;Germany;Hannover Hbf;Hannover;Niedersachsen;1.34;Fernverkehr
2980;2022;Germany;Düsseldorf Hbf;Düsseldorf;Nordrhein-Westfalen;Germany;Hamburg Hbf;Hamburg;Hamburg;2.279;Fernverkehr
2981;2022;Germany;Stuttgart Hbf;Stuttgart;Baden-Württemberg;Germany;Leipzig Hbf;Leipzig;Sachsen;0.674;Fernverkehr
2982;2022;Germany;Dresden Hbf;Dresden;Sachsen;Germany;Stuttgart Hbf;Stuttgart;Baden-Württemberg;2.164;Fernverkehr
2983;2023;Germany;Hamburg Hbf;Hamburg;Hamburg;Germany;Frankfurt (Main) Hbf;Frankfurt am Main;Hessen;0.515;Fernverkehr
2984;2023;Germany;München Hbf;München;Bayern;Germany;Berlin Hbf;Berlin;Berlin;6.818;Fernverkehr
2985;2023;Germany;München Hbf;München;Bayern;Germany;Frankfurt (Main) Hbf;Frankfurt am Main;Hessen;0.159;Fernverkehr
2986;2023;Germany;Frankfurt (Main) Hbf;Frankfurt am Main;Hessen;Germany;Köln Hbf;Köln;Nordrhein-Westfalen;11.741;Fernverkehr
2987;2023;Germany;Frankfurt (Main) Hbf;Frankfurt am Main;Hessen;Germany;Dresden Hbf;Dresden;Sachsen;2.622;Fernverkehr
2988;2023;Germany;Köln Hbf;Köln;Nordrhein-Westfalen;Germany;Stuttgart Hbf;Stuttgart;Baden-Württemberg;4.134;Fernverkehr
2989;2023;Germany;Düsseldorf Hbf;Düsseldorf;Nordrhein-Westfalen;Germany;Leipzig Hbf;Leipzig;Sachsen;1.955;Fernverkehr
2990;2023;Germany;Düsseldorf Hbf;Düsseldorf;Nordrhein-Westfalen;Germany;Dresden Hbf;Dresden;Sachsen;3.448;Fernverkehr
2991;2023;Germany;Stuttgart Hbf;Stuttgart;Baden-Württemberg;Germany;Berlin Hbf;Berlin;Berlin;3.183;Fernverkehr
2992;2023;Germany;Stuttgart Hbf;Stuttgart;Baden-Württemberg;Germany;Köln Hbf;Köln;Nordrhein-Westfalen;0.74;Fernverkehr
2993;2023;Germany;Stuttgart Hbf;Stuttgart;Baden-Württemberg;Germany;Leipzig Hbf;Leipzig;Sachsen;3.66;Fernverkehr
2994;2023;Germany;Leipzig Hbf;Leipzig;Sachsen;Germany;Köln Hbf;Köln;Nordrhein-Westfalen;2.905;Fernverkehr
2995;2023;Germany;Dresden Hbf;Dresden;Sachsen;Germany;Leipzig Hbf;Leipzig;Sachsen;3.61;Fernverkehr
2996;2023;Germany;Hannover Hbf;Hannover;Niedersachsen;Germany;Hamburg Hbf;Hamburg;Hamburg;0.263;Fernverkehr
2997;2023;Germany;Hannover Hbf;Hannover;Niedersachsen;Germany;Stuttgart Hbf;Stuttgart;Baden-Württemberg;1.425;Fernverkehr
2998;2024;Germany;Hamburg Hbf;Hamburg;Hamburg;Germany;Köln Hbf;Köln;Nordrhein-Westfalen;0.65;Fernverkehr
2999;2024;Germany;Hamburg Hbf;Hamburg;Hamburg;Germany;Hannover Hbf;Hannover;Niedersachsen;3.829;Fernverkehr
3000;2024;Germany;München Hbf;München;Bayern;Germany;Leipzig Hbf;Leipzig;Sachsen;4.017;Fernverkehr
3001;2024;Germany;Frankfurt (Main) Hbf;Frankfurt am Main;Hessen;Germany;Hamburg Hbf;Hamburg;Hamburg;1.156;Fernverkehr
3002;2024;Germany;Frankfurt (Main) Hbf;Frankfurt am Main;Hessen;Germany;München Hbf;München;Bayern;1.852;Fernverkehr
3003;2024;Germany;Frankfurt (Main) Hbf;Frankfurt am Main;Hessen;Germany;Köln Hbf;Köln;Nordrhein-Westfalen;12.931;Fernverkehr
3004;2024;Germany;Frankfurt (Main) Hbf;Frankfurt am Main;Hessen;Germany;Dresden Hbf;Dresden;Sachsen;0.391;Fernverkehr
3005;2024;Germany;Köln Hbf;Köln;Nordrhein-Westfalen;Germany;Frankfurt (Main) Hbf;Frankfurt am Main;Hessen;12.912;Fernverkehr
3006;2024;Germany;Düsseldorf Hbf;Düsseldorf;Nordrhein-Westfalen;Germany;Hannover Hbf;Hannover;Niedersachsen;0.898;Fernverkehr
3007;2024;Germany;Leipzig Hbf;Leipzig;Sachsen;Germany;Berlin Hbf;Berlin;Berlin;1.893;Fernverkehr
3008;2024;Germany;Hannover Hbf;Hannover;Niedersachsen;Germany;Köln Hbf;Köln;Nordrhein-Westfalen;2.237;Fernverkehr
3009;2024;Germany;Hannover Hbf;Hannover;Niedersachsen;Germany;Düsseldorf Hbf;Düsseldorf;Nordrhein-Westfalen;0.793;Fernverkehr
3010;2016;Italy;Milano Centrale;Milano;Lombardia;Italy;Napoli Centrale;Napoli;Campania;5.73;Alta Velocita
3011;2016;Italy;Milano Centrale;Milano;Lombardia;Italy;Torino Porta Nuova;Torino;Piemonte;9.118;Alta Velocita
3012;2016;Italy;Milano Centrale;Milano;Lombardia;Italy;Venezia Santa Lucia;Venezia;Veneto;3.384;Alta Velocita
3013;2016;Italy;Napoli Centrale;Napoli;Campania;Italy;Roma Termini;Roma;Lazio;3.396;Alta Velocita
3014;2016;Italy;Torino Porta Nuova;Torino;Piemonte;Italy;Bari Centrale;Bari;Puglia;4.304;Intercity
3015;2016;Italy;Bologna Centrale;Bologna;Emilia-Romagna;Italy;Torino Porta Nuova;Torino;Piemonte;3.918;Alta Velocita
3016;2016;Italy;Firenze S. M. Novella;Firenze;Toscana;Italy;Milano Centrale;Milano;Lombardia;1.225;Alta Velocita
3017;2016;Italy;Firenze S. M. Novella;Firenze;Toscana;Italy;Napoli Centrale;Napoli;Campania;0.747;Alta Velocita
3018;2016;Italy;Venezia Santa Lucia;Venezia;Veneto;Italy;Napoli Centrale;Napoli;Campania;3.887;Intercity
3019;2016;Italy;Genova Piazza Principe;Genova;Liguria;Italy;Bologna Centrale;Bologna;Emilia-Romagna;3.01;Intercity
3020;2016;Italy;Genova Piazza Principe;Genova;Liguria;Italy;Firenze S. M. Novella;Firenze;Toscana;1.322;Intercity
3021;2017;Italy;Roma Termini;Roma;Lazio;Italy;Bari Centrale;Bari;Puglia;2.344;Alta Velocita
3022;2017;Italy;Milano Centrale;Milano;Lombardia;Italy;Palermo Centrale;Palermo;Sicilia;1.172;Alta Velocita
3023;2017;Italy;Milano Centrale;Milano;Lombardia;Italy;Bari Centrale;Bari;Puglia;3.414;Alta Velocita
3024;2017;Italy;Napoli Centrale;Napoli;Campania;Italy;Bologna Centrale;Bologna;Emilia-Romagna;3.6;Alta Velocita
3025;2017;Italy;Napoli Centrale;Napoli;Campania;Italy;Genova Piazza Principe;Genova;Liguria;2.46;Alta Velocita
3026;2017;Italy;Torino Porta Nuova;Torino;Piemonte;Italy;Napoli Centrale;Napoli;Campania;2.615;Intercity
3027;2017;Italy;Torino Porta Nuova;Torino;Piemonte;Italy;Firenze S. M. Novella;Firenze;Toscana;1.357;Intercity
3028;2017;Italy;Bologna Centrale;Bologna;Emilia-Romagna;Italy;Roma Termini;Roma;Lazio;3.844;Alta Velocita
3029;2017;Italy;Bologna Centrale;Bologna;Emilia-Romagna;Italy;Milano Centrale;Milano;Lombardia;0.222;Alta Velocita
3030;2017;Italy;Bologna Centrale;Bologna;Emilia-Romagna;Italy;Venezia Santa Lucia;Venezia;Veneto;2.918;Alta Velocita
3031;2017;Italy;Genova Piazza Principe;Genova;Liguria;Italy;Roma Termini;Roma;Lazio;0.594;Intercity
3032;2017;Italy;Genova Piazza Principe;Genova;Liguria;Italy;Napoli Centrale;Napoli;Campania;2.867;Intercity
3033;2017;Italy;Genova Piazza Principe;Genova;Liguria;Italy;Venezia Santa Lucia;Venezia;Veneto;1.281;Intercity
3034;2018;Italy;Milano Centrale;Milano;Lombardia;Italy;Firenze S. M. Novella;Firenze;Toscana;0.584;Alta Velocita
3035;2018;Italy;Milano Centrale;Milano;Lombardia;Italy;Bari Centrale;Bari;Puglia;3.136;Alta Velocita
3036;2018;Italy;Napoli Centrale;Napoli;Campania;Italy;Palermo Centrale;Palermo;Sicilia;1.754;Alta Velocita
3037;2018;Italy;Torino Porta Nuova;Torino;Piemonte;Italy;Milano Centrale;Milano;Lombardia;4.669;Intercity
3038;2018;Italy;Torino Porta Nuova;Torino;Piemonte;Italy;Bologna Centrale;Bologna;Emilia-Romagna;4.22;Intercity
3039;2018;Italy;Torino Porta Nuova;Torino;Piemonte;Italy;Firenze S. M. Novella;Firenze;Toscana;2.246;Intercity
3040;2018;Italy;Bologna Centrale;Bologna;Emilia-Romagna;Italy;Venezia Santa Lucia;Venezia;Veneto;2.246;Alta Velocita
3041;2018;Italy;Bologna Centrale;Bologna;Emilia-Romagna;Italy;Genova Piazza Principe;Genova;Liguria;0.958;Alta Velocita
3042;2018;Italy;Firenze S. M. Novella;Firenze;Toscana;Italy;Napoli Centrale;Napoli;Campania;2.539;Alta Velocita
3043;2018;Italy;Firenze S. M. Novella;Firenze;Toscana;Italy;Torino Porta Nuova;Torino;Piemonte;0.852;Alta Velocita
3044;2018;Italy;Venezia Santa Lucia;Venezia;Veneto;Italy;Genova Piazza Principe;Genova;Liguria;3.512;Intercity
3045;2018;Italy;Genova Piazza Principe;Genova;Liguria;Italy;Bari Centrale;Bari;Puglia;1.19;Intercity
3046;2018;Italy;Palermo Centrale;Palermo;Sicilia;Italy;Bologna Centrale;Bologna;Emilia-Romagna;1.686;Regionale
3047;2019;Italy;Milano Centrale;Milano;Lombardia;Italy;Roma Termini;Roma;Lazio;12.976;Alta Velocita
3048;2019;Italy;Torino Porta Nuova;Torino;Piemonte;Italy;Firenze S. M. Novella;Firenze;Toscana;3.747;Intercity
3049;2019;Italy;Torino Porta Nuova;Torino;Piemonte;Italy;Palermo Centrale;Palermo;Sicilia;1.489;Intercity
3050;2019;Italy;Bologna Centrale;Bologna;Emilia-Romagna;Italy;Roma Termini;Roma;Lazio;2.075;Alta Velocita
3051;2019;Italy;Bologna Centrale;Bologna;Emilia-Romagna;Italy;Bari Centrale;Bari;Puglia;2.826;Alta Velocita
3052;2019;Italy;Firenze S. M. Novella;Firenze;Toscana;Italy;Torino Porta Nuova;Torino;Piemonte;4.712;Alta Velocita
3053;2019;Italy;Venezia Santa Lucia;Venezia;Veneto;Italy;Firenze S. M. Novella;Firenze;Toscana;3.478;Intercity
3054;2019;Italy;Palermo Centrale;Palermo;Sicilia;Italy;Roma Termini;Roma;Lazio;1.388;Regionale
3055;2020;Italy;Napoli Centrale;Napoli;Campania;Italy;Milano Centrale;Milano;Lombardia;6.267;Alta Velocita
3056;2020;Italy;Napoli Centrale;Napoli;Campania;Italy;Bologna Centrale;Bologna;Emilia-Romagna;2.073;Alta Velocita
3057;2020;Italy;Napoli Centrale;Napoli;Campania;Italy;Genova Piazza Principe;Genova;Liguria;0.734;Alta Velocita
3058;2020;Italy;Torino Porta Nuova;Torino;Piemonte;Italy;Venezia Santa Lucia;Venezia;Veneto;3.979;Intercity
3059;2020;Italy;Venezia Santa Lucia;Venezia;Veneto;Italy;Torino Porta Nuova;Torino;Piemonte;3.636;Intercity
3060;2020;Italy;Venezia Santa Lucia;Venezia;Veneto;Italy;Firenze S. M. Novella;Firenze;Toscana;4.128;Intercity
3061;2020;Italy;Genova Piazza Principe;Genova;Liguria;Italy;Firenze S. M. Novella;Firenze;Toscana;3.763;Intercity
3062;2020;Italy;Palermo Centrale;Palermo;Sicilia;Italy;Genova Piazza Principe;Genova;Liguria;0.881;Regionale
3063;2020;Italy;Bari Centrale;Bari;Puglia;Italy;Bologna Centrale;Bologna;Emilia-Romagna;3.26;Regionale
3064;2021;Italy;Roma Termini;Roma;Lazio;Italy;Venezia Santa Lucia;Venezia;Veneto;2.44;Alta Velocita
3065;2021;Italy;Roma Termini;Roma;Lazio;Italy;Bari Centrale;Bari;Puglia;0.789;Alta Velocita
3066;2021;Italy;Milano Centrale;Milano;Lombardia;Italy;Napoli Centrale;Napoli;Campania;6.777;Alta Velocita
3067;2021;Italy;Napoli Centrale;Napoli;Campania;Italy;Roma Termini;Roma;Lazio;10.836;Alta Velocita
3068;2021;Italy;Napoli Centrale;Napoli;Campania;Italy;Bologna Centrale;Bologna;Emilia-Romagna;4.542;Alta Velocita
3069;2021;Italy;Torino Porta Nuova;Torino;Piemonte;Italy;Milano Centrale;Milano;Lombardia;7.457;Intercity
3070;2021;Italy;Torino Porta Nuova;Torino;Piemonte;Italy;Bari Centrale;Bari;Puglia;1.385;Intercity
3071;2021;Italy;Bologna Centrale;Bologna;Emilia-Romagna;Italy;Roma Termini;Roma;Lazio;2.243;Alta Velocita
3072;2021;Italy;Bologna Centrale;Bologna;Emilia-Romagna;Italy;Milano Centrale;Milano;Lombardia;1.955;Alta Velocita
3073;2021;Italy;Firenze S. M. Novella;Firenze;Toscana;Italy;Bologna Centrale;Bologna;Emilia-Romagna;1.082;Alta Velocita
3074;2021;Italy;Venezia Santa Lucia;Venezia;Veneto;Italy;Roma Termini;Roma;Lazio;2.833;Intercity
3075;2021;Italy;Genova Piazza Principe;Genova;Liguria;Italy;Milano Centrale;Milano;Lombardia;1.06;Intercity
3076;2022;Italy;Milano Centrale;Milano;Lombardia;Italy;Torino Porta Nuova;Torino;Piemonte;3.73;Alta Velocita
3077;2022;Italy;Napoli Centrale;Napoli;Campania;Italy;Palermo Centrale;Palermo;Sicilia;4.664;Alta Velocita
3078;2022;Italy;Torino Porta Nuova;Torino;Piemonte;Italy;Bologna Centrale;Bologna;Emilia-Romagna;4.414;Intercity
3079;2022;Italy;Venezia Santa Lucia;Venezia;Veneto;Italy;Torino Porta Nuova;Torino;Piemonte;0.206;Intercity
3080;2022;Italy;Genova Piazza Principe;Genova;Liguria;Italy;Roma Termini;Roma;Lazio;0.58;Intercity
3081;2022;Italy;Genova Piazza Principe;Genova;Liguria;Italy;Bologna Centrale;Bologna;Emilia-Romagna;3.951;Intercity
3082;2022;Italy;Palermo Centrale;Palermo;Sicilia;Italy;Firenze S. M. Novella;Firenze;Toscana;1.575;Regionale
3083;2022;Italy;Bari Centrale;Bari;Puglia;Italy;Roma Termini;Roma;Lazio;1.184;Regionale
3084;2023;Italy;Roma Termini;Roma;Lazio;Italy;Bari Centrale;Bari;Puglia;1.824;Alta Velocita
3085;2023;Italy;Milano Centrale;Milano;Lombardia;Italy;Firenze S. M. Novella;Firenze;Toscana;3.576;Alta Velocita
3086;2023;Italy;Milano Centrale;Milano;Lombardia;Italy;Venezia Santa Lucia;Venezia;Veneto;2.942;Alta Velocita
3087;2023;Italy;Napoli Centrale;Napoli;Campania;Italy;Bologna Centrale;Bologna;Emilia-Romagna;4.238;Alta Velocita
3088;2023;Italy;Torino Porta Nuova;Torino;Piemonte;Italy;Venezia Santa Lucia;Venezia;Veneto;1.971;Intercity
3089;2023;Italy;Bologna Centrale;Bologna;Emilia-Romagna;Italy;Roma Termini;Roma;Lazio;1.34;Alta Velocita
3090;2023;Italy;Bologna Centrale;Bologna;Emilia-Romagna;Italy;Napoli Centrale;Napoli;Campania;0.99;Alta Velocita
3091;2023;Italy;Bologna Centrale;Bologna;Emilia-Romagna;Italy;Genova Piazza Principe;Genova;Liguria;2.829;Alta Velocita
3092;2023;Italy;Firenze S. M. Novella;Firenze;Toscana;Italy;Palermo Centrale;Palermo;Sicilia;1.974;Alta Velocita
3093;2023;Italy;Venezia Santa Lucia;Venezia;Veneto;Italy;Roma Termini;Roma;Lazio;4.01;Intercity
3094;2023;Italy;Genova Piazza Principe;Genova;Liguria;Italy;Milano Centrale;Milano;Lombardia;4.384;Intercity
3095;2023;Italy;Genova Piazza Principe;Genova;Liguria;Italy;Firenze S. M. Novella;Firenze;Toscana;3.107;Intercity
3096;2023;Italy;Palermo Centrale;Palermo;Sicilia;Italy;Milano Centrale;Milano;Lombardia;4.843;Regionale
3097;2024;Italy;Roma Termini;Roma;Lazio;Italy;Firenze S. M. Novella;Firenze;Toscana;2.619;Alta Velocita
3098;2024;Italy;Milano Centrale;Milano;Lombardia;Italy;Roma Termini;Roma;Lazio;4.997;Alta Velocita
3099;2024;Italy;Napoli Centrale;Napoli;Campania;Italy;Bari Centrale;Bari;Puglia;1.586;Alta Velocita
3100;2024;Italy;Bologna Centrale;Bologna;Emilia-Romagna;Italy;Roma Termini;Roma;Lazio;4.484;Alta Velocita
3101;2024;Italy;Firenze S. M. Novella;Firenze;Toscana;Italy;Milano Centrale;Milano;Lombardia;3.657;Alta Velocita
3102;2024;Italy;Firenze S. M. Novella;Firenze;Toscana;Italy;Bologna Centrale;Bologna;Emilia-Romagna;2.543;Alta Velocita
3103;2024;Italy;Bari Centrale;Bari;Puglia;Italy;Venezia Santa Lucia;Venezia;Veneto;3.69;Regionale
3104;2024;Italy;Bari Centrale;Bari;Puglia;Italy;Palermo Centrale;Palermo;Sicilia;3.375;Regionale
3105;2016;France;Paris Gare du Nord;Paris;Île-de-France;France;Paris Gare de Lyon;Paris;Île-de-France;1.05;TGV/Intercités
3106;2016;France;Paris Gare du Nord;Paris;Île-de-France;France;Paris Saint-Lazare;Paris;Île-de-France;1.13;TGV/Intercités
3107;2016;France;Paris Gare du Nord;Paris;Île-de-France;France;Paris Montparnasse;Paris;Île-de-France;0.88;TGV/Intercités
3108;2016;France;Paris Gare du Nord;Paris;Île-de-France;France;Paris Est;Paris;Île-de-France;0.93;TGV/Intercités
3109;2016;France;Paris Gare du Nord;Paris;Île-de-France;France;Paris Austerlitz;Paris;Île-de-France;0.89;TGV/Intercités
3110;2016;France;Paris Gare du Nord;Paris;Île-de-France;France;Lyon Part-Dieu;Lyon;Auvergne-Rhône-Alpes;9.15;TGV/Intercités
3111;2016;France;Paris Gare du Nord;Paris;Île-de-France;France;Lyon Perrache;Lyon;Auvergne-Rhône-Alpes;8.91;TGV/Intercités
3112;2016;France;Paris Gare du Nord;Paris;Île-de-France;France;Marseille Saint-Charles;Marseille;Provence-Alpes-Côte d'Azur;6.52;TGV/Intercités
3113;2016;France;Paris Gare du Nord;Paris;Île-de-France;France;Lille Flandres;Lille;Hauts-de-France;7.3;TGV/Intercités
3114;2016;France;Paris Gare du Nord;Paris;Île-de-France;France;Lille Europe;Lille;Hauts-de-France;6.78;TGV/Intercités
3115;2016;France;Paris Gare du Nord;Paris;Île-de-France;France;Bordeaux Saint-Jean;Bordeaux;Nouvelle-Aquitaine;5.39;TGV/Intercités
3116;2016;France;Paris Gare du Nord;Paris;Île-de-France;France;Toulouse Matabiau;Toulouse;Occitanie;4.11;TGV/Intercités
3117;2016;France;Paris Gare du Nord;Paris;Île-de-France;France;Nantes;Nantes;Pays de la Loire;4.05;TGV/Intercités
3118;2016;France;Paris Gare du Nord;Paris;Île-de-France;France;Rennes;Rennes;Bretagne;4.4;TGV/Intercités
3119;2016;France;Paris Gare du Nord;Paris;Île-de-France;France;Strasbourg;Strasbourg;Grand Est;4.48;TGV/Intercités
3120;2016;France;Paris Gare de Lyon;Paris;Île-de-France;France;Paris Gare du Nord;Paris;Île-de-France;0.9;TGV/Intercités
3121;2016;France;Paris Gare de Lyon;Paris;Île-de-France;France;Paris Saint-Lazare;Paris;Île-de-France;0.98;TGV/Intercités
3122;2016;France;Paris Gare de Lyon;Paris;Île-de-France;France;Paris Montparnasse;Paris;Île-de-France;1.12;TGV/Intercités
3123;2016;France;Paris Gare de Lyon;Paris;Île-de-France;France;Paris Est;Paris;Île-de-France;0.93;TGV/Intercités
3124;2016;France;Paris Gare de Lyon;Paris;Île-de-France;France;Paris Austerlitz;Paris;Île-de-France;1.1;TGV/Intercités
3125;2016;France;Paris Gare de Lyon;Paris;Île-de-France;France;Lyon Part-Dieu;Lyon;Auvergne-Rhône-Alpes;6.86;TGV/Intercités
3126;2016;France;Paris Gare de Lyon;Paris;Île-de-France;France;Lyon Perrache;Lyon;Auvergne-Rhône-Alpes;7.17;TGV/Intercités
3127;2016;France;Paris Gare de Lyon;Paris;Île-de-France;France;Marseille Saint-Charles;Marseille;Provence-Alpes-Côte d'Azur;6.41;TGV/Intercités
3128;2016;France;Paris Gare de Lyon;Paris;Île-de-France;France;Lille Flandres;Lille;Hauts-de-France;6.06;TGV/Intercités
3129;2016;France;Paris Gare de Lyon;Paris;Île-de-France;France;Lille Europe;Lille;Hauts-de-France;7.29;TGV/Intercités
3130;2016;France;Paris Gare de Lyon;Paris;Île-de-France;France;Bordeaux Saint-Jean;Bordeaux;Nouvelle-Aquitaine;4.77;TGV/Intercités
3131;2016;France;Paris Gare de Lyon;Paris;Île-de-France;France;Toulouse Matabiau;Toulouse;Occitanie;4.33;TGV/Intercités
3132;2016;France;Paris Gare de Lyon;Paris;Île-de-France;France;Nantes;Nantes;Pays de la Loire;3.7;TGV/Intercités
3133;2016;France;Paris Gare de Lyon;Paris;Île-de-France;France;Rennes;Rennes;Bretagne;4.37;TGV/Intercités
3134;2016;France;Paris Gare de Lyon;Paris;Île-de-France;France;Strasbourg;Strasbourg;Grand Est;4.2;TGV/Intercités
3135;2016;France;Paris Saint-Lazare;Paris;Île-de-France;France;Paris Gare du Nord;Paris;Île-de-France;0.97;TGV/Intercités
3136;2016;France;Paris Saint-Lazare;Paris;Île-de-France;France;Paris Gare de Lyon;Paris;Île-de-France;1.06;TGV/Intercités
3137;2016;France;Paris Saint-Lazare;Paris;Île-de-France;France;Paris Montparnasse;Paris;Île-de-France;0.85;TGV/Intercités
3138;2016;France;Paris Saint-Lazare;Paris;Île-de-France;France;Paris Est;Paris;Île-de-France;1.08;TGV/Intercités
3139;2016;France;Paris Saint-Lazare;Paris;Île-de-France;France;Paris Austerlitz;Paris;Île-de-France;0.92;TGV/Intercités
3140;2016;France;Paris Saint-Lazare;Paris;Île-de-France;France;Lyon Part-Dieu;Lyon;Auvergne-Rhône-Alpes;6.9;TGV/Intercités
3141;2016;France;Paris Saint-Lazare;Paris;Île-de-France;France;Lyon Perrache;Lyon;Auvergne-Rhône-Alpes;9.09;TGV/Intercités
3142;2016;France;Paris Saint-Lazare;Paris;Île-de-France;France;Marseille Saint-Charles;Marseille;Provence-Alpes-Côte d'Azur;5.35;TGV/Intercités
3143;2016;France;Paris Saint-Lazare;Paris;Île-de-France;France;Lille Flandres;Lille;Hauts-de-France;7.18;TGV/Intercités
3144;2016;France;Paris Saint-Lazare;Paris;Île-de-France;France;Lille Europe;Lille;Hauts-de-France;7.11;TGV/Intercités
3145;2016;France;Paris Saint-Lazare;Paris;Île-de-France;France;Bordeaux Saint-Jean;Bordeaux;Nouvelle-Aquitaine;4.9;TGV/Intercités
3146;2016;France;Paris Saint-Lazare;Paris;Île-de-France;France;Toulouse Matabiau;Toulouse;Occitanie;3.79;TGV/Intercités
3147;2016;France;Paris Saint-Lazare;Paris;Île-de-France;France;Nantes;Nantes;Pays de la Loire;3.43;TGV/Intercités
3148;2016;France;Paris Saint-Lazare;Paris;Île-de-France;France;Rennes;Rennes;Bretagne;4.1;TGV/Intercités
3149;2016;France;Paris Saint-Lazare;Paris;Île-de-France;France;Strasbourg;Strasbourg;Grand Est;4.3;TGV/Intercités
3150;2016;France;Paris Montparnasse;Paris;Île-de-France;France;Paris Gare du Nord;Paris;Île-de-France;0.97;TGV/Intercités
3151;2016;France;Paris Montparnasse;Paris;Île-de-France;France;Paris Gare de Lyon;Paris;Île-de-France;1.14;TGV/Intercités
3152;2016;France;Paris Montparnasse;Paris;Île-de-France;France;Paris Saint-Lazare;Paris;Île-de-France;1.01;TGV/Intercités
3153;2016;France;Paris Montparnasse;Paris;Île-de-France;France;Paris Est;Paris;Île-de-France;1.07;TGV/Intercités
3154;2016;France;Paris Montparnasse;Paris;Île-de-France;France;Paris Austerlitz;Paris;Île-de-France;1.05;TGV/Intercités
3155;2016;France;Paris Montparnasse;Paris;Île-de-France;France;Lyon Part-Dieu;Lyon;Auvergne-Rhône-Alpes;7.79;TGV/Intercités
3156;2016;France;Paris Montparnasse;Paris;Île-de-France;France;Lyon Perrache;Lyon;Auvergne-Rhône-Alpes;8.7;TGV/Intercités
3157;2016;France;Paris Montparnasse;Paris;Île-de-France;France;Marseille Saint-Charles;Marseille;Provence-Alpes-Côte d'Azur;6.44;TGV/Intercités
3158;2016;France;Paris Montparnasse;Paris;Île-de-France;France;Lille Flandres;Lille;Hauts-de-France;7.55;TGV/Intercités
3159;2016;France;Paris Montparnasse;Paris;Île-de-France;France;Lille Europe;Lille;Hauts-de-France;8.03;TGV/Intercités
3160;2016;France;Paris Montparnasse;Paris;Île-de-France;France;Bordeaux Saint-Jean;Bordeaux;Nouvelle-Aquitaine;4.52;TGV/Intercités
3161;2016;France;Paris Montparnasse;Paris;Île-de-France;France;Toulouse Matabiau;Toulouse;Occitanie;4.58;TGV/Intercités
3162;2016;France;Paris Montparnasse;Paris;Île-de-France;France;Nantes;Nantes;Pays de la Loire;4.15;TGV/Intercités
3163;2016;France;Paris Montparnasse;Paris;Île-de-France;France;Rennes;Rennes;Bretagne;3.75;TGV/Intercités
3164;2016;France;Paris Montparnasse;Paris;Île-de-France;France;Strasbourg;Strasbourg;Grand Est;4.06;TGV/Intercités
3165;2016;France;Paris Est;Paris;Île-de-France;France;Paris Gare du Nord;Paris;Île-de-France;1.0;TGV/Intercités
3166;2016;France;Paris Est;Paris;Île-de-France;France;Paris Gare de Lyon;Paris;Île-de-France;1.04;TGV/Intercités
3167;2016;France;Paris Est;Paris;Île-de-France;France;Paris Saint-Lazare;Paris;Île-de-France;0.91;TGV/Intercités
3168;2016;France;Paris Est;Paris;Île-de-France;France;Paris Montparnasse;Paris;Île-de-France;0.89;TGV/Intercités
3169;2016;France;Paris Est;Paris;Île-de-France;France;Paris Austerlitz;Paris;Île-de-France;0.95;TGV/Intercités
3170;2016;France;Paris Est;Paris;Île-de-France;France;Lyon Part-Dieu;Lyon;Auvergne-Rhône-Alpes;8.96;TGV/Intercités
3171;2016;France;Paris Est;Paris;Île-de-France;France;Lyon Perrache;Lyon;Auvergne-Rhône-Alpes;9.02;TGV/Intercités
3172;2016;France;Paris Est;Paris;Île-de-France;France;Marseille Saint-Charles;Marseille;Provence-Alpes-Côte d'Azur;6.12;TGV/Intercités
3173;2016;France;Paris Est;Paris;Île-de-France;France;Lille Flandres;Lille;Hauts-de-France;6.13;TGV/Intercités
3174;2016;France;Paris Est;Paris;Île-de-France;France;Lille Europe;Lille;Hauts-de-France;7.59;TGV/Intercités
3175;2016;France;Paris Est;Paris;Île-de-France;France;Bordeaux Saint-Jean;Bordeaux;Nouvelle-Aquitaine;5.26;TGV/Intercités
3176;2016;France;Paris Est;Paris;Île-de-France;France;Toulouse Matabiau;Toulouse;Occitanie;3.9;TGV/Intercités
3177;2016;France;Paris Est;Paris;Île-de-France;France;Nantes;Nantes;Pays de la Loire;4.36;TGV/Intercités
3178;2016;France;Paris Est;Paris;Île-de-France;France;Rennes;Rennes;Bretagne;4.46;TGV/Intercités
3179;2016;France;Paris Est;Paris;Île-de-France;France;Strasbourg;Strasbourg;Grand Est;3.79;TGV/Intercités
3180;2016;France;Paris Austerlitz;Paris;Île-de-France;France;Paris Gare du Nord;Paris;Île-de-France;0.96;TGV/Intercités
3181;2016;France;Paris Austerlitz;Paris;Île-de-France;France;Paris Gare de Lyon;Paris;Île-de-France;0.98;TGV/Intercités
3182;2016;France;Paris Austerlitz;Paris;Île-de-France;France;Paris Saint-Lazare;Paris;Île-de-France;0.98;TGV/Intercités
3183;2016;France;Paris Austerlitz;Paris;Île-de-France;France;Paris Montparnasse;Paris;Île-de-France;1.06;TGV/Intercités
3184;2016;France;Paris Austerlitz;Paris;Île-de-France;France;Paris Est;Paris;Île-de-France;1.05;TGV/Intercités
3185;2016;France;Paris Austerlitz;Paris;Île-de-France;France;Lyon Part-Dieu;Lyon;Auvergne-Rhône-Alpes;8.82;TGV/Intercités
3186;2016;France;Paris Austerlitz;Paris;Île-de-France;France;Lyon Perrache;Lyon;Auvergne-Rhône-Alpes;7.98;TGV/Intercités
3187;2016;France;Paris Austerlitz;Paris;Île-de-France;France;Marseille Saint-Charles;Marseille;Provence-Alpes-Côte d'Azur;5.4;TGV/Intercités
3188;2016;France;Paris Austerlitz;Paris;Île-de-France;France;Lille Flandres;Lille;Hauts-de-France;7.9;TGV/Intercités
3189;2016;France;Paris Austerlitz;Paris;Île-de-France;France;Lille Europe;Lille;Hauts-de-France;7.49;TGV/Intercités
3190;2016;France;Paris Austerlitz;Paris;Île-de-France;France;Bordeaux Saint-Jean;Bordeaux;Nouvelle-Aquitaine;4.46;TGV/Intercités
3191;2016;France;Paris Austerlitz;Paris;Île-de-France;France;Toulouse Matabiau;Toulouse;Occitanie;4.2;TGV/Intercités
3192;2016;France;Paris Austerlitz;Paris;Île-de-France;France;Nantes;Nantes;Pays de la Loire;4.08;TGV/Intercités
3193;2016;France;Paris Austerlitz;Paris;Île-de-France;France;Rennes;Rennes;Bretagne;4.36;TGV/Intercités
3194;2016;France;Paris Austerlitz;Paris;Île-de-France;France;Strasbourg;Strasbourg;Grand Est;4.19;TGV/Intercités
3195;2016;France;Lyon Part-Dieu;Lyon;Auvergne-Rhône-Alpes;France;Paris Gare du Nord;Paris;Île-de-France;9.09;TGV/Intercités
3196;2016;France;Lyon Part-Dieu;Lyon;Auvergne-Rhône-Alpes;France;Paris Gare de Lyon;Paris;Île-de-France;8.86;TGV/Intercités
3197;2016;France;Lyon Part-Dieu;Lyon;Auvergne-Rhône-Alpes;France;Paris Saint-Lazare;Paris;Île-de-France;8.04;TGV/Intercités
3198;2016;France;Lyon Part-Dieu;Lyon;Auvergne-Rhône-Alpes;France;Paris Montparnasse;Paris;Île-de-France;7.36;TGV/Intercités
3199;2016;France;Lyon Part-Dieu;Lyon;Auvergne-Rhône-Alpes;France;Paris Est;Paris;Île-de-France;8.44;TGV/Intercités
3200;2016;France;Lyon Part-Dieu;Lyon;Auvergne-Rhône-Alpes;France;Paris Austerlitz;Paris;Île-de-France;8.74;TGV/Intercités
3201;2016;France;Lyon Part-Dieu;Lyon;Auvergne-Rhône-Alpes;France;Lyon Perrache;Lyon;Auvergne-Rhône-Alpes;0.94;TER/Intercités
3202;2016;France;Lyon Part-Dieu;Lyon;Auvergne-Rhône-Alpes;France;Marseille Saint-Charles;Marseille;Provence-Alpes-Côte d'Azur;0.97;TER/Intercités
3203;2016;France;Lyon Part-Dieu;Lyon;Auvergne-Rhône-Alpes;France;Lille Flandres;Lille;Hauts-de-France;0.94;TER/Intercités
3204;2016;France;Lyon Part-Dieu;Lyon;Auvergne-Rhône-Alpes;France;Lille Europe;Lille;Hauts-de-France;1.0;TER/Intercités
3205;2016;France;Lyon Part-Dieu;Lyon;Auvergne-Rhône-Alpes;France;Bordeaux Saint-Jean;Bordeaux;Nouvelle-Aquitaine;1.03;TER/Intercités
3206;2016;France;Lyon Part-Dieu;Lyon;Auvergne-Rhône-Alpes;France;Toulouse Matabiau;Toulouse;Occitanie;1.04;TER/Intercités
3207;2016;France;Lyon Part-Dieu;Lyon;Auvergne-Rhône-Alpes;France;Nantes;Nantes;Pays de la Loire;1.14;TER/Intercités
3208;2016;France;Lyon Part-Dieu;Lyon;Auvergne-Rhône-Alpes;France;Rennes;Rennes;Bretagne;1.14;TER/Intercités
3209;2016;France;Lyon Part-Dieu;Lyon;Auvergne-Rhône-Alpes;France;Strasbourg;Strasbourg;Grand Est;1.12;TER/Intercités
3210;2016;France;Lyon Perrache;Lyon;Auvergne-Rhône-Alpes;France;Paris Gare du Nord;Paris;Île-de-France;9.1;TGV/Intercités
3211;2016;France;Lyon Perrache;Lyon;Auvergne-Rhône-Alpes;France;Paris Gare de Lyon;Paris;Île-de-France;8.37;TGV/Intercités
3212;2016;France;Lyon Perrache;Lyon;Auvergne-Rhône-Alpes;France;Paris Saint-Lazare;Paris;Île-de-France;7.75;TGV/Intercités
3213;2016;France;Lyon Perrache;Lyon;Auvergne-Rhône-Alpes;France;Paris Montparnasse;Paris;Île-de-France;8.52;TGV/Intercités
3214;2016;France;Lyon Perrache;Lyon;Auvergne-Rhône-Alpes;France;Paris Est;Paris;Île-de-France;7.56;TGV/Intercités
3215;2016;France;Lyon Perrache;Lyon;Auvergne-Rhône-Alpes;France;Paris Austerlitz;Paris;Île-de-France;9.12;TGV/Intercités
3216;2016;France;Lyon Perrache;Lyon;Auvergne-Rhône-Alpes;France;Lyon Part-Dieu;Lyon;Auvergne-Rhône-Alpes;1.13;TER/Intercités
3217;2016;France;Lyon Perrache;Lyon;Auvergne-Rhône-Alpes;France;Marseille Saint-Charles;Marseille;Provence-Alpes-Côte d'Azur;0.93;TER/Intercités
3218;2016;France;Lyon Perrache;Lyon;Auvergne-Rhône-Alpes;France;Lille Flandres;Lille;Hauts-de-France;1.15;TER/Intercités
3219;2016;France;Lyon Perrache;Lyon;Auvergne-Rhône-Alpes;France;Lille Europe;Lille;Hauts-de-France;0.96;TER/Intercités
3220;2016;France;Lyon Perrache;Lyon;Auvergne-Rhône-Alpes;France;Bordeaux Saint-Jean;Bordeaux;Nouvelle-Aquitaine;1.12;TER/Intercités
3221;2016;France;Lyon Perrache;Lyon;Auvergne-Rhône-Alpes;France;Toulouse Matabiau;Toulouse;Occitanie;0.94;TER/Intercités
3222;2016;France;Lyon Perrache;Lyon;Auvergne-Rhône-Alpes;France;Nantes;Nantes;Pays de la Loire;0.91;TER/Intercités
3223;2016;France;Lyon Perrache;Lyon;Auvergne-Rhône-Alpes;France;Rennes;Rennes;Bretagne;1.0;TER/Intercités
3224;2016;France;Lyon Perrache;Lyon;Auvergne-Rhône-Alpes;France;Strasbourg;Strasbourg;Grand Est;0.9;TER/Intercités
3225;2016;France;Marseille Saint-Charles;Marseille;Provence-Alpes-Côte d'Azur;France;Paris Gare du Nord;Paris;Île-de-France;5.9;TGV/Intercités
3226;2016;France;Marseille Saint-Charles;Marseille;Provence-Alpes-Côte d'Azur;France;Paris Gare de Lyon;Paris;Île-de-France;5.62;TGV/Intercités
3227;2016;France;Marseille Saint-Charles;Marseille;Provence-Alpes-Côte d'Azur;France;Paris Saint-Lazare;Paris;Île-de-France;6.27;TGV/Intercités
3228;2016;France;Marseille Saint-Charles;Marseille;Provence-Alpes-Côte d'Azur;France;Paris Montparnasse;Paris;Île-de-France;6.27;TGV/Intercités
3229;2016;France;Marseille Saint-Charles;Marseille;Provence-Alpes-Côte d'Azur;France;Paris Est;Paris;Île-de-France;6.77;TGV/Intercités
3230;2016;France;Marseille Saint-Charles;Marseille;Provence-Alpes-Côte d'Azur;France;Paris Austerlitz;Paris;Île-de-France;5.77;TGV/Intercités
3231;2016;France;Marseille Saint-Charles;Marseille;Provence-Alpes-Côte d'Azur;France;Lyon Part-Dieu;Lyon;Auvergne-Rhône-Alpes;0.88;TER/Intercités
3232;2016;France;Marseille Saint-Charles;Marseille;Provence-Alpes-Côte d'Azur;France;Lyon Perrache;Lyon;Auvergne-Rhône-Alpes;1.04;TER/Intercités
3233;2016;France;Marseille Saint-Charles;Marseille;Provence-Alpes-Côte d'Azur;France;Lille Flandres;Lille;Hauts-de-France;0.89;TER/Intercités
3234;2016;France;Marseille Saint-Charles;Marseille;Provence-Alpes-Côte d'Azur;France;Lille Europe;Lille;Hauts-de-France;1.08;TER/Intercités
3235;2016;France;Marseille Saint-Charles;Marseille;Provence-Alpes-Côte d'Azur;France;Bordeaux Saint-Jean;Bordeaux;Nouvelle-Aquitaine;0.97;TER/Intercités
3236;2016;France;Marseille Saint-Charles;Marseille;Provence-Alpes-Côte d'Azur;France;Toulouse Matabiau;Toulouse;Occitanie;0.94;TER/Intercités
3237;2016;France;Marseille Saint-Charles;Marseille;Provence-Alpes-Côte d'Azur;France;Nantes;Nantes;Pays de la Loire;1.07;TER/Intercités
3238;2016;France;Marseille Saint-Charles;Marseille;Provence-Alpes-Côte d'Azur;France;Rennes;Rennes;Bretagne;0.95;TER/Intercités
3239;2016;France;Marseille Saint-Charles;Marseille;Provence-Alpes-Côte d'Azur;France;Strasbourg;Strasbourg;Grand Est;1.05;TER/Intercités
3240;2016;France;Lille Flandres;Lille;Hauts-de-France;France;Paris Gare du Nord;Paris;Île-de-France;6.55;TGV/Intercités
3241;2016;France;Lille Flandres;Lille;Hauts-de-France;France;Paris Gare de Lyon;Paris;Île-de-France;6.95;TGV/Intercités
3242;2016;France;Lille Flandres;Lille;Hauts-de-France;France;Paris Saint-Lazare;Paris;Île-de-France;6.11;TGV/Intercités
3243;2016;France;Lille Flandres;Lille;Hauts-de-France;France;Paris Montparnasse;Paris;Île-de-France;6.02;TGV/Intercités
3244;2016;France;Lille Flandres;Lille;Hauts-de-France;France;Paris Est;Paris;Île-de-France;7.96;TGV/Intercités
3245;2016;France;Lille Flandres;Lille;Hauts-de-France;France;Paris Austerlitz;Paris;Île-de-France;7.37;TGV/Intercités
3246;2016;France;Lille Flandres;Lille;Hauts-de-France;France;Lyon Part-Dieu;Lyon;Auvergne-Rhône-Alpes;1.04;TER/Intercités
3247;2016;France;Lille Flandres;Lille;Hauts-de-France;France;Lyon Perrache;Lyon;Auvergne-Rhône-Alpes;0.97;TER/Intercités
3248;2016;France;Lille Flandres;Lille;Hauts-de-France;France;Marseille Saint-Charles;Marseille;Provence-Alpes-Côte d'Azur;1.12;TER/Intercités
3249;2016;France;Lille Flandres;Lille;Hauts-de-France;France;Lille Europe;Lille;Hauts-de-France;1.14;TER/Intercités
3250;2016;France;Lille Flandres;Lille;Hauts-de-France;France;Bordeaux Saint-Jean;Bordeaux;Nouvelle-Aquitaine;0.99;TER/Intercités
3251;2016;France;Lille Flandres;Lille;Hauts-de-France;France;Toulouse Matabiau;Toulouse;Occitanie;0.94;TER/Intercités
3252;2016;France;Lille Flandres;Lille;Hauts-de-France;France;Nantes;Nantes;Pays de la Loire;0.96;TER/Intercités
3253;2016;France;Lille Flandres;Lille;Hauts-de-France;France;Rennes;Rennes;Bretagne;1.12;TER/Intercités
3254;2016;France;Lille Flandres;Lille;Hauts-de-France;France;Strasbourg;Strasbourg;Grand Est;0.89;TER/Intercités
3255;2016;France;Lille Europe;Lille;Hauts-de-France;France;Paris Gare du Nord;Paris;Île-de-France;7.15;TGV/Intercités
3256;2016;France;Lille Europe;Lille;Hauts-de-France;France;Paris Gare de Lyon;Paris;Île-de-France;7.72;TGV/Intercités
3257;2016;France;Lille Europe;Lille;Hauts-de-France;France;Paris Saint-Lazare;Paris;Île-de-France;6.02;TGV/Intercités
3258;2016;France;Lille Europe;Lille;Hauts-de-France;France;Paris Montparnasse;Paris;Île-de-France;6.37;TGV/Intercités
3259;2016;France;Lille Europe;Lille;Hauts-de-France;France;Paris Est;Paris;Île-de-France;8.04;TGV/Intercités
3260;2016;France;Lille Europe;Lille;Hauts-de-France;France;Paris Austerlitz;Paris;Île-de-France;6.87;TGV/Intercités
3261;2016;France;Lille Europe;Lille;Hauts-de-France;France;Lyon Part-Dieu;Lyon;Auvergne-Rhône-Alpes;1.04;TER/Intercités
3262;2016;France;Lille Europe;Lille;Hauts-de-France;France;Lyon Perrache;Lyon;Auvergne-Rhône-Alpes;0.92;TER/Intercités
3263;2016;France;Lille Europe;Lille;Hauts-de-France;France;Marseille Saint-Charles;Marseille;Provence-Alpes-Côte d'Azur;1.01;TER/Intercités
3264;2016;France;Lille Europe;Lille;Hauts-de-France;France;Lille Flandres;Lille;Hauts-de-France;0.96;TER/Intercités
3265;2016;France;Lille Europe;Lille;Hauts-de-France;France;Bordeaux Saint-Jean;Bordeaux;Nouvelle-Aquitaine;1.07;TER/Intercités
3266;2016;France;Lille Europe;Lille;Hauts-de-France;France;Toulouse Matabiau;Toulouse;Occitanie;1.1;TER/Intercités
3267;2016;France;Lille Europe;Lille;Hauts-de-France;France;Nantes;Nantes;Pays de la Loire;0.94;TER/Intercités
3268;2016;France;Lille Europe;Lille;Hauts-de-France;France;Rennes;Rennes;Bretagne;1.06;TER/Intercités
3269;2016;France;Lille Europe;Lille;Hauts-de-France;France;Strasbourg;Strasbourg;Grand Est;1.08;TER/Intercités
3270;2016;France;Bordeaux Saint-Jean;Bordeaux;Nouvelle-Aquitaine;France;Paris Gare du Nord;Paris;Île-de-France;4.62;TGV/Intercités
3271;2016;France;Bordeaux Saint-Jean;Bordeaux;Nouvelle-Aquitaine;France;Paris Gare de Lyon;Paris;Île-de-France;5.45;TGV/Intercités
3272;2016;France;Bordeaux Saint-Jean;Bordeaux;Nouvelle-Aquitaine;France;Paris Saint-Lazare;Paris;Île-de-France;5.1;TGV/Intercités
3273;2016;France;Bordeaux Saint-Jean;Bordeaux;Nouvelle-Aquitaine;France;Paris Montparnasse;Paris;Île-de-France;5.21;TGV/Intercités
3274;2016;France;Bordeaux Saint-Jean;Bordeaux;Nouvelle-Aquitaine;France;Paris Est;Paris;Île-de-France;4.44;TGV/Intercités
3275;2016;France;Bordeaux Saint-Jean;Bordeaux;Nouvelle-Aquitaine;France;Paris Austerlitz;Paris;Île-de-France;5.13;TGV/Intercités
3276;2016;France;Bordeaux Saint-Jean;Bordeaux;Nouvelle-Aquitaine;France;Lyon Part-Dieu;Lyon;Auvergne-Rhône-Alpes;0.95;TER/Intercités
3277;2016;France;Bordeaux Saint-Jean;Bordeaux;Nouvelle-Aquitaine;France;Lyon Perrache;Lyon;Auvergne-Rhône-Alpes;0.95;TER/Intercités
3278;2016;France;Bordeaux Saint-Jean;Bordeaux;Nouvelle-Aquitaine;France;Marseille Saint-Charles;Marseille;Provence-Alpes-Côte d'Azur;1.03;TER/Intercités
3279;2016;France;Bordeaux Saint-Jean;Bordeaux;Nouvelle-Aquitaine;France;Lille Flandres;Lille;Hauts-de-France;0.86;TER/Intercités
3280;2016;France;Bordeaux Saint-Jean;Bordeaux;Nouvelle-Aquitaine;France;Lille Europe;Lille;Hauts-de-France;1.02;TER/Intercités
3281;2016;France;Bordeaux Saint-Jean;Bordeaux;Nouvelle-Aquitaine;France;Toulouse Matabiau;Toulouse;Occitanie;1.03;TER/Intercités
3282;2016;France;Bordeaux Saint-Jean;Bordeaux;Nouvelle-Aquitaine;France;Nantes;Nantes;Pays de la Loire;1.03;TER/Intercités
3283;2016;France;Bordeaux Saint-Jean;Bordeaux;Nouvelle-Aquitaine;France;Rennes;Rennes;Bretagne;1.1;TER/Intercités
3284;2016;France;Bordeaux Saint-Jean;Bordeaux;Nouvelle-Aquitaine;France;Strasbourg;Strasbourg;Grand Est;0.99;TER/Intercités
3285;2016;France;Toulouse Matabiau;Toulouse;Occitanie;France;Paris Gare du Nord;Paris;Île-de-France;4.05;TGV/Intercités
3286;2016;France;Toulouse Matabiau;Toulouse;Occitanie;France;Paris Gare de Lyon;Paris;Île-de-France;3.52;TGV/Intercités
3287;2016;France;Toulouse Matabiau;Toulouse;Occitanie;France;Paris Saint-Lazare;Paris;Île-de-France;4.07;TGV/Intercités
3288;2016;France;Toulouse Matabiau;Toulouse;Occitanie;France;Paris Montparnasse;Paris;Île-de-France;4.07;TGV/Intercités
3289;2016;France;Toulouse Matabiau;Toulouse;Occitanie;France;Paris Est;Paris;Île-de-France;4.36;TGV/Intercités
3290;2016;France;Toulouse Matabiau;Toulouse;Occitanie;France;Paris Austerlitz;Paris;Île-de-France;3.45;TGV/Intercités
3291;2016;France;Toulouse Matabiau;Toulouse;Occitanie;France;Lyon Part-Dieu;Lyon;Auvergne-Rhône-Alpes;1.08;TER/Intercités
3292;2016;France;Toulouse Matabiau;Toulouse;Occitanie;France;Lyon Perrache;Lyon;Auvergne-Rhône-Alpes;1.09;TER/Intercités
3293;2016;France;Toulouse Matabiau;Toulouse;Occitanie;France;Marseille Saint-Charles;Marseille;Provence-Alpes-Côte d'Azur;1.02;TER/Intercités
3294;2016;France;Toulouse Matabiau;Toulouse;Occitanie;France;Lille Flandres;Lille;Hauts-de-France;1.01;TER/Intercités
3295;2016;France;Toulouse Matabiau;Toulouse;Occitanie;France;Lille Europe;Lille;Hauts-de-France;0.96;TER/Intercités
3296;2016;France;Toulouse Matabiau;Toulouse;Occitanie;France;Bordeaux Saint-Jean;Bordeaux;Nouvelle-Aquitaine;0.9;TER/Intercités
3297;2016;France;Toulouse Matabiau;Toulouse;Occitanie;France;Nantes;Nantes;Pays de la Loire;0.94;TER/Intercités
3298;2016;France;Toulouse Matabiau;Toulouse;Occitanie;France;Rennes;Rennes;Bretagne;1.04;TER/Intercités
3299;2016;France;Toulouse Matabiau;Toulouse;Occitanie;France;Strasbourg;Strasbourg;Grand Est;1.13;TER/Intercités
3300;2016;France;Nantes;Nantes;Pays de la Loire;France;Paris Gare du Nord;Paris;Île-de-France;3.78;TGV/Intercités
3301;2016;France;Nantes;Nantes;Pays de la Loire;France;Paris Gare de Lyon;Paris;Île-de-France;4.0;TGV/Intercités
3302;2016;France;Nantes;Nantes;Pays de la Loire;France;Paris Saint-Lazare;Paris;Île-de-France;4.47;TGV/Intercités
3303;2016;France;Nantes;Nantes;Pays de la Loire;France;Paris Montparnasse;Paris;Île-de-France;4.46;TGV/Intercités
3304;2016;France;Nantes;Nantes;Pays de la Loire;France;Paris Est;Paris;Île-de-France;3.42;TGV/Intercités
3305;2016;France;Nantes;Nantes;Pays de la Loire;France;Paris Austerlitz;Paris;Île-de-France;4.52;TGV/Intercités
3306;2016;France;Nantes;Nantes;Pays de la Loire;France;Lyon Part-Dieu;Lyon;Auvergne-Rhône-Alpes;0.95;TER/Intercités
3307;2016;France;Nantes;Nantes;Pays de la Loire;France;Lyon Perrache;Lyon;Auvergne-Rhône-Alpes;0.91;TER/Intercités
3308;2016;France;Nantes;Nantes;Pays de la Loire;France;Marseille Saint-Charles;Marseille;Provence-Alpes-Côte d'Azur;1.07;TER/Intercités
3309;2016;France;Nantes;Nantes;Pays de la Loire;France;Lille Flandres;Lille;Hauts-de-France;0.99;TER/Intercités
3310;2016;France;Nantes;Nantes;Pays de la Loire;France;Lille Europe;Lille;Hauts-de-France;1.01;TER/Intercités
3311;2016;France;Nantes;Nantes;Pays de la Loire;France;Bordeaux Saint-Jean;Bordeaux;Nouvelle-Aquitaine;1.07;TER/Intercités
3312;2016;France;Nantes;Nantes;Pays de la Loire;France;Toulouse Matabiau;Toulouse;Occitanie;1.05;TER/Intercités
3313;2016;France;Nantes;Nantes;Pays de la Loire;France;Rennes;Rennes;Bretagne;1.02;TER/Intercités
3314;2016;France;Nantes;Nantes;Pays de la Loire;France;Strasbourg;Strasbourg;Grand Est;1.12;TER/Intercités
3315;2016;France;Rennes;Rennes;Bretagne;France;Paris Gare du Nord;Paris;Île-de-France;3.51;TGV/Intercités
3316;2016;France;Rennes;Rennes;Bretagne;France;Paris Gare de Lyon;Paris;Île-de-France;4.2;TGV/Intercités
3317;2016;France;Rennes;Rennes;Bretagne;France;Paris Saint-Lazare;Paris;Île-de-France;3.48;TGV/Intercités
3318;2016;France;Rennes;Rennes;Bretagne;France;Paris Montparnasse;Paris;Île-de-France;4.35;TGV/Intercités
3319;2016;France;Rennes;Rennes;Bretagne;France;Paris Est;Paris;Île-de-France;3.93;TGV/Intercités
3320;2016;France;Rennes;Rennes;Bretagne;France;Paris Austerlitz;Paris;Île-de-France;4.04;TGV/Intercités
3321;2016;France;Rennes;Rennes;Bretagne;France;Lyon Part-Dieu;Lyon;Auvergne-Rhône-Alpes;0.85;TER/Intercités
3322;2016;France;Rennes;Rennes;Bretagne;France;Lyon Perrache;Lyon;Auvergne-Rhône-Alpes;0.91;TER/Intercités
3323;2016;France;Rennes;Rennes;Bretagne;France;Marseille Saint-Charles;Marseille;Provence-Alpes-Côte d'Azur;0.87;TER/Intercités
3324;2016;France;Rennes;Rennes;Bretagne;France;Lille Flandres;Lille;Hauts-de-France;1.01;TER/Intercités
3325;2016;France;Rennes;Rennes;Bretagne;France;Lille Europe;Lille;Hauts-de-France;1.07;TER/Intercités
3326;2016;France;Rennes;Rennes;Bretagne;France;Bordeaux Saint-Jean;Bordeaux;Nouvelle-Aquitaine;0.96;TER/Intercités
3327;2016;France;Rennes;Rennes;Bretagne;France;Toulouse Matabiau;Toulouse;Occitanie;0.86;TER/Intercités
3328;2016;France;Rennes;Rennes;Bretagne;France;Nantes;Nantes;Pays de la Loire;0.96;TER/Intercités
3329;2016;France;Rennes;Rennes;Bretagne;France;Strasbourg;Strasbourg;Grand Est;0.88;TER/Intercités
3330;2016;France;Strasbourg;Strasbourg;Grand Est;France;Paris Gare du Nord;Paris;Île-de-France;3.65;TGV/Intercités
3331;2016;France;Strasbourg;Strasbourg;Grand Est;France;Paris Gare de Lyon;Paris;Île-de-France;3.46;TGV/Intercités
3332;2016;France;Strasbourg;Strasbourg;Grand Est;France;Paris Saint-Lazare;Paris;Île-de-France;4.26;TGV/Intercités
3333;2016;France;Strasbourg;Strasbourg;Grand Est;France;Paris Montparnasse;Paris;Île-de-France;3.5;TGV/Intercités
3334;2016;France;Strasbourg;Strasbourg;Grand Est;France;Paris Est;Paris;Île-de-France;3.74;TGV/Intercités
3335;2016;France;Strasbourg;Strasbourg;Grand Est;France;Paris Austerlitz;Paris;Île-de-France;3.53;TGV/Intercités
3336;2016;France;Strasbourg;Strasbourg;Grand Est;France;Lyon Part-Dieu;Lyon;Auvergne-Rhône-Alpes;0.95;TER/Intercités
3337;2016;France;Strasbourg;Strasbourg;Grand Est;France;Lyon Perrache;Lyon;Auvergne-Rhône-Alpes;1.12;TER/Intercités
3338;2016;France;Strasbourg;Strasbourg;Grand Est;France;Marseille Saint-Charles;Marseille;Provence-Alpes-Côte d'Azur;0.95;TER/Intercités
3339;2016;France;Strasbourg;Strasbourg;Grand Est;France;Lille Flandres;Lille;Hauts-de-France;1.03;TER/Intercités
3340;2016;France;Strasbourg;Strasbourg;Grand Est;France;Lille Europe;Lille;Hauts-de-France;0.88;TER/Intercités
3341;2016;France;Strasbourg;Strasbourg;Grand Est;France;Bordeaux Saint-Jean;Bordeaux;Nouvelle-Aquitaine;1.13;TER/Intercités
3342;2016;France;Strasbourg;Strasbourg;Grand Est;France;Toulouse Matabiau;Toulouse;Occitanie;1.01;TER/Intercités
3343;2016;France;Strasbourg;Strasbourg;Grand Est;France;Nantes;Nantes;Pays de la Loire;1.06;TER/Intercités
3344;2016;France;Strasbourg;Strasbourg;Grand Est;France;Rennes;Rennes;Bretagne;1.05;TER/Intercités
3345;2017;France;Paris Gare du Nord;Paris;Île-de-France;France;Paris Gare de Lyon;Paris;Île-de-France;0.91;TGV/Intercités
3346;2017;France;Paris Gare du Nord;Paris;Île-de-France;France;Paris Saint-Lazare;Paris;Île-de-France;1.04;TGV/Intercités
3347;2017;France;Paris Gare du Nord;Paris;Île-de-France;France;Paris Montparnasse;Paris;Île-de-France;1.06;TGV/Intercités
3348;2017;France;Paris Gare du Nord;Paris;Île-de-France;France;Paris Est;Paris;Île-de-France;1.03;TGV/Intercités
3349;2017;France;Paris Gare du Nord;Paris;Île-de-France;France;Paris Austerlitz;Paris;Île-de-France;1.12;TGV/Intercités
3350;2017;France;Paris Gare du Nord;Paris;Île-de-France;France;Lyon Part-Dieu;Lyon;Auvergne-Rhône-Alpes;9.08;TGV/Intercités
3351;2017;France;Paris Gare du Nord;Paris;Île-de-France;France;Lyon Perrache;Lyon;Auvergne-Rhône-Alpes;7.9;TGV/Intercités
3352;2017;France;Paris Gare du Nord;Paris;Île-de-France;France;Marseille Saint-Charles;Marseille;Provence-Alpes-Côte d'Azur;6.9;TGV/Intercités
3353;2017;France;Paris Gare du Nord;Paris;Île-de-France;France;Lille Flandres;Lille;Hauts-de-France;6.22;TGV/Intercités
3354;2017;France;Paris Gare du Nord;Paris;Île-de-France;France;Lille Europe;Lille;Hauts-de-France;6.49;TGV/Intercités
3355;2017;France;Paris Gare du Nord;Paris;Île-de-France;France;Bordeaux Saint-Jean;Bordeaux;Nouvelle-Aquitaine;5.69;TGV/Intercités
3356;2017;France;Paris Gare du Nord;Paris;Île-de-France;France;Toulouse Matabiau;Toulouse;Occitanie;3.87;TGV/Intercités
3357;2017;France;Paris Gare du Nord;Paris;Île-de-France;France;Nantes;Nantes;Pays de la Loire;3.53;TGV/Intercités
3358;2017;France;Paris Gare du Nord;Paris;Île-de-France;France;Rennes;Rennes;Bretagne;4.42;TGV/Intercités
3359;2017;France;Paris Gare du Nord;Paris;Île-de-France;France;Strasbourg;Strasbourg;Grand Est;4.51;TGV/Intercités
3360;2017;France;Paris Gare de Lyon;Paris;Île-de-France;France;Paris Gare du Nord;Paris;Île-de-France;0.91;TGV/Intercités
3361;2017;France;Paris Gare de Lyon;Paris;Île-de-France;France;Paris Saint-Lazare;Paris;Île-de-France;0.96;TGV/Intercités
3362;2017;France;Paris Gare de Lyon;Paris;Île-de-France;France;Paris Montparnasse;Paris;Île-de-France;1.04;TGV/Intercités
3363;2017;France;Paris Gare de Lyon;Paris;Île-de-France;France;Paris Est;Paris;Île-de-France;1.1;TGV/Intercités
3364;2017;France;Paris Gare de Lyon;Paris;Île-de-France;France;Paris Austerlitz;Paris;Île-de-France;1.1;TGV/Intercités
3365;2017;France;Paris Gare de Lyon;Paris;Île-de-France;France;Lyon Part-Dieu;Lyon;Auvergne-Rhône-Alpes;7.24;TGV/Intercités
3366;2017;France;Paris Gare de Lyon;Paris;Île-de-France;France;Lyon Perrache;Lyon;Auvergne-Rhône-Alpes;8.94;TGV/Intercités
3367;2017;France;Paris Gare de Lyon;Paris;Île-de-France;France;Marseille Saint-Charles;Marseille;Provence-Alpes-Côte d'Azur;5.51;TGV/Intercités
3368;2017;France;Paris Gare de Lyon;Paris;Île-de-France;France;Lille Flandres;Lille;Hauts-de-France;7.1;TGV/Intercités
3369;2017;France;Paris Gare de Lyon;Paris;Île-de-France;France;Lille Europe;Lille;Hauts-de-France;6.25;TGV/Intercités
3370;2017;France;Paris Gare de Lyon;Paris;Île-de-France;France;Bordeaux Saint-Jean;Bordeaux;Nouvelle-Aquitaine;5.01;TGV/Intercités
3371;2017;France;Paris Gare de Lyon;Paris;Île-de-France;France;Toulouse Matabiau;Toulouse;Occitanie;3.72;TGV/Intercités
3372;2017;France;Paris Gare de Lyon;Paris;Île-de-France;France;Nantes;Nantes;Pays de la Loire;3.48;TGV/Intercités
3373;2017;France;Paris Gare de Lyon;Paris;Île-de-France;France;Rennes;Rennes;Bretagne;4.18;TGV/Intercités
3374;2017;France;Paris Gare de Lyon;Paris;Île-de-France;France;Strasbourg;Strasbourg;Grand Est;3.65;TGV/Intercités
3375;2017;France;Paris Saint-Lazare;Paris;Île-de-France;France;Paris Gare du Nord;Paris;Île-de-France;1.16;TGV/Intercités
3376;2017;France;Paris Saint-Lazare;Paris;Île-de-France;France;Paris Gare de Lyon;Paris;Île-de-France;1.07;TGV/Intercités
3377;2017;France;Paris Saint-Lazare;Paris;Île-de-France;France;Paris Montparnasse;Paris;Île-de-France;0.87;TGV/Intercités
3378;2017;France;Paris Saint-Lazare;Paris;Île-de-France;France;Paris Est;Paris;Île-de-France;0.86;TGV/Intercités
3379;2017;France;Paris Saint-Lazare;Paris;Île-de-France;France;Paris Austerlitz;Paris;Île-de-France;0.9;TGV/Intercités
3380;2017;France;Paris Saint-Lazare;Paris;Île-de-France;France;Lyon Part-Dieu;Lyon;Auvergne-Rhône-Alpes;7.07;TGV/Intercités
3381;2017;France;Paris Saint-Lazare;Paris;Île-de-France;France;Lyon Perrache;Lyon;Auvergne-Rhône-Alpes;8.89;TGV/Intercités
3382;2017;France;Paris Saint-Lazare;Paris;Île-de-France;France;Marseille Saint-Charles;Marseille;Provence-Alpes-Côte d'Azur;5.27;TGV/Intercités
3383;2017;France;Paris Saint-Lazare;Paris;Île-de-France;France;Lille Flandres;Lille;Hauts-de-France;6.3;TGV/Intercités
3384;2017;France;Paris Saint-Lazare;Paris;Île-de-France;France;Lille Europe;Lille;Hauts-de-France;6.52;TGV/Intercités
3385;2017;France;Paris Saint-Lazare;Paris;Île-de-France;France;Bordeaux Saint-Jean;Bordeaux;Nouvelle-Aquitaine;5.5;TGV/Intercités
3386;2017;France;Paris Saint-Lazare;Paris;Île-de-France;France;Toulouse Matabiau;Toulouse;Occitanie;3.76;TGV/Intercités
3387;2017;France;Paris Saint-Lazare;Paris;Île-de-France;France;Nantes;Nantes;Pays de la Loire;3.57;TGV/Intercités
3388;2017;France;Paris Saint-Lazare;Paris;Île-de-France;France;Rennes;Rennes;Bretagne;3.92;TGV/Intercités
3389;2017;France;Paris Saint-Lazare;Paris;Île-de-France;France;Strasbourg;Strasbourg;Grand Est;4.04;TGV/Intercités
3390;2017;France;Paris Montparnasse;Paris;Île-de-France;France;Paris Gare du Nord;Paris;Île-de-France;0.96;TGV/Intercités
3391;2017;France;Paris Montparnasse;Paris;Île-de-France;France;Paris Gare de Lyon;Paris;Île-de-France;1.13;TGV/Intercités
3392;2017;France;Paris Montparnasse;Paris;Île-de-France;France;Paris Saint-Lazare;Paris;Île-de-France;0.91;TGV/Intercités
3393;2017;France;Paris Montparnasse;Paris;Île-de-France;France;Paris Est;Paris;Île-de-France;0.95;TGV/Intercités
3394;2017;France;Paris Montparnasse;Paris;Île-de-France;France;Paris Austerlitz;Paris;Île-de-France;0.88;TGV/Intercités
3395;2017;France;Paris Montparnasse;Paris;Île-de-France;France;Lyon Part-Dieu;Lyon;Auvergne-Rhône-Alpes;8.88;TGV/Intercités
3396;2017;France;Paris Montparnasse;Paris;Île-de-France;France;Lyon Perrache;Lyon;Auvergne-Rhône-Alpes;8.59;TGV/Intercités
3397;2017;France;Paris Montparnasse;Paris;Île-de-France;France;Marseille Saint-Charles;Marseille;Provence-Alpes-Côte d'Azur;6.26;TGV/Intercités
3398;2017;France;Paris Montparnasse;Paris;Île-de-France;France;Lille Flandres;Lille;Hauts-de-France;6.56;TGV/Intercités
3399;2017;France;Paris Montparnasse;Paris;Île-de-France;France;Lille Europe;Lille;Hauts-de-France;7.6;TGV/Intercités
3400;2017;France;Paris Montparnasse;Paris;Île-de-France;France;Bordeaux Saint-Jean;Bordeaux;Nouvelle-Aquitaine;4.43;TGV/Intercités
3401;2017;France;Paris Montparnasse;Paris;Île-de-France;France;Toulouse Matabiau;Toulouse;Occitanie;4.25;TGV/Intercités
3402;2017;France;Paris Montparnasse;Paris;Île-de-France;France;Nantes;Nantes;Pays de la Loire;3.82;TGV/Intercités
3403;2017;France;Paris Montparnasse;Paris;Île-de-France;France;Rennes;Rennes;Bretagne;3.64;TGV/Intercités
3404;2017;France;Paris Montparnasse;Paris;Île-de-France;France;Strasbourg;Strasbourg;Grand Est;4.51;TGV/Intercités
3405;2017;France;Paris Est;Paris;Île-de-France;France;Paris Gare du Nord;Paris;Île-de-France;0.96;TGV/Intercités
3406;2017;France;Paris Est;Paris;Île-de-France;France;Paris Gare de Lyon;Paris;Île-de-France;1.06;TGV/Intercités
3407;2017;France;Paris Est;Paris;Île-de-France;France;Paris Saint-Lazare;Paris;Île-de-France;1.06;TGV/Intercités
3408;2017;France;Paris Est;Paris;Île-de-France;France;Paris Montparnasse;Paris;Île-de-France;0.87;TGV/Intercités
3409;2017;France;Paris Est;Paris;Île-de-France;France;Paris Austerlitz;Paris;Île-de-France;1.11;TGV/Intercités
3410;2017;France;Paris Est;Paris;Île-de-France;France;Lyon Part-Dieu;Lyon;Auvergne-Rhône-Alpes;8.22;TGV/Intercités
3411;2017;France;Paris Est;Paris;Île-de-France;France;Lyon Perrache;Lyon;Auvergne-Rhône-Alpes;9.0;TGV/Intercités
3412;2017;France;Paris Est;Paris;Île-de-France;France;Marseille Saint-Charles;Marseille;Provence-Alpes-Côte d'Azur;6.32;TGV/Intercités
3413;2017;France;Paris Est;Paris;Île-de-France;France;Lille Flandres;Lille;Hauts-de-France;7.4;TGV/Intercités
3414;2017;France;Paris Est;Paris;Île-de-France;France;Lille Europe;Lille;Hauts-de-France;6.89;TGV/Intercités
3415;2017;France;Paris Est;Paris;Île-de-France;France;Bordeaux Saint-Jean;Bordeaux;Nouvelle-Aquitaine;5.18;TGV/Intercités
3416;2017;France;Paris Est;Paris;Île-de-France;France;Toulouse Matabiau;Toulouse;Occitanie;3.9;TGV/Intercités
3417;2017;France;Paris Est;Paris;Île-de-France;France;Nantes;Nantes;Pays de la Loire;3.59;TGV/Intercités
3418;2017;France;Paris Est;Paris;Île-de-France;France;Rennes;Rennes;Bretagne;3.58;TGV/Intercités
3419;2017;France;Paris Est;Paris;Île-de-France;France;Strasbourg;Strasbourg;Grand Est;4.17;TGV/Intercités
3420;2017;France;Paris Austerlitz;Paris;Île-de-France;France;Paris Gare du Nord;Paris;Île-de-France;1.05;TGV/Intercités
3421;2017;France;Paris Austerlitz;Paris;Île-de-France;France;Paris Gare de Lyon;Paris;Île-de-France;0.98;TGV/Intercités
3422;2017;France;Paris Austerlitz;Paris;Île-de-France;France;Paris Saint-Lazare;Paris;Île-de-France;0.89;TGV/Intercités
3423;2017;France;Paris Austerlitz;Paris;Île-de-France;France;Paris Montparnasse;Paris;Île-de-France;1.05;TGV/Intercités
3424;2017;France;Paris Austerlitz;Paris;Île-de-France;France;Paris Est;Paris;Île-de-France;1.01;TGV/Intercités
3425;2017;France;Paris Austerlitz;Paris;Île-de-France;France;Lyon Part-Dieu;Lyon;Auvergne-Rhône-Alpes;8.06;TGV/Intercités
3426;2017;France;Paris Austerlitz;Paris;Île-de-France;France;Lyon Perrache;Lyon;Auvergne-Rhône-Alpes;8.35;TGV/Intercités
3427;2017;France;Paris Austerlitz;Paris;Île-de-France;France;Marseille Saint-Charles;Marseille;Provence-Alpes-Côte d'Azur;6.31;TGV/Intercités
3428;2017;France;Paris Austerlitz;Paris;Île-de-France;France;Lille Flandres;Lille;Hauts-de-France;6.38;TGV/Intercités
3429;2017;France;Paris Austerlitz;Paris;Île-de-France;France;Lille Europe;Lille;Hauts-de-France;7.8;TGV/Intercités
3430;2017;France;Paris Austerlitz;Paris;Île-de-France;France;Bordeaux Saint-Jean;Bordeaux;Nouvelle-Aquitaine;4.73;TGV/Intercités
3431;2017;France;Paris Austerlitz;Paris;Île-de-France;France;Toulouse Matabiau;Toulouse;Occitanie;4.56;TGV/Intercités
3432;2017;France;Paris Austerlitz;Paris;Île-de-France;France;Nantes;Nantes;Pays de la Loire;4.23;TGV/Intercités
3433;2017;France;Paris Austerlitz;Paris;Île-de-France;France;Rennes;Rennes;Bretagne;4.28;TGV/Intercités
3434;2017;France;Paris Austerlitz;Paris;Île-de-France;France;Strasbourg;Strasbourg;Grand Est;4.4;TGV/Intercités
3435;2017;France;Lyon Part-Dieu;Lyon;Auvergne-Rhône-Alpes;France;Paris Gare du Nord;Paris;Île-de-France;7.07;TGV/Intercités
3436;2017;France;Lyon Part-Dieu;Lyon;Auvergne-Rhône-Alpes;France;Paris Gare de Lyon;Paris;Île-de-France;8.32;TGV/Intercités
3437;2017;France;Lyon Part-Dieu;Lyon;Auvergne-Rhône-Alpes;France;Paris Saint-Lazare;Paris;Île-de-France;7.65;TGV/Intercités
3438;2017;France;Lyon Part-Dieu;Lyon;Auvergne-Rhône-Alpes;France;Paris Montparnasse;Paris;Île-de-France;8.47;TGV/Intercités
3439;2017;France;Lyon Part-Dieu;Lyon;Auvergne-Rhône-Alpes;France;Paris Est;Paris;Île-de-France;7.24;TGV/Intercités
3440;2017;France;Lyon Part-Dieu;Lyon;Auvergne-Rhône-Alpes;France;Paris Austerlitz;Paris;Île-de-France;7.46;TGV/Intercités
3441;2017;France;Lyon Part-Dieu;Lyon;Auvergne-Rhône-Alpes;France;Lyon Perrache;Lyon;Auvergne-Rhône-Alpes;0.88;TER/Intercités
3442;2017;France;Lyon Part-Dieu;Lyon;Auvergne-Rhône-Alpes;France;Marseille Saint-Charles;Marseille;Provence-Alpes-Côte d'Azur;0.97;TER/Intercités
3443;2017;France;Lyon Part-Dieu;Lyon;Auvergne-Rhône-Alpes;France;Lille Flandres;Lille;Hauts-de-France;0.89;TER/Intercités
3444;2017;France;Lyon Part-Dieu;Lyon;Auvergne-Rhône-Alpes;France;Lille Europe;Lille;Hauts-de-France;1.14;TER/Intercités
3445;2017;France;Lyon Part-Dieu;Lyon;Auvergne-Rhône-Alpes;France;Bordeaux Saint-Jean;Bordeaux;Nouvelle-Aquitaine;1.15;TER/Intercités
3446;2017;France;Lyon Part-Dieu;Lyon;Auvergne-Rhône-Alpes;France;Toulouse Matabiau;Toulouse;Occitanie;1.04;TER/Intercités
3447;2017;France;Lyon Part-Dieu;Lyon;Auvergne-Rhône-Alpes;France;Nantes;Nantes;Pays de la Loire;0.89;TER/Intercités
3448;2017;France;Lyon Part-Dieu;Lyon;Auvergne-Rhône-Alpes;France;Rennes;Rennes;Bretagne;0.99;TER/Intercités
3449;2017;France;Lyon Part-Dieu;Lyon;Auvergne-Rhône-Alpes;France;Strasbourg;Strasbourg;Grand Est;1.07;TER/Intercités
3450;2017;France;Lyon Perrache;Lyon;Auvergne-Rhône-Alpes;France;Paris Gare du Nord;Paris;Île-de-France;8.53;TGV/Intercités
3451;2017;France;Lyon Perrache;Lyon;Auvergne-Rhône-Alpes;France;Paris Gare de Lyon;Paris;Île-de-France;7.93;TGV/Intercités
3452;2017;France;Lyon Perrache;Lyon;Auvergne-Rhône-Alpes;France;Paris Saint-Lazare;Paris;Île-de-France;8.5;TGV/Intercités
3453;2017;France;Lyon Perrache;Lyon;Auvergne-Rhône-Alpes;France;Paris Montparnasse;Paris;Île-de-France;7.25;TGV/Intercités
3454;2017;France;Lyon Perrache;Lyon;Auvergne-Rhône-Alpes;France;Paris Est;Paris;Île-de-France;7.18;TGV/Intercités
3455;2017;France;Lyon Perrache;Lyon;Auvergne-Rhône-Alpes;France;Paris Austerlitz;Paris;Île-de-France;9.22;TGV/Intercités
3456;2017;France;Lyon Perrache;Lyon;Auvergne-Rhône-Alpes;France;Lyon Part-Dieu;Lyon;Auvergne-Rhône-Alpes;0.87;TER/Intercités
3457;2017;France;Lyon Perrache;Lyon;Auvergne-Rhône-Alpes;France;Marseille Saint-Charles;Marseille;Provence-Alpes-Côte d'Azur;0.91;TER/Intercités
3458;2017;France;Lyon Perrache;Lyon;Auvergne-Rhône-Alpes;France;Lille Flandres;Lille;Hauts-de-France;0.9;TER/Intercités
3459;2017;France;Lyon Perrache;Lyon;Auvergne-Rhône-Alpes;France;Lille Europe;Lille;Hauts-de-France;1.12;TER/Intercités
3460;2017;France;Lyon Perrache;Lyon;Auvergne-Rhône-Alpes;France;Bordeaux Saint-Jean;Bordeaux;Nouvelle-Aquitaine;0.97;TER/Intercités
3461;2017;France;Lyon Perrache;Lyon;Auvergne-Rhône-Alpes;France;Toulouse Matabiau;Toulouse;Occitanie;0.97;TER/Intercités
3462;2017;France;Lyon Perrache;Lyon;Auvergne-Rhône-Alpes;France;Nantes;Nantes;Pays de la Loire;0.99;TER/Intercités
3463;2017;France;Lyon Perrache;Lyon;Auvergne-Rhône-Alpes;France;Rennes;Rennes;Bretagne;0.87;TER/Intercités
3464;2017;France;Lyon Perrache;Lyon;Auvergne-Rhône-Alpes;France;Strasbourg;Strasbourg;Grand Est;1.01;TER/Intercités
3465;2017;France;Marseille Saint-Charles;Marseille;Provence-Alpes-Côte d'Azur;France;Paris Gare du Nord;Paris;Île-de-France;6.54;TGV/Intercités
3466;2017;France;Marseille Saint-Charles;Marseille;Provence-Alpes-Côte d'Azur;France;Paris Gare de Lyon;Paris;Île-de-France;5.23;TGV/Intercités
3467;2017;France;Marseille Saint-Charles;Marseille;Provence-Alpes-Côte d'Azur;France;Paris Saint-Lazare;Paris;Île-de-France;6.24;TGV/Intercités
3468;2017;France;Marseille Saint-Charles;Marseille;Provence-Alpes-Côte d'Azur;France;Paris Montparnasse;Paris;Île-de-France;5.95;TGV/Intercités
3469;2017;France;Marseille Saint-Charles;Marseille;Provence-Alpes-Côte d'Azur;France;Paris Est;Paris;Île-de-France;6.17;TGV/Intercités
3470;2017;France;Marseille Saint-Charles;Marseille;Provence-Alpes-Côte d'Azur;France;Paris Austerlitz;Paris;Île-de-France;5.67;TGV/Intercités
3471;2017;France;Marseille Saint-Charles;Marseille;Provence-Alpes-Côte d'Azur;France;Lyon Part-Dieu;Lyon;Auvergne-Rhône-Alpes;0.97;TER/Intercités
3472;2017;France;Marseille Saint-Charles;Marseille;Provence-Alpes-Côte d'Azur;France;Lyon Perrache;Lyon;Auvergne-Rhône-Alpes;0.93;TER/Intercités
3473;2017;France;Marseille Saint-Charles;Marseille;Provence-Alpes-Côte d'Azur;France;Lille Flandres;Lille;Hauts-de-France;0.91;TER/Intercités
3474;2017;France;Marseille Saint-Charles;Marseille;Provence-Alpes-Côte d'Azur;France;Lille Europe;Lille;Hauts-de-France;1.01;TER/Intercités
3475;2017;France;Marseille Saint-Charles;Marseille;Provence-Alpes-Côte d'Azur;France;Bordeaux Saint-Jean;Bordeaux;Nouvelle-Aquitaine;1.12;TER/Intercités
3476;2017;France;Marseille Saint-Charles;Marseille;Provence-Alpes-Côte d'Azur;France;Toulouse Matabiau;Toulouse;Occitanie;1.06;TER/Intercités
3477;2017;France;Marseille Saint-Charles;Marseille;Provence-Alpes-Côte d'Azur;France;Nantes;Nantes;Pays de la Loire;0.96;TER/Intercités
3478;2017;France;Marseille Saint-Charles;Marseille;Provence-Alpes-Côte d'Azur;France;Rennes;Rennes;Bretagne;1.01;TER/Intercités
3479;2017;France;Marseille Saint-Charles;Marseille;Provence-Alpes-Côte d'Azur;France;Strasbourg;Strasbourg;Grand Est;1.0;TER/Intercités
3480;2017;France;Lille Flandres;Lille;Hauts-de-France;France;Paris Gare du Nord;Paris;Île-de-France;6.13;TGV/Intercités
3481;2017;France;Lille Flandres;Lille;Hauts-de-France;France;Paris Gare de Lyon;Paris;Île-de-France;7.57;TGV/Intercités
3482;2017;France;Lille Flandres;Lille;Hauts-de-France;France;Paris Saint-Lazare;Paris;Île-de-France;6.96;TGV/Intercités
3483;2017;France;Lille Flandres;Lille;Hauts-de-France;France;Paris Montparnasse;Paris;Île-de-France;7.56;TGV/Intercités
3484;2017;France;Lille Flandres;Lille;Hauts-de-France;France;Paris Est;Paris;Île-de-France;6.04;TGV/Intercités
3485;2017;France;Lille Flandres;Lille;Hauts-de-France;France;Paris Austerlitz;Paris;Île-de-France;6.78;TGV/Intercités
3486;2017;France;Lille Flandres;Lille;Hauts-de-France;France;Lyon Part-Dieu;Lyon;Auvergne-Rhône-Alpes;0.95;TER/Intercités
3487;2017;France;Lille Flandres;Lille;Hauts-de-France;France;Lyon Perrache;Lyon;Auvergne-Rhône-Alpes;1.14;TER/Intercités
3488;2017;France;Lille Flandres;Lille;Hauts-de-France;France;Marseille Saint-Charles;Marseille;Provence-Alpes-Côte d'Azur;0.95;TER/Intercités
3489;2017;France;Lille Flandres;Lille;Hauts-de-France;France;Lille Europe;Lille;Hauts-de-France;0.88;TER/Intercités
3490;2017;France;Lille Flandres;Lille;Hauts-de-France;France;Bordeaux Saint-Jean;Bordeaux;Nouvelle-Aquitaine;1.09;TER/Intercités
3491;2017;France;Lille Flandres;Lille;Hauts-de-France;France;Toulouse Matabiau;Toulouse;Occitanie;0.89;TER/Intercités
3492;2017;France;Lille Flandres;Lille;Hauts-de-France;France;Nantes;Nantes;Pays de la Loire;1.08;TER/Intercités
3493;2017;France;Lille Flandres;Lille;Hauts-de-France;France;Rennes;Rennes;Bretagne;0.92;TER/Intercités
3494;2017;France;Lille Flandres;Lille;Hauts-de-France;France;Strasbourg;Strasbourg;Grand Est;1.02;TER/Intercités
3495;2017;France;Lille Europe;Lille;Hauts-de-France;France;Paris Gare du Nord;Paris;Île-de-France;6.75;TGV/Intercités
3496;2017;France;Lille Europe;Lille;Hauts-de-France;France;Paris Gare de Lyon;Paris;Île-de-France;6.32;TGV/Intercités
3497;2017;France;Lille Europe;Lille;Hauts-de-France;France;Paris Saint-Lazare;Paris;Île-de-France;6.73;TGV/Intercités
3498;2017;France;Lille Europe;Lille;Hauts-de-France;France;Paris Montparnasse;Paris;Île-de-France;7.88;TGV/Intercités
3499;2017;France;Lille Europe;Lille;Hauts-de-France;France;Paris Est;Paris;Île-de-France;7.55;TGV/Intercités
3500;2017;France;Lille Europe;Lille;Hauts-de-France;France;Paris Austerlitz;Paris;Île-de-France;6.39;TGV/Intercités
3501;2017;France;Lille Europe;Lille;Hauts-de-France;France;Lyon Part-Dieu;Lyon;Auvergne-Rhône-Alpes;1.08;TER/Intercités
3502;2017;France;Lille Europe;Lille;Hauts-de-France;France;Lyon Perrache;Lyon;Auvergne-Rhône-Alpes;0.88;TER/Intercités
3503;2017;France;Lille Europe;Lille;Hauts-de-France;France;Marseille Saint-Charles;Marseille;Provence-Alpes-Côte d'Azur;1.01;TER/Intercités
3504;2017;France;Lille Europe;Lille;Hauts-de-France;France;Lille Flandres;Lille;Hauts-de-France;0.98;TER/Intercités
3505;2017;France;Lille Europe;Lille;Hauts-de-France;France;Bordeaux Saint-Jean;Bordeaux;Nouvelle-Aquitaine;0.91;TER/Intercités
3506;2017;France;Lille Europe;Lille;Hauts-de-France;France;Toulouse Matabiau;Toulouse;Occitanie;1.14;TER/Intercités
3507;2017;France;Lille Europe;Lille;Hauts-de-France;France;Nantes;Nantes;Pays de la Loire;1.12;TER/Intercités
3508;2017;France;Lille Europe;Lille;Hauts-de-France;France;Rennes;Rennes;Bretagne;1.08;TER/Intercités
3509;2017;France;Lille Europe;Lille;Hauts-de-France;France;Strasbourg;Strasbourg;Grand Est;1.06;TER/Intercités
3510;2017;France;Bordeaux Saint-Jean;Bordeaux;Nouvelle-Aquitaine;France;Paris Gare du Nord;Paris;Île-de-France;4.5;TGV/Intercités
3511;2017;France;Bordeaux Saint-Jean;Bordeaux;Nouvelle-Aquitaine;France;Paris Gare de Lyon;Paris;Île-de-France;5.68;TGV/Intercités
3512;2017;France;Bordeaux Saint-Jean;Bordeaux;Nouvelle-Aquitaine;France;Paris Saint-Lazare;Paris;Île-de-France;5.43;TGV/Intercités
3513;2017;France;Bordeaux Saint-Jean;Bordeaux;Nouvelle-Aquitaine;France;Paris Montparnasse;Paris;Île-de-France;5.24;TGV/Intercités
3514;2017;France;Bordeaux Saint-Jean;Bordeaux;Nouvelle-Aquitaine;France;Paris Est;Paris;Île-de-France;4.55;TGV/Intercités
3515;2017;France;Bordeaux Saint-Jean;Bordeaux;Nouvelle-Aquitaine;France;Paris Austerlitz;Paris;Île-de-France;4.89;TGV/Intercités
3516;2017;France;Bordeaux Saint-Jean;Bordeaux;Nouvelle-Aquitaine;France;Lyon Part-Dieu;Lyon;Auvergne-Rhône-Alpes;1.04;TER/Intercités
3517;2017;France;Bordeaux Saint-Jean;Bordeaux;Nouvelle-Aquitaine;France;Lyon Perrache;Lyon;Auvergne-Rhône-Alpes;0.89;TER/Intercités
3518;2017;France;Bordeaux Saint-Jean;Bordeaux;Nouvelle-Aquitaine;France;Marseille Saint-Charles;Marseille;Provence-Alpes-Côte d'Azur;0.92;TER/Intercités
3519;2017;France;Bordeaux Saint-Jean;Bordeaux;Nouvelle-Aquitaine;France;Lille Flandres;Lille;Hauts-de-France;1.06;TER/Intercités
3520;2017;France;Bordeaux Saint-Jean;Bordeaux;Nouvelle-Aquitaine;France;Lille Europe;Lille;Hauts-de-France;1.04;TER/Intercités
3521;2017;France;Bordeaux Saint-Jean;Bordeaux;Nouvelle-Aquitaine;France;Toulouse Matabiau;Toulouse;Occitanie;0.89;TER/Intercités
3522;2017;France;Bordeaux Saint-Jean;Bordeaux;Nouvelle-Aquitaine;France;Nantes;Nantes;Pays de la Loire;1.08;TER/Intercités
3523;2017;France;Bordeaux Saint-Jean;Bordeaux;Nouvelle-Aquitaine;France;Rennes;Rennes;Bretagne;1.07;TER/Intercités
3524;2017;France;Bordeaux Saint-Jean;Bordeaux;Nouvelle-Aquitaine;France;Strasbourg;Strasbourg;Grand Est;1.16;TER/Intercités
3525;2017;France;Toulouse Matabiau;Toulouse;Occitanie;France;Paris Gare du Nord;Paris;Île-de-France;4.5;TGV/Intercités
3526;2017;France;Toulouse Matabiau;Toulouse;Occitanie;France;Paris Gare de Lyon;Paris;Île-de-France;3.88;TGV/Intercités
3527;2017;France;Toulouse Matabiau;Toulouse;Occitanie;France;Paris Saint-Lazare;Paris;Île-de-France;3.64;TGV/Intercités
3528;2017;France;Toulouse Matabiau;Toulouse;Occitanie;France;Paris Montparnasse;Paris;Île-de-France;3.48;TGV/Intercités
3529;2017;France;Toulouse Matabiau;Toulouse;Occitanie;France;Paris Est;Paris;Île-de-France;4.25;TGV/Intercités
3530;2017;France;Toulouse Matabiau;Toulouse;Occitanie;France;Paris Austerlitz;Paris;Île-de-France;4.28;TGV/Intercités
3531;2017;France;Toulouse Matabiau;Toulouse;Occitanie;France;Lyon Part-Dieu;Lyon;Auvergne-Rhône-Alpes;0.96;TER/Intercités
3532;2017;France;Toulouse Matabiau;Toulouse;Occitanie;France;Lyon Perrache;Lyon;Auvergne-Rhône-Alpes;1.1;TER/Intercités
3533;2017;France;Toulouse Matabiau;Toulouse;Occitanie;France;Marseille Saint-Charles;Marseille;Provence-Alpes-Côte d'Azur;1.12;TER/Intercités
3534;2017;France;Toulouse Matabiau;Toulouse;Occitanie;France;Lille Flandres;Lille;Hauts-de-France;0.93;TER/Intercités
3535;2017;France;Toulouse Matabiau;Toulouse;Occitanie;France;Lille Europe;Lille;Hauts-de-France;0.96;TER/Intercités
3536;2017;France;Toulouse Matabiau;Toulouse;Occitanie;France;Bordeaux Saint-Jean;Bordeaux;Nouvelle-Aquitaine;0.87;TER/Intercités
3537;2017;France;Toulouse Matabiau;Toulouse;Occitanie;France;Nantes;Nantes;Pays de la Loire;1.06;TER/Intercités
3538;2017;France;Toulouse Matabiau;Toulouse;Occitanie;France;Rennes;Rennes;Bretagne;1.03;TER/Intercités
3539;2017;France;Toulouse Matabiau;Toulouse;Occitanie;France;Strasbourg;Strasbourg;Grand Est;1.05;TER/Intercités
3540;2017;France;Nantes;Nantes;Pays de la Loire;France;Paris Gare du Nord;Paris;Île-de-France;4.41;TGV/Intercités
3541;2017;France;Nantes;Nantes;Pays de la Loire;France;Paris Gare de Lyon;Paris;Île-de-France;4.1;TGV/Intercités
3542;2017;France;Nantes;Nantes;Pays de la Loire;France;Paris Saint-Lazare;Paris;Île-de-France;4.09;TGV/Intercités
3543;2017;France;Nantes;Nantes;Pays de la Loire;France;Paris Montparnasse;Paris;Île-de-France;4.08;TGV/Intercités
3544;2017;France;Nantes;Nantes;Pays de la Loire;France;Paris Est;Paris;Île-de-France;3.83;TGV/Intercités
3545;2017;France;Nantes;Nantes;Pays de la Loire;France;Paris Austerlitz;Paris;Île-de-France;4.64;TGV/Intercités
3546;2017;France;Nantes;Nantes;Pays de la Loire;France;Lyon Part-Dieu;Lyon;Auvergne-Rhône-Alpes;0.88;TER/Intercités
3547;2017;France;Nantes;Nantes;Pays de la Loire;France;Lyon Perrache;Lyon;Auvergne-Rhône-Alpes;1.03;TER/Intercités
3548;2017;France;Nantes;Nantes;Pays de la Loire;France;Marseille Saint-Charles;Marseille;Provence-Alpes-Côte d'Azur;1.1;TER/Intercités
3549;2017;France;Nantes;Nantes;Pays de la Loire;France;Lille Flandres;Lille;Hauts-de-France;0.92;TER/Intercités
3550;2017;France;Nantes;Nantes;Pays de la Loire;France;Lille Europe;Lille;Hauts-de-France;1.03;TER/Intercités
3551;2017;France;Nantes;Nantes;Pays de la Loire;France;Bordeaux Saint-Jean;Bordeaux;Nouvelle-Aquitaine;1.01;TER/Intercités
3552;2017;France;Nantes;Nantes;Pays de la Loire;France;Toulouse Matabiau;Toulouse;Occitanie;0.89;TER/Intercités
3553;2017;France;Nantes;Nantes;Pays de la Loire;France;Rennes;Rennes;Bretagne;1.03;TER/Intercités
3554;2017;France;Nantes;Nantes;Pays de la Loire;France;Strasbourg;Strasbourg;Grand Est;1.12;TER/Intercités
3555;2017;France;Rennes;Rennes;Bretagne;France;Paris Gare du Nord;Paris;Île-de-France;4.42;TGV/Intercités
3556;2017;France;Rennes;Rennes;Bretagne;France;Paris Gare de Lyon;Paris;Île-de-France;4.41;TGV/Intercités
3557;2017;France;Rennes;Rennes;Bretagne;France;Paris Saint-Lazare;Paris;Île-de-France;3.95;TGV/Intercités
3558;2017;France;Rennes;Rennes;Bretagne;France;Paris Montparnasse;Paris;Île-de-France;4.36;TGV/Intercités
3559;2017;France;Rennes;Rennes;Bretagne;France;Paris Est;Paris;Île-de-France;4.52;TGV/Intercités
3560;2017;France;Rennes;Rennes;Bretagne;France;Paris Austerlitz;Paris;Île-de-France;4.01;TGV/Intercités
3561;2017;France;Rennes;Rennes;Bretagne;France;Lyon Part-Dieu;Lyon;Auvergne-Rhône-Alpes;1.04;TER/Intercités
3562;2017;France;Rennes;Rennes;Bretagne;France;Lyon Perrache;Lyon;Auvergne-Rhône-Alpes;0.94;TER/Intercités
3563;2017;France;Rennes;Rennes;Bretagne;France;Marseille Saint-Charles;Marseille;Provence-Alpes-Côte d'Azur;1.04;TER/Intercités
3564;2017;France;Rennes;Rennes;Bretagne;France;Lille Flandres;Lille;Hauts-de-France;0.94;TER/Intercités
3565;2017;France;Rennes;Rennes;Bretagne;France;Lille Europe;Lille;Hauts-de-France;0.86;TER/Intercités
3566;2017;France;Rennes;Rennes;Bretagne;France;Bordeaux Saint-Jean;Bordeaux;Nouvelle-Aquitaine;1.15;TER/Intercités
3567;2017;France;Rennes;Rennes;Bretagne;France;Toulouse Matabiau;Toulouse;Occitanie;1.05;TER/Intercités
3568;2017;France;Rennes;Rennes;Bretagne;France;Nantes;Nantes;Pays de la Loire;1.04;TER/Intercités
3569;2017;France;Rennes;Rennes;Bretagne;France;Strasbourg;Strasbourg;Grand Est;1.16;TER/Intercités
3570;2017;France;Strasbourg;Strasbourg;Grand Est;France;Paris Gare du Nord;Paris;Île-de-France;3.69;TGV/Intercités
3571;2017;France;Strasbourg;Strasbourg;Grand Est;France;Paris Gare de Lyon;Paris;Île-de-France;4.25;TGV/Intercités
3572;2017;France;Strasbourg;Strasbourg;Grand Est;France;Paris Saint-Lazare;Paris;Île-de-France;3.58;TGV/Intercités
3573;2017;France;Strasbourg;Strasbourg;Grand Est;France;Paris Montparnasse;Paris;Île-de-France;3.48;TGV/Intercités
3574;2017;France;Strasbourg;Strasbourg;Grand Est;France;Paris Est;Paris;Île-de-France;3.53;TGV/Intercités
3575;2017;France;Strasbourg;Strasbourg;Grand Est;France;Paris Austerlitz;Paris;Île-de-France;3.57;TGV/Intercités
3576;2017;France;Strasbourg;Strasbourg;Grand Est;France;Lyon Part-Dieu;Lyon;Auvergne-Rhône-Alpes;0.89;TER/Intercités
3577;2017;France;Strasbourg;Strasbourg;Grand Est;France;Lyon Perrache;Lyon;Auvergne-Rhône-Alpes;1.15;TER/Intercités
3578;2017;France;Strasbourg;Strasbourg;Grand Est;France;Marseille Saint-Charles;Marseille;Provence-Alpes-Côte d'Azur;1.03;TER/Intercités
3579;2017;France;Strasbourg;Strasbourg;Grand Est;France;Lille Flandres;Lille;Hauts-de-France;1.05;TER/Intercités
3580;2017;France;Strasbourg;Strasbourg;Grand Est;France;Lille Europe;Lille;Hauts-de-France;1.05;TER/Intercités
3581;2017;France;Strasbourg;Strasbourg;Grand Est;France;Bordeaux Saint-Jean;Bordeaux;Nouvelle-Aquitaine;0.99;TER/Intercités
3582;2017;France;Strasbourg;Strasbourg;Grand Est;France;Toulouse Matabiau;Toulouse;Occitanie;0.89;TER/Intercités
3583;2017;France;Strasbourg;Strasbourg;Grand Est;France;Nantes;Nantes;Pays de la Loire;0.91;TER/Intercités
3584;2017;France;Strasbourg;Strasbourg;Grand Est;France;Rennes;Rennes;Bretagne;1.13;TER/Intercités
3585;2018;France;Paris Gare du Nord;Paris;Île-de-France;France;Paris Gare de Lyon;Paris;Île-de-France;1.05;TGV/Intercités
3586;2018;France;Paris Gare du Nord;Paris;Île-de-France;France;Paris Saint-Lazare;Paris;Île-de-France;1.03;TGV/Intercités
3587;2018;France;Paris Gare du Nord;Paris;Île-de-France;France;Paris Montparnasse;Paris;Île-de-France;1.07;TGV/Intercités
3588;2018;France;Paris Gare du Nord;Paris;Île-de-France;France;Paris Est;Paris;Île-de-France;0.88;TGV/Intercités
3589;2018;France;Paris Gare du Nord;Paris;Île-de-France;France;Paris Austerlitz;Paris;Île-de-France;1.03;TGV/Intercités
3590;2018;France;Paris Gare du Nord;Paris;Île-de-France;France;Lyon Part-Dieu;Lyon;Auvergne-Rhône-Alpes;7.2;TGV/Intercités
3591;2018;France;Paris Gare du Nord;Paris;Île-de-France;France;Lyon Perrache;Lyon;Auvergne-Rhône-Alpes;8.65;TGV/Intercités
3592;2018;France;Paris Gare du Nord;Paris;Île-de-France;France;Marseille Saint-Charles;Marseille;Provence-Alpes-Côte d'Azur;6.52;TGV/Intercités
3593;2018;France;Paris Gare du Nord;Paris;Île-de-France;France;Lille Flandres;Lille;Hauts-de-France;6.41;TGV/Intercités
3594;2018;France;Paris Gare du Nord;Paris;Île-de-France;France;Lille Europe;Lille;Hauts-de-France;6.09;TGV/Intercités
3595;2018;France;Paris Gare du Nord;Paris;Île-de-France;France;Bordeaux Saint-Jean;Bordeaux;Nouvelle-Aquitaine;5.75;TGV/Intercités
3596;2018;France;Paris Gare du Nord;Paris;Île-de-France;France;Toulouse Matabiau;Toulouse;Occitanie;4.11;TGV/Intercités
3597;2018;France;Paris Gare du Nord;Paris;Île-de-France;France;Nantes;Nantes;Pays de la Loire;4.41;TGV/Intercités
3598;2018;France;Paris Gare du Nord;Paris;Île-de-France;France;Rennes;Rennes;Bretagne;3.88;TGV/Intercités
3599;2018;France;Paris Gare du Nord;Paris;Île-de-France;France;Strasbourg;Strasbourg;Grand Est;3.7;TGV/Intercités
3600;2018;France;Paris Gare de Lyon;Paris;Île-de-France;France;Paris Gare du Nord;Paris;Île-de-France;0.95;TGV/Intercités
3601;2018;France;Paris Gare de Lyon;Paris;Île-de-France;France;Paris Saint-Lazare;Paris;Île-de-France;1.08;TGV/Intercités
3602;2018;France;Paris Gare de Lyon;Paris;Île-de-France;France;Paris Montparnasse;Paris;Île-de-France;0.91;TGV/Intercités
3603;2018;France;Paris Gare de Lyon;Paris;Île-de-France;France;Paris Est;Paris;Île-de-France;1.03;TGV/Intercités
3604;2018;France;Paris Gare de Lyon;Paris;Île-de-France;France;Paris Austerlitz;Paris;Île-de-France;1.1;TGV/Intercités
3605;2018;France;Paris Gare de Lyon;Paris;Île-de-France;France;Lyon Part-Dieu;Lyon;Auvergne-Rhône-Alpes;7.19;TGV/Intercités
3606;2018;France;Paris Gare de Lyon;Paris;Île-de-France;France;Lyon Perrache;Lyon;Auvergne-Rhône-Alpes;7.52;TGV/Intercités
3607;2018;France;Paris Gare de Lyon;Paris;Île-de-France;France;Marseille Saint-Charles;Marseille;Provence-Alpes-Côte d'Azur;6.84;TGV/Intercités
3608;2018;France;Paris Gare de Lyon;Paris;Île-de-France;France;Lille Flandres;Lille;Hauts-de-France;6.69;TGV/Intercités
3609;2018;France;Paris Gare de Lyon;Paris;Île-de-France;France;Lille Europe;Lille;Hauts-de-France;7.98;TGV/Intercités
3610;2018;France;Paris Gare de Lyon;Paris;Île-de-France;France;Bordeaux Saint-Jean;Bordeaux;Nouvelle-Aquitaine;5.43;TGV/Intercités
3611;2018;France;Paris Gare de Lyon;Paris;Île-de-France;France;Toulouse Matabiau;Toulouse;Occitanie;3.67;TGV/Intercités
3612;2018;France;Paris Gare de Lyon;Paris;Île-de-France;France;Nantes;Nantes;Pays de la Loire;3.76;TGV/Intercités
3613;2018;France;Paris Gare de Lyon;Paris;Île-de-France;France;Rennes;Rennes;Bretagne;4.47;TGV/Intercités
3614;2018;France;Paris Gare de Lyon;Paris;Île-de-France;France;Strasbourg;Strasbourg;Grand Est;3.77;TGV/Intercités
3615;2018;France;Paris Saint-Lazare;Paris;Île-de-France;France;Paris Gare du Nord;Paris;Île-de-France;1.11;TGV/Intercités
3616;2018;France;Paris Saint-Lazare;Paris;Île-de-France;France;Paris Gare de Lyon;Paris;Île-de-France;0.98;TGV/Intercités
3617;2018;France;Paris Saint-Lazare;Paris;Île-de-France;France;Paris Montparnasse;Paris;Île-de-France;0.93;TGV/Intercités
3618;2018;France;Paris Saint-Lazare;Paris;Île-de-France;France;Paris Est;Paris;Île-de-France;1.17;TGV/Intercités
3619;2018;France;Paris Saint-Lazare;Paris;Île-de-France;France;Paris Austerlitz;Paris;Île-de-France;1.0;TGV/Intercités
3620;2018;France;Paris Saint-Lazare;Paris;Île-de-France;France;Lyon Part-Dieu;Lyon;Auvergne-Rhône-Alpes;8.38;TGV/Intercités
3621;2018;France;Paris Saint-Lazare;Paris;Île-de-France;France;Lyon Perrache;Lyon;Auvergne-Rhône-Alpes;7.57;TGV/Intercités
3622;2018;France;Paris Saint-Lazare;Paris;Île-de-France;France;Marseille Saint-Charles;Marseille;Provence-Alpes-Côte d'Azur;5.99;TGV/Intercités
3623;2018;France;Paris Saint-Lazare;Paris;Île-de-France;France;Lille Flandres;Lille;Hauts-de-France;7.22;TGV/Intercités
3624;2018;France;Paris Saint-Lazare;Paris;Île-de-France;France;Lille Europe;Lille;Hauts-de-France;6.95;TGV/Intercités
3625;2018;France;Paris Saint-Lazare;Paris;Île-de-France;France;Bordeaux Saint-Jean;Bordeaux;Nouvelle-Aquitaine;5.16;TGV/Intercités
3626;2018;France;Paris Saint-Lazare;Paris;Île-de-France;France;Toulouse Matabiau;Toulouse;Occitanie;4.5;TGV/Intercités
3627;2018;France;Paris Saint-Lazare;Paris;Île-de-France;France;Nantes;Nantes;Pays de la Loire;3.84;TGV/Intercités
3628;2018;France;Paris Saint-Lazare;Paris;Île-de-France;France;Rennes;Rennes;Bretagne;4.03;TGV/Intercités
3629;2018;France;Paris Saint-Lazare;Paris;Île-de-France;France;Strasbourg;Strasbourg;Grand Est;3.66;TGV/Intercités
3630;2018;France;Paris Montparnasse;Paris;Île-de-France;France;Paris Gare du Nord;Paris;Île-de-France;1.16;TGV/Intercités
3631;2018;France;Paris Montparnasse;Paris;Île-de-France;France;Paris Gare de Lyon;Paris;Île-de-France;1.15;TGV/Intercités
3632;2018;France;Paris Montparnasse;Paris;Île-de-France;France;Paris Saint-Lazare;Paris;Île-de-France;0.99;TGV/Intercités
3633;2018;France;Paris Montparnasse;Paris;Île-de-France;France;Paris Est;Paris;Île-de-France;0.94;TGV/Intercités
3634;2018;France;Paris Montparnasse;Paris;Île-de-France;France;Paris Austerlitz;Paris;Île-de-France;1.08;TGV/Intercités
3635;2018;France;Paris Montparnasse;Paris;Île-de-France;France;Lyon Part-Dieu;Lyon;Auvergne-Rhône-Alpes;9.31;TGV/Intercités
3636;2018;France;Paris Montparnasse;Paris;Île-de-France;France;Lyon Perrache;Lyon;Auvergne-Rhône-Alpes;8.84;TGV/Intercités
3637;2018;France;Paris Montparnasse;Paris;Île-de-France;France;Marseille Saint-Charles;Marseille;Provence-Alpes-Côte d'Azur;5.77;TGV/Intercités
3638;2018;France;Paris Montparnasse;Paris;Île-de-France;France;Lille Flandres;Lille;Hauts-de-France;6.11;TGV/Intercités
3639;2018;France;Paris Montparnasse;Paris;Île-de-France;France;Lille Europe;Lille;Hauts-de-France;6.6;TGV/Intercités
3640;2018;France;Paris Montparnasse;Paris;Île-de-France;France;Bordeaux Saint-Jean;Bordeaux;Nouvelle-Aquitaine;5.72;TGV/Intercités
3641;2018;France;Paris Montparnasse;Paris;Île-de-France;France;Toulouse Matabiau;Toulouse;Occitanie;3.48;TGV/Intercités
3642;2018;France;Paris Montparnasse;Paris;Île-de-France;France;Nantes;Nantes;Pays de la Loire;4.69;TGV/Intercités
3643;2018;France;Paris Montparnasse;Paris;Île-de-France;France;Rennes;Rennes;Bretagne;3.67;TGV/Intercités
3644;2018;France;Paris Montparnasse;Paris;Île-de-France;France;Strasbourg;Strasbourg;Grand Est;3.58;TGV/Intercités
3645;2018;France;Paris Est;Paris;Île-de-France;France;Paris Gare du Nord;Paris;Île-de-France;1.17;TGV/Intercités
3646;2018;France;Paris Est;Paris;Île-de-France;France;Paris Gare de Lyon;Paris;Île-de-France;0.93;TGV/Intercités
3647;2018;France;Paris Est;Paris;Île-de-France;France;Paris Saint-Lazare;Paris;Île-de-France;1.07;TGV/Intercités
3648;2018;France;Paris Est;Paris;Île-de-France;France;Paris Montparnasse;Paris;Île-de-France;1.0;TGV/Intercités
3649;2018;France;Paris Est;Paris;Île-de-France;France;Paris Austerlitz;Paris;Île-de-France;0.98;TGV/Intercités
3650;2018;France;Paris Est;Paris;Île-de-France;France;Lyon Part-Dieu;Lyon;Auvergne-Rhône-Alpes;8.5;TGV/Intercités
3651;2018;France;Paris Est;Paris;Île-de-France;France;Lyon Perrache;Lyon;Auvergne-Rhône-Alpes;9.31;TGV/Intercités
3652;2018;France;Paris Est;Paris;Île-de-France;France;Marseille Saint-Charles;Marseille;Provence-Alpes-Côte d'Azur;6.47;TGV/Intercités
3653;2018;France;Paris Est;Paris;Île-de-France;France;Lille Flandres;Lille;Hauts-de-France;7.78;TGV/Intercités
3654;2018;France;Paris Est;Paris;Île-de-France;France;Lille Europe;Lille;Hauts-de-France;8.19;TGV/Intercités
3655;2018;France;Paris Est;Paris;Île-de-France;France;Bordeaux Saint-Jean;Bordeaux;Nouvelle-Aquitaine;5.08;TGV/Intercités
3656;2018;France;Paris Est;Paris;Île-de-France;France;Toulouse Matabiau;Toulouse;Occitanie;4.08;TGV/Intercités
3657;2018;France;Paris Est;Paris;Île-de-France;France;Nantes;Nantes;Pays de la Loire;3.65;TGV/Intercités
3658;2018;France;Paris Est;Paris;Île-de-France;France;Rennes;Rennes;Bretagne;4.37;TGV/Intercités
3659;2018;France;Paris Est;Paris;Île-de-France;France;Strasbourg;Strasbourg;Grand Est;4.29;TGV/Intercités
3660;2018;France;Paris Austerlitz;Paris;Île-de-France;France;Paris Gare du Nord;Paris;Île-de-France;1.09;TGV/Intercités
3661;2018;France;Paris Austerlitz;Paris;Île-de-France;France;Paris Gare de Lyon;Paris;Île-de-France;0.91;TGV/Intercités
3662;2018;France;Paris Austerlitz;Paris;Île-de-France;France;Paris Saint-Lazare;Paris;Île-de-France;1.15;TGV/Intercités
3663;2018;France;Paris Austerlitz;Paris;Île-de-France;France;Paris Montparnasse;Paris;Île-de-France;0.96;TGV/Intercités
3664;2018;France;Paris Austerlitz;Paris;Île-de-France;France;Paris Est;Paris;Île-de-France;1.14;TGV/Intercités
3665;2018;France;Paris Austerlitz;Paris;Île-de-France;France;Lyon Part-Dieu;Lyon;Auvergne-Rhône-Alpes;8.32;TGV/Intercités
3666;2018;France;Paris Austerlitz;Paris;Île-de-France;France;Lyon Perrache;Lyon;Auvergne-Rhône-Alpes;9.3;TGV/Intercités
3667;2018;France;Paris Austerlitz;Paris;Île-de-France;France;Marseille Saint-Charles;Marseille;Provence-Alpes-Côte d'Azur;6.44;TGV/Intercités
3668;2018;France;Paris Austerlitz;Paris;Île-de-France;France;Lille Flandres;Lille;Hauts-de-France;6.58;TGV/Intercités
3669;2018;France;Paris Austerlitz;Paris;Île-de-France;France;Lille Europe;Lille;Hauts-de-France;8.01;TGV/Intercités
3670;2018;France;Paris Austerlitz;Paris;Île-de-France;France;Bordeaux Saint-Jean;Bordeaux;Nouvelle-Aquitaine;4.62;TGV/Intercités
3671;2018;France;Paris Austerlitz;Paris;Île-de-France;France;Toulouse Matabiau;Toulouse;Occitanie;4.66;TGV/Intercités
3672;2018;France;Paris Austerlitz;Paris;Île-de-France;France;Nantes;Nantes;Pays de la Loire;4.12;TGV/Intercités
3673;2018;France;Paris Austerlitz;Paris;Île-de-France;France;Rennes;Rennes;Bretagne;3.61;TGV/Intercités
3674;2018;France;Paris Austerlitz;Paris;Île-de-France;France;Strasbourg;Strasbourg;Grand Est;4.42;TGV/Intercités
3675;2018;France;Lyon Part-Dieu;Lyon;Auvergne-Rhône-Alpes;France;Paris Gare du Nord;Paris;Île-de-France;8.53;TGV/Intercités
3676;2018;France;Lyon Part-Dieu;Lyon;Auvergne-Rhône-Alpes;France;Paris Gare de Lyon;Paris;Île-de-France;8.12;TGV/Intercités
3677;2018;France;Lyon Part-Dieu;Lyon;Auvergne-Rhône-Alpes;France;Paris Saint-Lazare;Paris;Île-de-France;7.68;TGV/Intercités
3678;2018;France;Lyon Part-Dieu;Lyon;Auvergne-Rhône-Alpes;France;Paris Montparnasse;Paris;Île-de-France;9.12;TGV/Intercités
3679;2018;France;Lyon Part-Dieu;Lyon;Auvergne-Rhône-Alpes;France;Paris Est;Paris;Île-de-France;7.99;TGV/Intercités
3680;2018;France;Lyon Part-Dieu;Lyon;Auvergne-Rhône-Alpes;France;Paris Austerlitz;Paris;Île-de-France;7.78;TGV/Intercités
3681;2018;France;Lyon Part-Dieu;Lyon;Auvergne-Rhône-Alpes;France;Lyon Perrache;Lyon;Auvergne-Rhône-Alpes;0.98;TER/Intercités
3682;2018;France;Lyon Part-Dieu;Lyon;Auvergne-Rhône-Alpes;France;Marseille Saint-Charles;Marseille;Provence-Alpes-Côte d'Azur;1.12;TER/Intercités
3683;2018;France;Lyon Part-Dieu;Lyon;Auvergne-Rhône-Alpes;France;Lille Flandres;Lille;Hauts-de-France;0.93;TER/Intercités
3684;2018;France;Lyon Part-Dieu;Lyon;Auvergne-Rhône-Alpes;France;Lille Europe;Lille;Hauts-de-France;0.91;TER/Intercités
3685;2018;France;Lyon Part-Dieu;Lyon;Auvergne-Rhône-Alpes;France;Bordeaux Saint-Jean;Bordeaux;Nouvelle-Aquitaine;1.0;TER/Intercités
3686;2018;France;Lyon Part-Dieu;Lyon;Auvergne-Rhône-Alpes;France;Toulouse Matabiau;Toulouse;Occitanie;1.08;TER/Intercités
3687;2018;France;Lyon Part-Dieu;Lyon;Auvergne-Rhône-Alpes;France;Nantes;Nantes;Pays de la Loire;1.09;TER/Intercités
3688;2018;France;Lyon Part-Dieu;Lyon;Auvergne-Rhône-Alpes;France;Rennes;Rennes;Bretagne;1.13;TER/Intercités
3689;2018;France;Lyon Part-Dieu;Lyon;Auvergne-Rhône-Alpes;France;Strasbourg;Strasbourg;Grand Est;1.13;TER/Intercités
3690;2018;France;Lyon Perrache;Lyon;Auvergne-Rhône-Alpes;France;Paris Gare du Nord;Paris;Île-de-France;7.53;TGV/Intercités
3691;2018;France;Lyon Perrache;Lyon;Auvergne-Rhône-Alpes;France;Paris Gare de Lyon;Paris;Île-de-France;7.23;TGV/Intercités
3692;2018;France;Lyon Perrache;Lyon;Auvergne-Rhône-Alpes;France;Paris Saint-Lazare;Paris;Île-de-France;8.32;TGV/Intercités
3693;2018;France;Lyon Perrache;Lyon;Auvergne-Rhône-Alpes;France;Paris Montparnasse;Paris;Île-de-France;9.29;TGV/Intercités
3694;2018;France;Lyon Perrache;Lyon;Auvergne-Rhône-Alpes;France;Paris Est;Paris;Île-de-France;7.49;TGV/Intercités
3695;2018;France;Lyon Perrache;Lyon;Auvergne-Rhône-Alpes;France;Paris Austerlitz;Paris;Île-de-France;7.19;TGV/Intercités
3696;2018;France;Lyon Perrache;Lyon;Auvergne-Rhône-Alpes;France;Lyon Part-Dieu;Lyon;Auvergne-Rhône-Alpes;1.06;TER/Intercités
3697;2018;France;Lyon Perrache;Lyon;Auvergne-Rhône-Alpes;France;Marseille Saint-Charles;Marseille;Provence-Alpes-Côte d'Azur;1.15;TER/Intercités
3698;2018;France;Lyon Perrache;Lyon;Auvergne-Rhône-Alpes;France;Lille Flandres;Lille;Hauts-de-France;1.07;TER/Intercités
3699;2018;France;Lyon Perrache;Lyon;Auvergne-Rhône-Alpes;France;Lille Europe;Lille;Hauts-de-France;1.12;TER/Intercités
3700;2018;France;Lyon Perrache;Lyon;Auvergne-Rhône-Alpes;France;Bordeaux Saint-Jean;Bordeaux;Nouvelle-Aquitaine;1.15;TER/Intercités
3701;2018;France;Lyon Perrache;Lyon;Auvergne-Rhône-Alpes;France;Toulouse Matabiau;Toulouse;Occitanie;1.11;TER/Intercités
3702;2018;France;Lyon Perrache;Lyon;Auvergne-Rhône-Alpes;France;Nantes;Nantes;Pays de la Loire;0.9;TER/Intercités
3703;2018;France;Lyon Perrache;Lyon;Auvergne-Rhône-Alpes;France;Rennes;Rennes;Bretagne;1.16;TER/Intercités
3704;2018;France;Lyon Perrache;Lyon;Auvergne-Rhône-Alpes;France;Strasbourg;Strasbourg;Grand Est;0.93;TER/Intercités
3705;2018;France;Marseille Saint-Charles;Marseille;Provence-Alpes-Côte d'Azur;France;Paris Gare du Nord;Paris;Île-de-France;6.99;TGV/Intercités
3706;2018;France;Marseille Saint-Charles;Marseille;Provence-Alpes-Côte d'Azur;France;Paris Gare de Lyon;Paris;Île-de-France;6.22;TGV/Intercités
3707;2018;France;Marseille Saint-Charles;Marseille;Provence-Alpes-Côte d'Azur;France;Paris Saint-Lazare;Paris;Île-de-France;6.36;TGV/Intercités
3708;2018;France;Marseille Saint-Charles;Marseille;Provence-Alpes-Côte d'Azur;France;Paris Montparnasse;Paris;Île-de-France;5.86;TGV/Intercités
3709;2018;France;Marseille Saint-Charles;Marseille;Provence-Alpes-Côte d'Azur;France;Paris Est;Paris;Île-de-France;6.27;TGV/Intercités
3710;2018;France;Marseille Saint-Charles;Marseille;Provence-Alpes-Côte d'Azur;France;Paris Austerlitz;Paris;Île-de-France;5.89;TGV/Intercités
3711;2018;France;Marseille Saint-Charles;Marseille;Provence-Alpes-Côte d'Azur;France;Lyon Part-Dieu;Lyon;Auvergne-Rhône-Alpes;1.13;TER/Intercités
3712;2018;France;Marseille Saint-Charles;Marseille;Provence-Alpes-Côte d'Azur;France;Lyon Perrache;Lyon;Auvergne-Rhône-Alpes;1.03;TER/Intercités
3713;2018;France;Marseille Saint-Charles;Marseille;Provence-Alpes-Côte d'Azur;France;Lille Flandres;Lille;Hauts-de-France;1.08;TER/Intercités
3714;2018;France;Marseille Saint-Charles;Marseille;Provence-Alpes-Côte d'Azur;France;Lille Europe;Lille;Hauts-de-France;0.89;TER/Intercités
3715;2018;France;Marseille Saint-Charles;Marseille;Provence-Alpes-Côte d'Azur;France;Bordeaux Saint-Jean;Bordeaux;Nouvelle-Aquitaine;1.04;TER/Intercités
3716;2018;France;Marseille Saint-Charles;Marseille;Provence-Alpes-Côte d'Azur;France;Toulouse Matabiau;Toulouse;Occitanie;1.11;TER/Intercités
3717;2018;France;Marseille Saint-Charles;Marseille;Provence-Alpes-Côte d'Azur;France;Nantes;Nantes;Pays de la Loire;1.04;TER/Intercités
3718;2018;France;Marseille Saint-Charles;Marseille;Provence-Alpes-Côte d'Azur;France;Rennes;Rennes;Bretagne;1.12;TER/Intercités
3719;2018;France;Marseille Saint-Charles;Marseille;Provence-Alpes-Côte d'Azur;France;Strasbourg;Strasbourg;Grand Est;0.89;TER/Intercités
3720;2018;France;Lille Flandres;Lille;Hauts-de-France;France;Paris Gare du Nord;Paris;Île-de-France;6.71;TGV/Intercités
3721;2018;France;Lille Flandres;Lille;Hauts-de-France;France;Paris Gare de Lyon;Paris;Île-de-France;7.52;TGV/Intercités
3722;2018;France;Lille Flandres;Lille;Hauts-de-France;France;Paris Saint-Lazare;Paris;Île-de-France;8.0;TGV/Intercités
3723;2018;France;Lille Flandres;Lille;Hauts-de-France;France;Paris Montparnasse;Paris;Île-de-France;6.38;TGV/Intercités
3724;2018;France;Lille Flandres;Lille;Hauts-de-France;France;Paris Est;Paris;Île-de-France;6.91;TGV/Intercités
3725;2018;France;Lille Flandres;Lille;Hauts-de-France;France;Paris Austerlitz;Paris;Île-de-France;6.35;TGV/Intercités
3726;2018;France;Lille Flandres;Lille;Hauts-de-France;France;Lyon Part-Dieu;Lyon;Auvergne-Rhône-Alpes;1.11;TER/Intercités
3727;2018;France;Lille Flandres;Lille;Hauts-de-France;France;Lyon Perrache;Lyon;Auvergne-Rhône-Alpes;1.08;TER/Intercités
3728;2018;France;Lille Flandres;Lille;Hauts-de-France;France;Marseille Saint-Charles;Marseille;Provence-Alpes-Côte d'Azur;1.13;TER/Intercités
3729;2018;France;Lille Flandres;Lille;Hauts-de-France;France;Lille Europe;Lille;Hauts-de-France;0.91;TER/Intercités
3730;2018;France;Lille Flandres;Lille;Hauts-de-France;France;Bordeaux Saint-Jean;Bordeaux;Nouvelle-Aquitaine;1.01;TER/Intercités
3731;2018;France;Lille Flandres;Lille;Hauts-de-France;France;Toulouse Matabiau;Toulouse;Occitanie;1.08;TER/Intercités
3732;2018;France;Lille Flandres;Lille;Hauts-de-France;France;Nantes;Nantes;Pays de la Loire;0.99;TER/Intercités
3733;2018;France;Lille Flandres;Lille;Hauts-de-France;France;Rennes;Rennes;Bretagne;1.08;TER/Intercités
3734;2018;France;Lille Flandres;Lille;Hauts-de-France;France;Strasbourg;Strasbourg;Grand Est;1.02;TER/Intercités
3735;2018;France;Lille Europe;Lille;Hauts-de-France;France;Paris Gare du Nord;Paris;Île-de-France;7.77;TGV/Intercités
3736;2018;France;Lille Europe;Lille;Hauts-de-France;France;Paris Gare de Lyon;Paris;Île-de-France;7.51;TGV/Intercités
3737;2018;France;Lille Europe;Lille;Hauts-de-France;France;Paris Saint-Lazare;Paris;Île-de-France;7.74;TGV/Intercités
3738;2018;France;Lille Europe;Lille;Hauts-de-France;France;Paris Montparnasse;Paris;Île-de-France;7.25;TGV/Intercités
3739;2018;France;Lille Europe;Lille;Hauts-de-France;France;Paris Est;Paris;Île-de-France;6.5;TGV/Intercités
3740;2018;France;Lille Europe;Lille;Hauts-de-France;France;Paris Austerlitz;Paris;Île-de-France;6.86;TGV/Intercités
3741;2018;France;Lille Europe;Lille;Hauts-de-France;France;Lyon Part-Dieu;Lyon;Auvergne-Rhône-Alpes;1.17;TER/Intercités
3742;2018;France;Lille Europe;Lille;Hauts-de-France;France;Lyon Perrache;Lyon;Auvergne-Rhône-Alpes;1.1;TER/Intercités
3743;2018;France;Lille Europe;Lille;Hauts-de-France;France;Marseille Saint-Charles;Marseille;Provence-Alpes-Côte d'Azur;1.03;TER/Intercités
3744;2018;France;Lille Europe;Lille;Hauts-de-France;France;Lille Flandres;Lille;Hauts-de-France;0.93;TER/Intercités
3745;2018;France;Lille Europe;Lille;Hauts-de-France;France;Bordeaux Saint-Jean;Bordeaux;Nouvelle-Aquitaine;1.13;TER/Intercités
3746;2018;France;Lille Europe;Lille;Hauts-de-France;France;Toulouse Matabiau;Toulouse;Occitanie;1.11;TER/Intercités
3747;2018;France;Lille Europe;Lille;Hauts-de-France;France;Nantes;Nantes;Pays de la Loire;0.9;TER/Intercités
3748;2018;France;Lille Europe;Lille;Hauts-de-France;France;Rennes;Rennes;Bretagne;1.03;TER/Intercités
3749;2018;France;Lille Europe;Lille;Hauts-de-France;France;Strasbourg;Strasbourg;Grand Est;1.17;TER/Intercités
3750;2018;France;Bordeaux Saint-Jean;Bordeaux;Nouvelle-Aquitaine;France;Paris Gare du Nord;Paris;Île-de-France;5.48;TGV/Intercités
3751;2018;France;Bordeaux Saint-Jean;Bordeaux;Nouvelle-Aquitaine;France;Paris Gare de Lyon;Paris;Île-de-France;5.17;TGV/Intercités
3752;2018;France;Bordeaux Saint-Jean;Bordeaux;Nouvelle-Aquitaine;France;Paris Saint-Lazare;Paris;Île-de-France;5.03;TGV/Intercités
3753;2018;France;Bordeaux Saint-Jean;Bordeaux;Nouvelle-Aquitaine;France;Paris Montparnasse;Paris;Île-de-France;5.53;TGV/Intercités
3754;2018;France;Bordeaux Saint-Jean;Bordeaux;Nouvelle-Aquitaine;France;Paris Est;Paris;Île-de-France;4.35;TGV/Intercités
3755;2018;France;Bordeaux Saint-Jean;Bordeaux;Nouvelle-Aquitaine;France;Paris Austerlitz;Paris;Île-de-France;4.53;TGV/Intercités
3756;2018;France;Bordeaux Saint-Jean;Bordeaux;Nouvelle-Aquitaine;France;Lyon Part-Dieu;Lyon;Auvergne-Rhône-Alpes;0.93;TER/Intercités
3757;2018;France;Bordeaux Saint-Jean;Bordeaux;Nouvelle-Aquitaine;France;Lyon Perrache;Lyon;Auvergne-Rhône-Alpes;0.89;TER/Intercités
3758;2018;France;Bordeaux Saint-Jean;Bordeaux;Nouvelle-Aquitaine;France;Marseille Saint-Charles;Marseille;Provence-Alpes-Côte d'Azur;1.04;TER/Intercités
3759;2018;France;Bordeaux Saint-Jean;Bordeaux;Nouvelle-Aquitaine;France;Lille Flandres;Lille;Hauts-de-France;0.96;TER/Intercités
3760;2018;France;Bordeaux Saint-Jean;Bordeaux;Nouvelle-Aquitaine;France;Lille Europe;Lille;Hauts-de-France;0.93;TER/Intercités
3761;2018;France;Bordeaux Saint-Jean;Bordeaux;Nouvelle-Aquitaine;France;Toulouse Matabiau;Toulouse;Occitanie;1.15;TER/Intercités
3762;2018;France;Bordeaux Saint-Jean;Bordeaux;Nouvelle-Aquitaine;France;Nantes;Nantes;Pays de la Loire;0.99;TER/Intercités
3763;2018;France;Bordeaux Saint-Jean;Bordeaux;Nouvelle-Aquitaine;France;Rennes;Rennes;Bretagne;1.09;TER/Intercités
3764;2018;France;Bordeaux Saint-Jean;Bordeaux;Nouvelle-Aquitaine;France;Strasbourg;Strasbourg;Grand Est;1.15;TER/Intercités
3765;2018;France;Toulouse Matabiau;Toulouse;Occitanie;France;Paris Gare du Nord;Paris;Île-de-France;4.65;TGV/Intercités
3766;2018;France;Toulouse Matabiau;Toulouse;Occitanie;France;Paris Gare de Lyon;Paris;Île-de-France;3.76;TGV/Intercités
3767;2018;France;Toulouse Matabiau;Toulouse;Occitanie;France;Paris Saint-Lazare;Paris;Île-de-France;3.53;TGV/Intercités
3768;2018;France;Toulouse Matabiau;Toulouse;Occitanie;France;Paris Montparnasse;Paris;Île-de-France;4.24;TGV/Intercités
3769;2018;France;Toulouse Matabiau;Toulouse;Occitanie;France;Paris Est;Paris;Île-de-France;3.68;TGV/Intercités
3770;2018;France;Toulouse Matabiau;Toulouse;Occitanie;France;Paris Austerlitz;Paris;Île-de-France;3.64;TGV/Intercités
3771;2018;France;Toulouse Matabiau;Toulouse;Occitanie;France;Lyon Part-Dieu;Lyon;Auvergne-Rhône-Alpes;0.87;TER/Intercités
3772;2018;France;Toulouse Matabiau;Toulouse;Occitanie;France;Lyon Perrache;Lyon;Auvergne-Rhône-Alpes;0.9;TER/Intercités
3773;2018;France;Toulouse Matabiau;Toulouse;Occitanie;France;Marseille Saint-Charles;Marseille;Provence-Alpes-Côte d'Azur;0.92;TER/Intercités
3774;2018;France;Toulouse Matabiau;Toulouse;Occitanie;France;Lille Flandres;Lille;Hauts-de-France;1.11;TER/Intercités
3775;2018;France;Toulouse Matabiau;Toulouse;Occitanie;France;Lille Europe;Lille;Hauts-de-France;1.05;TER/Intercités
3776;2018;France;Toulouse Matabiau;Toulouse;Occitanie;France;Bordeaux Saint-Jean;Bordeaux;Nouvelle-Aquitaine;0.9;TER/Intercités
3777;2018;France;Toulouse Matabiau;Toulouse;Occitanie;France;Nantes;Nantes;Pays de la Loire;1.0;TER/Intercités
3778;2018;France;Toulouse Matabiau;Toulouse;Occitanie;France;Rennes;Rennes;Bretagne;1.0;TER/Intercités
3779;2018;France;Toulouse Matabiau;Toulouse;Occitanie;France;Strasbourg;Strasbourg;Grand Est;1.16;TER/Intercités
3780;2018;France;Nantes;Nantes;Pays de la Loire;France;Paris Gare du Nord;Paris;Île-de-France;4.03;TGV/Intercités
3781;2018;France;Nantes;Nantes;Pays de la Loire;France;Paris Gare de Lyon;Paris;Île-de-France;4.01;TGV/Intercités
3782;2018;France;Nantes;Nantes;Pays de la Loire;France;Paris Saint-Lazare;Paris;Île-de-France;3.99;TGV/Intercités
3783;2018;France;Nantes;Nantes;Pays de la Loire;France;Paris Montparnasse;Paris;Île-de-France;3.69;TGV/Intercités
3784;2018;France;Nantes;Nantes;Pays de la Loire;France;Paris Est;Paris;Île-de-France;4.02;TGV/Intercités
3785;2018;France;Nantes;Nantes;Pays de la Loire;France;Paris Austerlitz;Paris;Île-de-France;3.48;TGV/Intercités
3786;2018;France;Nantes;Nantes;Pays de la Loire;France;Lyon Part-Dieu;Lyon;Auvergne-Rhône-Alpes;1.14;TER/Intercités
3787;2018;France;Nantes;Nantes;Pays de la Loire;France;Lyon Perrache;Lyon;Auvergne-Rhône-Alpes;0.96;TER/Intercités
3788;2018;France;Nantes;Nantes;Pays de la Loire;France;Marseille Saint-Charles;Marseille;Provence-Alpes-Côte d'Azur;0.92;TER/Intercités
3789;2018;France;Nantes;Nantes;Pays de la Loire;France;Lille Flandres;Lille;Hauts-de-France;0.93;TER/Intercités
3790;2018;France;Nantes;Nantes;Pays de la Loire;France;Lille Europe;Lille;Hauts-de-France;1.01;TER/Intercités
3791;2018;France;Nantes;Nantes;Pays de la Loire;France;Bordeaux Saint-Jean;Bordeaux;Nouvelle-Aquitaine;1.03;TER/Intercités
3792;2018;France;Nantes;Nantes;Pays de la Loire;France;Toulouse Matabiau;Toulouse;Occitanie;0.89;TER/Intercités
3793;2018;France;Nantes;Nantes;Pays de la Loire;France;Rennes;Rennes;Bretagne;1.1;TER/Intercités
3794;2018;France;Nantes;Nantes;Pays de la Loire;France;Strasbourg;Strasbourg;Grand Est;1.17;TER/Intercités
3795;2018;France;Rennes;Rennes;Bretagne;France;Paris Gare du Nord;Paris;Île-de-France;4.19;TGV/Intercités
3796;2018;France;Rennes;Rennes;Bretagne;France;Paris Gare de Lyon;Paris;Île-de-France;3.92;TGV/Intercités
3797;2018;France;Rennes;Rennes;Bretagne;France;Paris Saint-Lazare;Paris;Île-de-France;4.2;TGV/Intercités
3798;2018;France;Rennes;Rennes;Bretagne;France;Paris Montparnasse;Paris;Île-de-France;4.55;TGV/Intercités
3799;2018;France;Rennes;Rennes;Bretagne;France;Paris Est;Paris;Île-de-France;3.93;TGV/Intercités
3800;2018;France;Rennes;Rennes;Bretagne;France;Paris Austerlitz;Paris;Île-de-France;3.94;TGV/Intercités
3801;2018;France;Rennes;Rennes;Bretagne;France;Lyon Part-Dieu;Lyon;Auvergne-Rhône-Alpes;0.99;TER/Intercités
3802;2018;France;Rennes;Rennes;Bretagne;France;Lyon Perrache;Lyon;Auvergne-Rhône-Alpes;1.11;TER/Intercités
3803;2018;France;Rennes;Rennes;Bretagne;France;Marseille Saint-Charles;Marseille;Provence-Alpes-Côte d'Azur;1.14;TER/Intercités
3804;2018;France;Rennes;Rennes;Bretagne;France;Lille Flandres;Lille;Hauts-de-France;1.04;TER/Intercités
3805;2018;France;Rennes;Rennes;Bretagne;France;Lille Europe;Lille;Hauts-de-France;0.87;TER/Intercités
3806;2018;France;Rennes;Rennes;Bretagne;France;Bordeaux Saint-Jean;Bordeaux;Nouvelle-Aquitaine;1.13;TER/Intercités
3807;2018;France;Rennes;Rennes;Bretagne;France;Toulouse Matabiau;Toulouse;Occitanie;1.16;TER/Intercités
3808;2018;France;Rennes;Rennes;Bretagne;France;Nantes;Nantes;Pays de la Loire;1.07;TER/Intercités
3809;2018;France;Rennes;Rennes;Bretagne;France;Strasbourg;Strasbourg;Grand Est;0.88;TER/Intercités
3810;2018;France;Strasbourg;Strasbourg;Grand Est;France;Paris Gare du Nord;Paris;Île-de-France;3.83;TGV/Intercités
3811;2018;France;Strasbourg;Strasbourg;Grand Est;France;Paris Gare de Lyon;Paris;Île-de-France;4.52;TGV/Intercités
3812;2018;France;Strasbourg;Strasbourg;Grand Est;France;Paris Saint-Lazare;Paris;Île-de-France;3.95;TGV/Intercités
3813;2018;France;Strasbourg;Strasbourg;Grand Est;France;Paris Montparnasse;Paris;Île-de-France;4.27;TGV/Intercités
3814;2018;France;Strasbourg;Strasbourg;Grand Est;France;Paris Est;Paris;Île-de-France;4.46;TGV/Intercités
3815;2018;France;Strasbourg;Strasbourg;Grand Est;France;Paris Austerlitz;Paris;Île-de-France;4.31;TGV/Intercités
3816;2018;France;Strasbourg;Strasbourg;Grand Est;France;Lyon Part-Dieu;Lyon;Auvergne-Rhône-Alpes;0.91;TER/Intercités
3817;2018;France;Strasbourg;Strasbourg;Grand Est;France;Lyon Perrache;Lyon;Auvergne-Rhône-Alpes;0.89;TER/Intercités
3818;2018;France;Strasbourg;Strasbourg;Grand Est;France;Marseille Saint-Charles;Marseille;Provence-Alpes-Côte d'Azur;1.02;TER/Intercités
3819;2018;France;Strasbourg;Strasbourg;Grand Est;France;Lille Flandres;Lille;Hauts-de-France;0.93;TER/Intercités
3820;2018;France;Strasbourg;Strasbourg;Grand Est;France;Lille Europe;Lille;Hauts-de-France;0.94;TER/Intercités
3821;2018;France;Strasbourg;Strasbourg;Grand Est;France;Bordeaux Saint-Jean;Bordeaux;Nouvelle-Aquitaine;1.11;TER/Intercités
3822;2018;France;Strasbourg;Strasbourg;Grand Est;France;Toulouse Matabiau;Toulouse;Occitanie;1.07;TER/Intercités
3823;2018;France;Strasbourg;Strasbourg;Grand Est;France;Nantes;Nantes;Pays de la Loire;1.07;TER/Intercités
3824;2018;France;Strasbourg;Strasbourg;Grand Est;France;Rennes;Rennes;Bretagne;1.0;TER/Intercités
3825;2019;France;Paris Gare du Nord;Paris;Île-de-France;France;Paris Gare de Lyon;Paris;Île-de-France;1.01;TGV/Intercités
3826;2019;France;Paris Gare du Nord;Paris;Île-de-France;France;Paris Saint-Lazare;Paris;Île-de-France;0.89;TGV/Intercités
3827;2019;France;Paris Gare du Nord;Paris;Île-de-France;France;Paris Montparnasse;Paris;Île-de-France;1.14;TGV/Intercités
3828;2019;France;Paris Gare du Nord;Paris;Île-de-France;France;Paris Est;Paris;Île-de-France;1.09;TGV/Intercités
3829;2019;France;Paris Gare du Nord;Paris;Île-de-France;France;Paris Austerlitz;Paris;Île-de-France;1.03;TGV/Intercités
3830;2019;France;Paris Gare du Nord;Paris;Île-de-France;France;Lyon Part-Dieu;Lyon;Auvergne-Rhône-Alpes;7.53;TGV/Intercités
3831;2019;France;Paris Gare du Nord;Paris;Île-de-France;France;Lyon Perrache;Lyon;Auvergne-Rhône-Alpes;7.28;TGV/Intercités
3832;2019;France;Paris Gare du Nord;Paris;Île-de-France;France;Marseille Saint-Charles;Marseille;Provence-Alpes-Côte d'Azur;6.24;TGV/Intercités
3833;2019;France;Paris Gare du Nord;Paris;Île-de-France;France;Lille Flandres;Lille;Hauts-de-France;7.41;TGV/Intercités
3834;2019;France;Paris Gare du Nord;Paris;Île-de-France;France;Lille Europe;Lille;Hauts-de-France;6.43;TGV/Intercités
3835;2019;France;Paris Gare du Nord;Paris;Île-de-France;France;Bordeaux Saint-Jean;Bordeaux;Nouvelle-Aquitaine;4.87;TGV/Intercités
3836;2019;France;Paris Gare du Nord;Paris;Île-de-France;France;Toulouse Matabiau;Toulouse;Occitanie;4.14;TGV/Intercités
3837;2019;France;Paris Gare du Nord;Paris;Île-de-France;France;Nantes;Nantes;Pays de la Loire;3.57;TGV/Intercités
3838;2019;France;Paris Gare du Nord;Paris;Île-de-France;France;Rennes;Rennes;Bretagne;4.51;TGV/Intercités
3839;2019;France;Paris Gare du Nord;Paris;Île-de-France;France;Strasbourg;Strasbourg;Grand Est;4.1;TGV/Intercités
3840;2019;France;Paris Gare de Lyon;Paris;Île-de-France;France;Paris Gare du Nord;Paris;Île-de-France;0.9;TGV/Intercités
3841;2019;France;Paris Gare de Lyon;Paris;Île-de-France;France;Paris Saint-Lazare;Paris;Île-de-France;1.14;TGV/Intercités
3842;2019;France;Paris Gare de Lyon;Paris;Île-de-France;France;Paris Montparnasse;Paris;Île-de-France;0.89;TGV/Intercités
3843;2019;France;Paris Gare de Lyon;Paris;Île-de-France;France;Paris Est;Paris;Île-de-France;1.18;TGV/Intercités
3844;2019;France;Paris Gare de Lyon;Paris;Île-de-France;France;Paris Austerlitz;Paris;Île-de-France;1.1;TGV/Intercités
3845;2019;France;Paris Gare de Lyon;Paris;Île-de-France;France;Lyon Part-Dieu;Lyon;Auvergne-Rhône-Alpes;9.28;TGV/Intercités
3846;2019;France;Paris Gare de Lyon;Paris;Île-de-France;France;Lyon Perrache;Lyon;Auvergne-Rhône-Alpes;7.93;TGV/Intercités
3847;2019;France;Paris Gare de Lyon;Paris;Île-de-France;France;Marseille Saint-Charles;Marseille;Provence-Alpes-Côte d'Azur;5.83;TGV/Intercités
3848;2019;France;Paris Gare de Lyon;Paris;Île-de-France;France;Lille Flandres;Lille;Hauts-de-France;7.0;TGV/Intercités
3849;2019;France;Paris Gare de Lyon;Paris;Île-de-France;France;Lille Europe;Lille;Hauts-de-France;8.13;TGV/Intercités
3850;2019;France;Paris Gare de Lyon;Paris;Île-de-France;France;Bordeaux Saint-Jean;Bordeaux;Nouvelle-Aquitaine;5.27;TGV/Intercités
3851;2019;France;Paris Gare de Lyon;Paris;Île-de-France;France;Toulouse Matabiau;Toulouse;Occitanie;4.04;TGV/Intercités
3852;2019;France;Paris Gare de Lyon;Paris;Île-de-France;France;Nantes;Nantes;Pays de la Loire;4.44;TGV/Intercités
3853;2019;France;Paris Gare de Lyon;Paris;Île-de-France;France;Rennes;Rennes;Bretagne;3.59;TGV/Intercités
3854;2019;France;Paris Gare de Lyon;Paris;Île-de-France;France;Strasbourg;Strasbourg;Grand Est;4.54;TGV/Intercités
3855;2019;France;Paris Saint-Lazare;Paris;Île-de-France;France;Paris Gare du Nord;Paris;Île-de-France;0.89;TGV/Intercités
3856;2019;France;Paris Saint-Lazare;Paris;Île-de-France;France;Paris Gare de Lyon;Paris;Île-de-France;0.99;TGV/Intercités
3857;2019;France;Paris Saint-Lazare;Paris;Île-de-France;France;Paris Montparnasse;Paris;Île-de-France;1.01;TGV/Intercités
3858;2019;France;Paris Saint-Lazare;Paris;Île-de-France;France;Paris Est;Paris;Île-de-France;1.0;TGV/Intercités
3859;2019;France;Paris Saint-Lazare;Paris;Île-de-France;France;Paris Austerlitz;Paris;Île-de-France;1.12;TGV/Intercités
3860;2019;France;Paris Saint-Lazare;Paris;Île-de-France;France;Lyon Part-Dieu;Lyon;Auvergne-Rhône-Alpes;7.62;TGV/Intercités
3861;2019;France;Paris Saint-Lazare;Paris;Île-de-France;France;Lyon Perrache;Lyon;Auvergne-Rhône-Alpes;7.29;TGV/Intercités
3862;2019;France;Paris Saint-Lazare;Paris;Île-de-France;France;Marseille Saint-Charles;Marseille;Provence-Alpes-Côte d'Azur;6.95;TGV/Intercités
3863;2019;France;Paris Saint-Lazare;Paris;Île-de-France;France;Lille Flandres;Lille;Hauts-de-France;6.45;TGV/Intercités
3864;2019;France;Paris Saint-Lazare;Paris;Île-de-France;France;Lille Europe;Lille;Hauts-de-France;6.79;TGV/Intercités
3865;2019;France;Paris Saint-Lazare;Paris;Île-de-France;France;Bordeaux Saint-Jean;Bordeaux;Nouvelle-Aquitaine;5.67;TGV/Intercités
3866;2019;France;Paris Saint-Lazare;Paris;Île-de-France;France;Toulouse Matabiau;Toulouse;Occitanie;3.69;TGV/Intercités
3867;2019;France;Paris Saint-Lazare;Paris;Île-de-France;France;Nantes;Nantes;Pays de la Loire;4.29;TGV/Intercités
3868;2019;France;Paris Saint-Lazare;Paris;Île-de-France;France;Rennes;Rennes;Bretagne;4.22;TGV/Intercités
3869;2019;France;Paris Saint-Lazare;Paris;Île-de-France;France;Strasbourg;Strasbourg;Grand Est;4.02;TGV/Intercités
3870;2019;France;Paris Montparnasse;Paris;Île-de-France;France;Paris Gare du Nord;Paris;Île-de-France;0.91;TGV/Intercités
3871;2019;France;Paris Montparnasse;Paris;Île-de-France;France;Paris Gare de Lyon;Paris;Île-de-France;0.98;TGV/Intercités
3872;2019;France;Paris Montparnasse;Paris;Île-de-France;France;Paris Saint-Lazare;Paris;Île-de-France;1.05;TGV/Intercités
3873;2019;France;Paris Montparnasse;Paris;Île-de-France;France;Paris Est;Paris;Île-de-France;0.91;TGV/Intercités
3874;2019;France;Paris Montparnasse;Paris;Île-de-France;France;Paris Austerlitz;Paris;Île-de-France;1.17;TGV/Intercités
3875;2019;France;Paris Montparnasse;Paris;Île-de-France;France;Lyon Part-Dieu;Lyon;Auvergne-Rhône-Alpes;8.29;TGV/Intercités
3876;2019;France;Paris Montparnasse;Paris;Île-de-France;France;Lyon Perrache;Lyon;Auvergne-Rhône-Alpes;8.87;TGV/Intercités
3877;2019;France;Paris Montparnasse;Paris;Île-de-France;France;Marseille Saint-Charles;Marseille;Provence-Alpes-Côte d'Azur;6.93;TGV/Intercités
3878;2019;France;Paris Montparnasse;Paris;Île-de-France;France;Lille Flandres;Lille;Hauts-de-France;7.62;TGV/Intercités
3879;2019;France;Paris Montparnasse;Paris;Île-de-France;France;Lille Europe;Lille;Hauts-de-France;6.82;TGV/Intercités
3880;2019;France;Paris Montparnasse;Paris;Île-de-France;France;Bordeaux Saint-Jean;Bordeaux;Nouvelle-Aquitaine;4.95;TGV/Intercités
3881;2019;France;Paris Montparnasse;Paris;Île-de-France;France;Toulouse Matabiau;Toulouse;Occitanie;4.17;TGV/Intercités
3882;2019;France;Paris Montparnasse;Paris;Île-de-France;France;Nantes;Nantes;Pays de la Loire;4.38;TGV/Intercités
3883;2019;France;Paris Montparnasse;Paris;Île-de-France;France;Rennes;Rennes;Bretagne;3.55;TGV/Intercités
3884;2019;France;Paris Montparnasse;Paris;Île-de-France;France;Strasbourg;Strasbourg;Grand Est;3.99;TGV/Intercités
3885;2019;France;Paris Est;Paris;Île-de-France;France;Paris Gare du Nord;Paris;Île-de-France;1.14;TGV/Intercités
3886;2019;France;Paris Est;Paris;Île-de-France;France;Paris Gare de Lyon;Paris;Île-de-France;1.02;TGV/Intercités
3887;2019;France;Paris Est;Paris;Île-de-France;France;Paris Saint-Lazare;Paris;Île-de-France;0.98;TGV/Intercités
3888;2019;France;Paris Est;Paris;Île-de-France;France;Paris Montparnasse;Paris;Île-de-France;0.93;TGV/Intercités
3889;2019;France;Paris Est;Paris;Île-de-France;France;Paris Austerlitz;Paris;Île-de-France;1.08;TGV/Intercités
3890;2019;France;Paris Est;Paris;Île-de-France;France;Lyon Part-Dieu;Lyon;Auvergne-Rhône-Alpes;8.76;TGV/Intercités
3891;2019;France;Paris Est;Paris;Île-de-France;France;Lyon Perrache;Lyon;Auvergne-Rhône-Alpes;8.71;TGV/Intercités
3892;2019;France;Paris Est;Paris;Île-de-France;France;Marseille Saint-Charles;Marseille;Provence-Alpes-Côte d'Azur;5.25;TGV/Intercités
3893;2019;France;Paris Est;Paris;Île-de-France;France;Lille Flandres;Lille;Hauts-de-France;6.97;TGV/Intercités
3894;2019;France;Paris Est;Paris;Île-de-France;France;Lille Europe;Lille;Hauts-de-France;7.71;TGV/Intercités
3895;2019;France;Paris Est;Paris;Île-de-France;France;Bordeaux Saint-Jean;Bordeaux;Nouvelle-Aquitaine;5.43;TGV/Intercités
3896;2019;France;Paris Est;Paris;Île-de-France;France;Toulouse Matabiau;Toulouse;Occitanie;4.09;TGV/Intercités
3897;2019;France;Paris Est;Paris;Île-de-France;France;Nantes;Nantes;Pays de la Loire;3.6;TGV/Intercités
3898;2019;France;Paris Est;Paris;Île-de-France;France;Rennes;Rennes;Bretagne;4.5;TGV/Intercités
3899;2019;France;Paris Est;Paris;Île-de-France;France;Strasbourg;Strasbourg;Grand Est;3.75;TGV/Intercités
3900;2019;France;Paris Austerlitz;Paris;Île-de-France;France;Paris Gare du Nord;Paris;Île-de-France;0.99;TGV/Intercités
3901;2019;France;Paris Austerlitz;Paris;Île-de-France;France;Paris Gare de Lyon;Paris;Île-de-France;0.99;TGV/Intercités
3902;2019;France;Paris Austerlitz;Paris;Île-de-France;France;Paris Saint-Lazare;Paris;Île-de-France;1.17;TGV/Intercités
3903;2019;France;Paris Austerlitz;Paris;Île-de-France;France;Paris Montparnasse;Paris;Île-de-France;1.06;TGV/Intercités
3904;2019;France;Paris Austerlitz;Paris;Île-de-France;France;Paris Est;Paris;Île-de-France;1.1;TGV/Intercités
3905;2019;France;Paris Austerlitz;Paris;Île-de-France;France;Lyon Part-Dieu;Lyon;Auvergne-Rhône-Alpes;8.19;TGV/Intercités
3906;2019;France;Paris Austerlitz;Paris;Île-de-France;France;Lyon Perrache;Lyon;Auvergne-Rhône-Alpes;7.42;TGV/Intercités
3907;2019;France;Paris Austerlitz;Paris;Île-de-France;France;Marseille Saint-Charles;Marseille;Provence-Alpes-Côte d'Azur;5.3;TGV/Intercités
3908;2019;France;Paris Austerlitz;Paris;Île-de-France;France;Lille Flandres;Lille;Hauts-de-France;7.43;TGV/Intercités
3909;2019;France;Paris Austerlitz;Paris;Île-de-France;France;Lille Europe;Lille;Hauts-de-France;7.61;TGV/Intercités
3910;2019;France;Paris Austerlitz;Paris;Île-de-France;France;Bordeaux Saint-Jean;Bordeaux;Nouvelle-Aquitaine;5.11;TGV/Intercités
3911;2019;France;Paris Austerlitz;Paris;Île-de-France;France;Toulouse Matabiau;Toulouse;Occitanie;4.18;TGV/Intercités
3912;2019;France;Paris Austerlitz;Paris;Île-de-France;France;Nantes;Nantes;Pays de la Loire;4.11;TGV/Intercités
3913;2019;France;Paris Austerlitz;Paris;Île-de-France;France;Rennes;Rennes;Bretagne;3.81;TGV/Intercités
3914;2019;France;Paris Austerlitz;Paris;Île-de-France;France;Strasbourg;Strasbourg;Grand Est;3.61;TGV/Intercités
3915;2019;France;Lyon Part-Dieu;Lyon;Auvergne-Rhône-Alpes;France;Paris Gare du Nord;Paris;Île-de-France;8.66;TGV/Intercités
3916;2019;France;Lyon Part-Dieu;Lyon;Auvergne-Rhône-Alpes;France;Paris Gare de Lyon;Paris;Île-de-France;9.16;TGV/Intercités
3917;2019;France;Lyon Part-Dieu;Lyon;Auvergne-Rhône-Alpes;France;Paris Saint-Lazare;Paris;Île-de-France;8.58;TGV/Intercités
3918;2019;France;Lyon Part-Dieu;Lyon;Auvergne-Rhône-Alpes;France;Paris Montparnasse;Paris;Île-de-France;7.86;TGV/Intercités
3919;2019;France;Lyon Part-Dieu;Lyon;Auvergne-Rhône-Alpes;France;Paris Est;Paris;Île-de-France;8.84;TGV/Intercités
3920;2019;France;Lyon Part-Dieu;Lyon;Auvergne-Rhône-Alpes;France;Paris Austerlitz;Paris;Île-de-France;7.29;TGV/Intercités
3921;2019;France;Lyon Part-Dieu;Lyon;Auvergne-Rhône-Alpes;France;Lyon Perrache;Lyon;Auvergne-Rhône-Alpes;1.07;TER/Intercités
3922;2019;France;Lyon Part-Dieu;Lyon;Auvergne-Rhône-Alpes;France;Marseille Saint-Charles;Marseille;Provence-Alpes-Côte d'Azur;1.12;TER/Intercités
3923;2019;France;Lyon Part-Dieu;Lyon;Auvergne-Rhône-Alpes;France;Lille Flandres;Lille;Hauts-de-France;0.97;TER/Intercités
3924;2019;France;Lyon Part-Dieu;Lyon;Auvergne-Rhône-Alpes;France;Lille Europe;Lille;Hauts-de-France;1.01;TER/Intercités
3925;2019;France;Lyon Part-Dieu;Lyon;Auvergne-Rhône-Alpes;France;Bordeaux Saint-Jean;Bordeaux;Nouvelle-Aquitaine;1.06;TER/Intercités
3926;2019;France;Lyon Part-Dieu;Lyon;Auvergne-Rhône-Alpes;France;Toulouse Matabiau;Toulouse;Occitanie;0.98;TER/Intercités
3927;2019;France;Lyon Part-Dieu;Lyon;Auvergne-Rhône-Alpes;France;Nantes;Nantes;Pays de la Loire;0.9;TER/Intercités
3928;2019;France;Lyon Part-Dieu;Lyon;Auvergne-Rhône-Alpes;France;Rennes;Rennes;Bretagne;1.1;TER/Intercités
3929;2019;France;Lyon Part-Dieu;Lyon;Auvergne-Rhône-Alpes;France;Strasbourg;Strasbourg;Grand Est;0.95;TER/Intercités
3930;2019;France;Lyon Perrache;Lyon;Auvergne-Rhône-Alpes;France;Paris Gare du Nord;Paris;Île-de-France;7.97;TGV/Intercités
3931;2019;France;Lyon Perrache;Lyon;Auvergne-Rhône-Alpes;France;Paris Gare de Lyon;Paris;Île-de-France;7.73;TGV/Intercités
3932;2019;France;Lyon Perrache;Lyon;Auvergne-Rhône-Alpes;France;Paris Saint-Lazare;Paris;Île-de-France;8.55;TGV/Intercités
3933;2019;France;Lyon Perrache;Lyon;Auvergne-Rhône-Alpes;France;Paris Montparnasse;Paris;Île-de-France;8.8;TGV/Intercités
3934;2019;France;Lyon Perrache;Lyon;Auvergne-Rhône-Alpes;France;Paris Est;Paris;Île-de-France;7.7;TGV/Intercités
3935;2019;France;Lyon Perrache;Lyon;Auvergne-Rhône-Alpes;France;Paris Austerlitz;Paris;Île-de-France;7.33;TGV/Intercités
3936;2019;France;Lyon Perrache;Lyon;Auvergne-Rhône-Alpes;France;Lyon Part-Dieu;Lyon;Auvergne-Rhône-Alpes;1.15;TER/Intercités
3937;2019;France;Lyon Perrache;Lyon;Auvergne-Rhône-Alpes;France;Marseille Saint-Charles;Marseille;Provence-Alpes-Côte d'Azur;0.99;TER/Intercités
3938;2019;France;Lyon Perrache;Lyon;Auvergne-Rhône-Alpes;France;Lille Flandres;Lille;Hauts-de-France;1.02;TER/Intercités
3939;2019;France;Lyon Perrache;Lyon;Auvergne-Rhône-Alpes;France;Lille Europe;Lille;Hauts-de-France;1.06;TER/Intercités
3940;2019;France;Lyon Perrache;Lyon;Auvergne-Rhône-Alpes;France;Bordeaux Saint-Jean;Bordeaux;Nouvelle-Aquitaine;1.01;TER/Intercités
3941;2019;France;Lyon Perrache;Lyon;Auvergne-Rhône-Alpes;France;Toulouse Matabiau;Toulouse;Occitanie;1.12;TER/Intercités
3942;2019;France;Lyon Perrache;Lyon;Auvergne-Rhône-Alpes;France;Nantes;Nantes;Pays de la Loire;1.04;TER/Intercités
3943;2019;France;Lyon Perrache;Lyon;Auvergne-Rhône-Alpes;France;Rennes;Rennes;Bretagne;0.99;TER/Intercités
3944;2019;France;Lyon Perrache;Lyon;Auvergne-Rhône-Alpes;France;Strasbourg;Strasbourg;Grand Est;1.05;TER/Intercités
3945;2019;France;Marseille Saint-Charles;Marseille;Provence-Alpes-Côte d'Azur;France;Paris Gare du Nord;Paris;Île-de-France;6.39;TGV/Intercités
3946;2019;France;Marseille Saint-Charles;Marseille;Provence-Alpes-Côte d'Azur;France;Paris Gare de Lyon;Paris;Île-de-France;6.48;TGV/Intercités
3947;2019;France;Marseille Saint-Charles;Marseille;Provence-Alpes-Côte d'Azur;France;Paris Saint-Lazare;Paris;Île-de-France;6.11;TGV/Intercités
3948;2019;France;Marseille Saint-Charles;Marseille;Provence-Alpes-Côte d'Azur;France;Paris Montparnasse;Paris;Île-de-France;6.87;TGV/Intercités
3949;2019;France;Marseille Saint-Charles;Marseille;Provence-Alpes-Côte d'Azur;France;Paris Est;Paris;Île-de-France;6.36;TGV/Intercités
3950;2019;France;Marseille Saint-Charles;Marseille;Provence-Alpes-Côte d'Azur;France;Paris Austerlitz;Paris;Île-de-France;6.48;TGV/Intercités
3951;2019;France;Marseille Saint-Charles;Marseille;Provence-Alpes-Côte d'Azur;France;Lyon Part-Dieu;Lyon;Auvergne-Rhône-Alpes;1.11;TER/Intercités
3952;2019;France;Marseille Saint-Charles;Marseille;Provence-Alpes-Côte d'Azur;France;Lyon Perrache;Lyon;Auvergne-Rhône-Alpes;1.14;TER/Intercités
3953;2019;France;Marseille Saint-Charles;Marseille;Provence-Alpes-Côte d'Azur;France;Lille Flandres;Lille;Hauts-de-France;0.99;TER/Intercités
3954;2019;France;Marseille Saint-Charles;Marseille;Provence-Alpes-Côte d'Azur;France;Lille Europe;Lille;Hauts-de-France;1.15;TER/Intercités
3955;2019;France;Marseille Saint-Charles;Marseille;Provence-Alpes-Côte d'Azur;France;Bordeaux Saint-Jean;Bordeaux;Nouvelle-Aquitaine;1.05;TER/Intercités
3956;2019;France;Marseille Saint-Charles;Marseille;Provence-Alpes-Côte d'Azur;France;Toulouse Matabiau;Toulouse;Occitanie;0.91;TER/Intercités
3957;2019;France;Marseille Saint-Charles;Marseille;Provence-Alpes-Côte d'Azur;France;Nantes;Nantes;Pays de la Loire;1.18;TER/Intercités
3958;2019;France;Marseille Saint-Charles;Marseille;Provence-Alpes-Côte d'Azur;France;Rennes;Rennes;Bretagne;0.96;TER/Intercités
3959;2019;France;Marseille Saint-Charles;Marseille;Provence-Alpes-Côte d'Azur;France;Strasbourg;Strasbourg;Grand Est;1.05;TER/Intercités
3960;2019;France;Lille Flandres;Lille;Hauts-de-France;France;Paris Gare du Nord;Paris;Île-de-France;6.68;TGV/Intercités
3961;2019;France;Lille Flandres;Lille;Hauts-de-France;France;Paris Gare de Lyon;Paris;Île-de-France;6.37;TGV/Intercités
3962;2019;France;Lille Flandres;Lille;Hauts-de-France;France;Paris Saint-Lazare;Paris;Île-de-France;7.02;TGV/Intercités
3963;2019;France;Lille Flandres;Lille;Hauts-de-France;France;Paris Montparnasse;Paris;Île-de-France;6.62;TGV/Intercités
3964;2019;France;Lille Flandres;Lille;Hauts-de-France;France;Paris Est;Paris;Île-de-France;7.03;TGV/Intercités
3965;2019;France;Lille Flandres;Lille;Hauts-de-France;France;Paris Austerlitz;Paris;Île-de-France;7.13;TGV/Intercités
3966;2019;France;Lille Flandres;Lille;Hauts-de-France;France;Lyon Part-Dieu;Lyon;Auvergne-Rhône-Alpes;1.08;TER/Intercités
3967;2019;France;Lille Flandres;Lille;Hauts-de-France;France;Lyon Perrache;Lyon;Auvergne-Rhône-Alpes;0.88;TER/Intercités
3968;2019;France;Lille Flandres;Lille;Hauts-de-France;France;Marseille Saint-Charles;Marseille;Provence-Alpes-Côte d'Azur;1.04;TER/Intercités
3969;2019;France;Lille Flandres;Lille;Hauts-de-France;France;Lille Europe;Lille;Hauts-de-France;0.91;TER/Intercités
3970;2019;France;Lille Flandres;Lille;Hauts-de-France;France;Bordeaux Saint-Jean;Bordeaux;Nouvelle-Aquitaine;1.07;TER/Intercités
3971;2019;France;Lille Flandres;Lille;Hauts-de-France;France;Toulouse Matabiau;Toulouse;Occitanie;1.03;TER/Intercités
3972;2019;France;Lille Flandres;Lille;Hauts-de-France;France;Nantes;Nantes;Pays de la Loire;0.92;TER/Intercités
3973;2019;France;Lille Flandres;Lille;Hauts-de-France;France;Rennes;Rennes;Bretagne;0.9;TER/Intercités
3974;2019;France;Lille Flandres;Lille;Hauts-de-France;France;Strasbourg;Strasbourg;Grand Est;1.0;TER/Intercités
3975;2019;France;Lille Europe;Lille;Hauts-de-France;France;Paris Gare du Nord;Paris;Île-de-France;6.61;TGV/Intercités
3976;2019;France;Lille Europe;Lille;Hauts-de-France;France;Paris Gare de Lyon;Paris;Île-de-France;7.11;TGV/Intercités
3977;2019;France;Lille Europe;Lille;Hauts-de-France;France;Paris Saint-Lazare;Paris;Île-de-France;6.13;TGV/Intercités
3978;2019;France;Lille Europe;Lille;Hauts-de-France;France;Paris Montparnasse;Paris;Île-de-France;6.16;TGV/Intercités
3979;2019;France;Lille Europe;Lille;Hauts-de-France;France;Paris Est;Paris;Île-de-France;7.16;TGV/Intercités
3980;2019;France;Lille Europe;Lille;Hauts-de-France;France;Paris Austerlitz;Paris;Île-de-France;7.37;TGV/Intercités
3981;2019;France;Lille Europe;Lille;Hauts-de-France;France;Lyon Part-Dieu;Lyon;Auvergne-Rhône-Alpes;1.05;TER/Intercités
3982;2019;France;Lille Europe;Lille;Hauts-de-France;France;Lyon Perrache;Lyon;Auvergne-Rhône-Alpes;1.18;TER/Intercités
3983;2019;France;Lille Europe;Lille;Hauts-de-France;France;Marseille Saint-Charles;Marseille;Provence-Alpes-Côte d'Azur;1.09;TER/Intercités
3984;2019;France;Lille Europe;Lille;Hauts-de-France;France;Lille Flandres;Lille;Hauts-de-France;0.98;TER/Intercités
3985;2019;France;Lille Europe;Lille;Hauts-de-France;France;Bordeaux Saint-Jean;Bordeaux;Nouvelle-Aquitaine;0.99;TER/Intercités
3986;2019;France;Lille Europe;Lille;Hauts-de-France;France;Toulouse Matabiau;Toulouse;Occitanie;1.17;TER/Intercités
3987;2019;France;Lille Europe;Lille;Hauts-de-France;France;Nantes;Nantes;Pays de la Loire;1.07;TER/Intercités
3988;2019;France;Lille Europe;Lille;Hauts-de-France;France;Rennes;Rennes;Bretagne;1.1;TER/Intercités
3989;2019;France;Lille Europe;Lille;Hauts-de-France;France;Strasbourg;Strasbourg;Grand Est;1.0;TER/Intercités
3990;2019;France;Bordeaux Saint-Jean;Bordeaux;Nouvelle-Aquitaine;France;Paris Gare du Nord;Paris;Île-de-France;5.12;TGV/Intercités
3991;2019;France;Bordeaux Saint-Jean;Bordeaux;Nouvelle-Aquitaine;France;Paris Gare de Lyon;Paris;Île-de-France;5.02;TGV/Intercités
3992;2019;France;Bordeaux Saint-Jean;Bordeaux;Nouvelle-Aquitaine;France;Paris Saint-Lazare;Paris;Île-de-France;5.5;TGV/Intercités
3993;2019;France;Bordeaux Saint-Jean;Bordeaux;Nouvelle-Aquitaine;France;Paris Montparnasse;Paris;Île-de-France;4.51;TGV/Intercités
3994;2019;France;Bordeaux Saint-Jean;Bordeaux;Nouvelle-Aquitaine;France;Paris Est;Paris;Île-de-France;5.81;TGV/Intercités
3995;2019;France;Bordeaux Saint-Jean;Bordeaux;Nouvelle-Aquitaine;France;Paris Austerlitz;Paris;Île-de-France;5.7;TGV/Intercités
3996;2019;France;Bordeaux Saint-Jean;Bordeaux;Nouvelle-Aquitaine;France;Lyon Part-Dieu;Lyon;Auvergne-Rhône-Alpes;1.06;TER/Intercités
3997;2019;France;Bordeaux Saint-Jean;Bordeaux;Nouvelle-Aquitaine;France;Lyon Perrache;Lyon;Auvergne-Rhône-Alpes;0.91;TER/Intercités
3998;2019;France;Bordeaux Saint-Jean;Bordeaux;Nouvelle-Aquitaine;France;Marseille Saint-Charles;Marseille;Provence-Alpes-Côte d'Azur;1.14;TER/Intercités
3999;2019;France;Bordeaux Saint-Jean;Bordeaux;Nouvelle-Aquitaine;France;Lille Flandres;Lille;Hauts-de-France;1.13;TER/Intercités
4000;2019;France;Bordeaux Saint-Jean;Bordeaux;Nouvelle-Aquitaine;France;Lille Europe;Lille;Hauts-de-France;1.14;TER/Intercités
4001;2019;France;Bordeaux Saint-Jean;Bordeaux;Nouvelle-Aquitaine;France;Toulouse Matabiau;Toulouse;Occitanie;1.16;TER/Intercités
4002;2019;France;Bordeaux Saint-Jean;Bordeaux;Nouvelle-Aquitaine;France;Nantes;Nantes;Pays de la Loire;0.91;TER/Intercités
4003;2019;France;Bordeaux Saint-Jean;Bordeaux;Nouvelle-Aquitaine;France;Rennes;Rennes;Bretagne;1.15;TER/Intercités
4004;2019;France;Bordeaux Saint-Jean;Bordeaux;Nouvelle-Aquitaine;France;Strasbourg;Strasbourg;Grand Est;0.91;TER/Intercités
4005;2019;France;Toulouse Matabiau;Toulouse;Occitanie;France;Paris Gare du Nord;Paris;Île-de-France;3.89;TGV/Intercités
4006;2019;France;Toulouse Matabiau;Toulouse;Occitanie;France;Paris Gare de Lyon;Paris;Île-de-France;4.62;TGV/Intercités
4007;2019;France;Toulouse Matabiau;Toulouse;Occitanie;France;Paris Saint-Lazare;Paris;Île-de-France;4.58;TGV/Intercités
4008;2019;France;Toulouse Matabiau;Toulouse;Occitanie;France;Paris Montparnasse;Paris;Île-de-France;4.15;TGV/Intercités
4009;2019;France;Toulouse Matabiau;Toulouse;Occitanie;France;Paris Est;Paris;Île-de-France;3.6;TGV/Intercités
4010;2019;France;Toulouse Matabiau;Toulouse;Occitanie;France;Paris Austerlitz;Paris;Île-de-France;3.74;TGV/Intercités
4011;2019;France;Toulouse Matabiau;Toulouse;Occitanie;France;Lyon Part-Dieu;Lyon;Auvergne-Rhône-Alpes;1.12;TER/Intercités
4012;2019;France;Toulouse Matabiau;Toulouse;Occitanie;France;Lyon Perrache;Lyon;Auvergne-Rhône-Alpes;1.11;TER/Intercités
4013;2019;France;Toulouse Matabiau;Toulouse;Occitanie;France;Marseille Saint-Charles;Marseille;Provence-Alpes-Côte d'Azur;0.93;TER/Intercités
4014;2019;France;Toulouse Matabiau;Toulouse;Occitanie;France;Lille Flandres;Lille;Hauts-de-France;0.9;TER/Intercités
4015;2019;France;Toulouse Matabiau;Toulouse;Occitanie;France;Lille Europe;Lille;Hauts-de-France;0.92;TER/Intercités
4016;2019;France;Toulouse Matabiau;Toulouse;Occitanie;France;Bordeaux Saint-Jean;Bordeaux;Nouvelle-Aquitaine;1.12;TER/Intercités
4017;2019;France;Toulouse Matabiau;Toulouse;Occitanie;France;Nantes;Nantes;Pays de la Loire;1.09;TER/Intercités
4018;2019;France;Toulouse Matabiau;Toulouse;Occitanie;France;Rennes;Rennes;Bretagne;0.98;TER/Intercités
4019;2019;France;Toulouse Matabiau;Toulouse;Occitanie;France;Strasbourg;Strasbourg;Grand Est;1.08;TER/Intercités
4020;2019;France;Nantes;Nantes;Pays de la Loire;France;Paris Gare du Nord;Paris;Île-de-France;3.85;TGV/Intercités
4021;2019;France;Nantes;Nantes;Pays de la Loire;France;Paris Gare de Lyon;Paris;Île-de-France;4.28;TGV/Intercités
4022;2019;France;Nantes;Nantes;Pays de la Loire;France;Paris Saint-Lazare;Paris;Île-de-France;4.6;TGV/Intercités
4023;2019;France;Nantes;Nantes;Pays de la Loire;France;Paris Montparnasse;Paris;Île-de-France;3.57;TGV/Intercités
4024;2019;France;Nantes;Nantes;Pays de la Loire;France;Paris Est;Paris;Île-de-France;3.7;TGV/Intercités
4025;2019;France;Nantes;Nantes;Pays de la Loire;France;Paris Austerlitz;Paris;Île-de-France;4.73;TGV/Intercités
4026;2019;France;Nantes;Nantes;Pays de la Loire;France;Lyon Part-Dieu;Lyon;Auvergne-Rhône-Alpes;0.88;TER/Intercités
4027;2019;France;Nantes;Nantes;Pays de la Loire;France;Lyon Perrache;Lyon;Auvergne-Rhône-Alpes;0.88;TER/Intercités
4028;2019;France;Nantes;Nantes;Pays de la Loire;France;Marseille Saint-Charles;Marseille;Provence-Alpes-Côte d'Azur;1.14;TER/Intercités
4029;2019;France;Nantes;Nantes;Pays de la Loire;France;Lille Flandres;Lille;Hauts-de-France;0.94;TER/Intercités
4030;2019;France;Nantes;Nantes;Pays de la Loire;France;Lille Europe;Lille;Hauts-de-France;1.01;TER/Intercités
4031;2019;France;Nantes;Nantes;Pays de la Loire;France;Bordeaux Saint-Jean;Bordeaux;Nouvelle-Aquitaine;1.12;TER/Intercités
4032;2019;France;Nantes;Nantes;Pays de la Loire;France;Toulouse Matabiau;Toulouse;Occitanie;1.17;TER/Intercités
4033;2019;France;Nantes;Nantes;Pays de la Loire;France;Rennes;Rennes;Bretagne;1.06;TER/Intercités
4034;2019;France;Nantes;Nantes;Pays de la Loire;France;Strasbourg;Strasbourg;Grand Est;0.93;TER/Intercités
4035;2019;France;Rennes;Rennes;Bretagne;France;Paris Gare du Nord;Paris;Île-de-France;3.61;TGV/Intercités
4036;2019;France;Rennes;Rennes;Bretagne;France;Paris Gare de Lyon;Paris;Île-de-France;4.36;TGV/Intercités
4037;2019;France;Rennes;Rennes;Bretagne;France;Paris Saint-Lazare;Paris;Île-de-France;4.64;TGV/Intercités
4038;2019;France;Rennes;Rennes;Bretagne;France;Paris Montparnasse;Paris;Île-de-France;4.39;TGV/Intercités
4039;2019;France;Rennes;Rennes;Bretagne;France;Paris Est;Paris;Île-de-France;3.62;TGV/Intercités
4040;2019;France;Rennes;Rennes;Bretagne;France;Paris Austerlitz;Paris;Île-de-France;3.83;TGV/Intercités
4041;2019;France;Rennes;Rennes;Bretagne;France;Lyon Part-Dieu;Lyon;Auvergne-Rhône-Alpes;0.88;TER/Intercités
4042;2019;France;Rennes;Rennes;Bretagne;France;Lyon Perrache;Lyon;Auvergne-Rhône-Alpes;0.95;TER/Intercités
4043;2019;France;Rennes;Rennes;Bretagne;France;Marseille Saint-Charles;Marseille;Provence-Alpes-Côte d'Azur;0.98;TER/Intercités
4044;2019;France;Rennes;Rennes;Bretagne;France;Lille Flandres;Lille;Hauts-de-France;0.94;TER/Intercités
4045;2019;France;Rennes;Rennes;Bretagne;France;Lille Europe;Lille;Hauts-de-France;1.08;TER/Intercités
4046;2019;France;Rennes;Rennes;Bretagne;France;Bordeaux Saint-Jean;Bordeaux;Nouvelle-Aquitaine;1.14;TER/Intercités
4047;2019;France;Rennes;Rennes;Bretagne;France;Toulouse Matabiau;Toulouse;Occitanie;1.06;TER/Intercités
4048;2019;France;Rennes;Rennes;Bretagne;France;Nantes;Nantes;Pays de la Loire;1.0;TER/Intercités
4049;2019;France;Rennes;Rennes;Bretagne;France;Strasbourg;Strasbourg;Grand Est;1.04;TER/Intercités
4050;2019;France;Strasbourg;Strasbourg;Grand Est;France;Paris Gare du Nord;Paris;Île-de-France;4.35;TGV/Intercités
4051;2019;France;Strasbourg;Strasbourg;Grand Est;France;Paris Gare de Lyon;Paris;Île-de-France;4.17;TGV/Intercités
4052;2019;France;Strasbourg;Strasbourg;Grand Est;France;Paris Saint-Lazare;Paris;Île-de-France;3.92;TGV/Intercités
4053;2019;France;Strasbourg;Strasbourg;Grand Est;France;Paris Montparnasse;Paris;Île-de-France;4.27;TGV/Intercités
4054;2019;France;Strasbourg;Strasbourg;Grand Est;France;Paris Est;Paris;Île-de-France;3.59;TGV/Intercités
4055;2019;France;Strasbourg;Strasbourg;Grand Est;France;Paris Austerlitz;Paris;Île-de-France;4.0;TGV/Intercités
4056;2019;France;Strasbourg;Strasbourg;Grand Est;France;Lyon Part-Dieu;Lyon;Auvergne-Rhône-Alpes;1.16;TER/Intercités
4057;2019;France;Strasbourg;Strasbourg;Grand Est;France;Lyon Perrache;Lyon;Auvergne-Rhône-Alpes;1.0;TER/Intercités
4058;2019;France;Strasbourg;Strasbourg;Grand Est;France;Marseille Saint-Charles;Marseille;Provence-Alpes-Côte d'Azur;1.09;TER/Intercités
4059;2019;France;Strasbourg;Strasbourg;Grand Est;France;Lille Flandres;Lille;Hauts-de-France;1.11;TER/Intercités
4060;2019;France;Strasbourg;Strasbourg;Grand Est;France;Lille Europe;Lille;Hauts-de-France;1.16;TER/Intercités
4061;2019;France;Strasbourg;Strasbourg;Grand Est;France;Bordeaux Saint-Jean;Bordeaux;Nouvelle-Aquitaine;1.04;TER/Intercités
4062;2019;France;Strasbourg;Strasbourg;Grand Est;France;Toulouse Matabiau;Toulouse;Occitanie;0.93;TER/Intercités
4063;2019;France;Strasbourg;Strasbourg;Grand Est;France;Nantes;Nantes;Pays de la Loire;1.17;TER/Intercités
4064;2019;France;Strasbourg;Strasbourg;Grand Est;France;Rennes;Rennes;Bretagne;0.97;TER/Intercités
4065;2020;France;Paris Gare du Nord;Paris;Île-de-France;France;Paris Gare de Lyon;Paris;Île-de-France;0.44;TGV/Intercités
4066;2020;France;Paris Gare du Nord;Paris;Île-de-France;France;Paris Saint-Lazare;Paris;Île-de-France;0.38;TGV/Intercités
4067;2020;France;Paris Gare du Nord;Paris;Île-de-France;France;Paris Montparnasse;Paris;Île-de-France;0.41;TGV/Intercités
4068;2020;France;Paris Gare du Nord;Paris;Île-de-France;France;Paris Est;Paris;Île-de-France;0.38;TGV/Intercités
4069;2020;France;Paris Gare du Nord;Paris;Île-de-France;France;Paris Austerlitz;Paris;Île-de-France;0.36;TGV/Intercités
4070;2020;France;Paris Gare du Nord;Paris;Île-de-France;France;Lyon Part-Dieu;Lyon;Auvergne-Rhône-Alpes;3.31;TGV/Intercités
4071;2020;France;Paris Gare du Nord;Paris;Île-de-France;France;Lyon Perrache;Lyon;Auvergne-Rhône-Alpes;2.96;TGV/Intercités
4072;2020;France;Paris Gare du Nord;Paris;Île-de-France;France;Marseille Saint-Charles;Marseille;Provence-Alpes-Côte d'Azur;2.44;TGV/Intercités
4073;2020;France;Paris Gare du Nord;Paris;Île-de-France;France;Lille Flandres;Lille;Hauts-de-France;2.63;TGV/Intercités
4074;2020;France;Paris Gare du Nord;Paris;Île-de-France;France;Lille Europe;Lille;Hauts-de-France;3.23;TGV/Intercités
4075;2020;France;Paris Gare du Nord;Paris;Île-de-France;France;Bordeaux Saint-Jean;Bordeaux;Nouvelle-Aquitaine;2.34;TGV/Intercités
4076;2020;France;Paris Gare du Nord;Paris;Île-de-France;France;Toulouse Matabiau;Toulouse;Occitanie;1.44;TGV/Intercités
4077;2020;France;Paris Gare du Nord;Paris;Île-de-France;France;Nantes;Nantes;Pays de la Loire;1.77;TGV/Intercités
4078;2020;France;Paris Gare du Nord;Paris;Île-de-France;France;Rennes;Rennes;Bretagne;1.48;TGV/Intercités
4079;2020;France;Paris Gare du Nord;Paris;Île-de-France;France;Strasbourg;Strasbourg;Grand Est;1.48;TGV/Intercités
4080;2020;France;Paris Gare de Lyon;Paris;Île-de-France;France;Paris Gare du Nord;Paris;Île-de-France;0.4;TGV/Intercités
4081;2020;France;Paris Gare de Lyon;Paris;Île-de-France;France;Paris Saint-Lazare;Paris;Île-de-France;0.41;TGV/Intercités
4082;2020;France;Paris Gare de Lyon;Paris;Île-de-France;France;Paris Montparnasse;Paris;Île-de-France;0.37;TGV/Intercités
4083;2020;France;Paris Gare de Lyon;Paris;Île-de-France;France;Paris Est;Paris;Île-de-France;0.41;TGV/Intercités
4084;2020;France;Paris Gare de Lyon;Paris;Île-de-France;France;Paris Austerlitz;Paris;Île-de-France;0.42;TGV/Intercités
4085;2020;France;Paris Gare de Lyon;Paris;Île-de-France;France;Lyon Part-Dieu;Lyon;Auvergne-Rhône-Alpes;3.24;TGV/Intercités
4086;2020;France;Paris Gare de Lyon;Paris;Île-de-France;France;Lyon Perrache;Lyon;Auvergne-Rhône-Alpes;3.39;TGV/Intercités
4087;2020;France;Paris Gare de Lyon;Paris;Île-de-France;France;Marseille Saint-Charles;Marseille;Provence-Alpes-Côte d'Azur;2.84;TGV/Intercités
4088;2020;France;Paris Gare de Lyon;Paris;Île-de-France;France;Lille Flandres;Lille;Hauts-de-France;2.71;TGV/Intercités
4089;2020;France;Paris Gare de Lyon;Paris;Île-de-France;France;Lille Europe;Lille;Hauts-de-France;2.53;TGV/Intercités
4090;2020;France;Paris Gare de Lyon;Paris;Île-de-France;France;Bordeaux Saint-Jean;Bordeaux;Nouvelle-Aquitaine;2.32;TGV/Intercités
4091;2020;France;Paris Gare de Lyon;Paris;Île-de-France;France;Toulouse Matabiau;Toulouse;Occitanie;1.56;TGV/Intercités
4092;2020;France;Paris Gare de Lyon;Paris;Île-de-France;France;Nantes;Nantes;Pays de la Loire;1.74;TGV/Intercités
4093;2020;France;Paris Gare de Lyon;Paris;Île-de-France;France;Rennes;Rennes;Bretagne;1.73;TGV/Intercités
4094;2020;France;Paris Gare de Lyon;Paris;Île-de-France;France;Strasbourg;Strasbourg;Grand Est;1.84;TGV/Intercités
4095;2020;France;Paris Saint-Lazare;Paris;Île-de-France;France;Paris Gare du Nord;Paris;Île-de-France;0.46;TGV/Intercités
4096;2020;France;Paris Saint-Lazare;Paris;Île-de-France;France;Paris Gare de Lyon;Paris;Île-de-France;0.47;TGV/Intercités
4097;2020;France;Paris Saint-Lazare;Paris;Île-de-France;France;Paris Montparnasse;Paris;Île-de-France;0.37;TGV/Intercités
4098;2020;France;Paris Saint-Lazare;Paris;Île-de-France;France;Paris Est;Paris;Île-de-France;0.37;TGV/Intercités
4099;2020;France;Paris Saint-Lazare;Paris;Île-de-France;France;Paris Austerlitz;Paris;Île-de-France;0.36;TGV/Intercités
4100;2020;France;Paris Saint-Lazare;Paris;Île-de-France;France;Lyon Part-Dieu;Lyon;Auvergne-Rhône-Alpes;2.97;TGV/Intercités
4101;2020;France;Paris Saint-Lazare;Paris;Île-de-France;France;Lyon Perrache;Lyon;Auvergne-Rhône-Alpes;3.41;TGV/Intercités
4102;2020;France;Paris Saint-Lazare;Paris;Île-de-France;France;Marseille Saint-Charles;Marseille;Provence-Alpes-Côte d'Azur;2.7;TGV/Intercités
4103;2020;France;Paris Saint-Lazare;Paris;Île-de-France;France;Lille Flandres;Lille;Hauts-de-France;3.02;TGV/Intercités
4104;2020;France;Paris Saint-Lazare;Paris;Île-de-France;France;Lille Europe;Lille;Hauts-de-France;3.01;TGV/Intercités
4105;2020;France;Paris Saint-Lazare;Paris;Île-de-France;France;Bordeaux Saint-Jean;Bordeaux;Nouvelle-Aquitaine;2.11;TGV/Intercités
4106;2020;France;Paris Saint-Lazare;Paris;Île-de-France;France;Toulouse Matabiau;Toulouse;Occitanie;1.74;TGV/Intercités
4107;2020;France;Paris Saint-Lazare;Paris;Île-de-France;France;Nantes;Nantes;Pays de la Loire;1.67;TGV/Intercités
4108;2020;France;Paris Saint-Lazare;Paris;Île-de-France;France;Rennes;Rennes;Bretagne;1.6;TGV/Intercités
4109;2020;France;Paris Saint-Lazare;Paris;Île-de-France;France;Strasbourg;Strasbourg;Grand Est;1.58;TGV/Intercités
4110;2020;France;Paris Montparnasse;Paris;Île-de-France;France;Paris Gare du Nord;Paris;Île-de-France;0.45;TGV/Intercités
4111;2020;France;Paris Montparnasse;Paris;Île-de-France;France;Paris Gare de Lyon;Paris;Île-de-France;0.4;TGV/Intercités
4112;2020;France;Paris Montparnasse;Paris;Île-de-France;France;Paris Saint-Lazare;Paris;Île-de-France;0.4;TGV/Intercités
4113;2020;France;Paris Montparnasse;Paris;Île-de-France;France;Paris Est;Paris;Île-de-France;0.42;TGV/Intercités
4114;2020;France;Paris Montparnasse;Paris;Île-de-France;France;Paris Austerlitz;Paris;Île-de-France;0.38;TGV/Intercités
4115;2020;France;Paris Montparnasse;Paris;Île-de-France;France;Lyon Part-Dieu;Lyon;Auvergne-Rhône-Alpes;3.24;TGV/Intercités
4116;2020;France;Paris Montparnasse;Paris;Île-de-France;France;Lyon Perrache;Lyon;Auvergne-Rhône-Alpes;3.14;TGV/Intercités
4117;2020;France;Paris Montparnasse;Paris;Île-de-France;France;Marseille Saint-Charles;Marseille;Provence-Alpes-Côte d'Azur;2.83;TGV/Intercités
4118;2020;France;Paris Montparnasse;Paris;Île-de-France;France;Lille Flandres;Lille;Hauts-de-France;2.85;TGV/Intercités
4119;2020;France;Paris Montparnasse;Paris;Île-de-France;France;Lille Europe;Lille;Hauts-de-France;3.13;TGV/Intercités
4120;2020;France;Paris Montparnasse;Paris;Île-de-France;France;Bordeaux Saint-Jean;Bordeaux;Nouvelle-Aquitaine;2.29;TGV/Intercités
4121;2020;France;Paris Montparnasse;Paris;Île-de-France;France;Toulouse Matabiau;Toulouse;Occitanie;1.58;TGV/Intercités
4122;2020;France;Paris Montparnasse;Paris;Île-de-France;France;Nantes;Nantes;Pays de la Loire;1.79;TGV/Intercités
4123;2020;France;Paris Montparnasse;Paris;Île-de-France;France;Rennes;Rennes;Bretagne;1.63;TGV/Intercités
4124;2020;France;Paris Montparnasse;Paris;Île-de-France;France;Strasbourg;Strasbourg;Grand Est;1.63;TGV/Intercités
4125;2020;France;Paris Est;Paris;Île-de-France;France;Paris Gare du Nord;Paris;Île-de-France;0.46;TGV/Intercités
4126;2020;France;Paris Est;Paris;Île-de-France;France;Paris Gare de Lyon;Paris;Île-de-France;0.4;TGV/Intercités
4127;2020;France;Paris Est;Paris;Île-de-France;France;Paris Saint-Lazare;Paris;Île-de-France;0.43;TGV/Intercités
4128;2020;France;Paris Est;Paris;Île-de-France;France;Paris Montparnasse;Paris;Île-de-France;0.41;TGV/Intercités
4129;2020;France;Paris Est;Paris;Île-de-France;France;Paris Austerlitz;Paris;Île-de-France;0.47;TGV/Intercités
4130;2020;France;Paris Est;Paris;Île-de-France;France;Lyon Part-Dieu;Lyon;Auvergne-Rhône-Alpes;3.41;TGV/Intercités
4131;2020;France;Paris Est;Paris;Île-de-France;France;Lyon Perrache;Lyon;Auvergne-Rhône-Alpes;3.01;TGV/Intercités
4132;2020;France;Paris Est;Paris;Île-de-France;France;Marseille Saint-Charles;Marseille;Provence-Alpes-Côte d'Azur;2.73;TGV/Intercités
4133;2020;France;Paris Est;Paris;Île-de-France;France;Lille Flandres;Lille;Hauts-de-France;2.7;TGV/Intercités
4134;2020;France;Paris Est;Paris;Île-de-France;France;Lille Europe;Lille;Hauts-de-France;2.6;TGV/Intercités
4135;2020;France;Paris Est;Paris;Île-de-France;France;Bordeaux Saint-Jean;Bordeaux;Nouvelle-Aquitaine;1.89;TGV/Intercités
4136;2020;France;Paris Est;Paris;Île-de-France;France;Toulouse Matabiau;Toulouse;Occitanie;1.51;TGV/Intercités
4137;2020;France;Paris Est;Paris;Île-de-France;France;Nantes;Nantes;Pays de la Loire;1.49;TGV/Intercités
4138;2020;France;Paris Est;Paris;Île-de-France;France;Rennes;Rennes;Bretagne;1.71;TGV/Intercités
4139;2020;France;Paris Est;Paris;Île-de-France;France;Strasbourg;Strasbourg;Grand Est;1.86;TGV/Intercités
4140;2020;France;Paris Austerlitz;Paris;Île-de-France;France;Paris Gare du Nord;Paris;Île-de-France;0.46;TGV/Intercités
4141;2020;France;Paris Austerlitz;Paris;Île-de-France;France;Paris Gare de Lyon;Paris;Île-de-France;0.47;TGV/Intercités
4142;2020;France;Paris Austerlitz;Paris;Île-de-France;France;Paris Saint-Lazare;Paris;Île-de-France;0.42;TGV/Intercités
4143;2020;France;Paris Austerlitz;Paris;Île-de-France;France;Paris Montparnasse;Paris;Île-de-France;0.36;TGV/Intercités
4144;2020;France;Paris Austerlitz;Paris;Île-de-France;France;Paris Est;Paris;Île-de-France;0.44;TGV/Intercités
4145;2020;France;Paris Austerlitz;Paris;Île-de-France;France;Lyon Part-Dieu;Lyon;Auvergne-Rhône-Alpes;3.05;TGV/Intercités
4146;2020;France;Paris Austerlitz;Paris;Île-de-France;France;Lyon Perrache;Lyon;Auvergne-Rhône-Alpes;3.49;TGV/Intercités
4147;2020;France;Paris Austerlitz;Paris;Île-de-France;France;Marseille Saint-Charles;Marseille;Provence-Alpes-Côte d'Azur;2.27;TGV/Intercités
4148;2020;France;Paris Austerlitz;Paris;Île-de-France;France;Lille Flandres;Lille;Hauts-de-France;2.93;TGV/Intercités
4149;2020;France;Paris Austerlitz;Paris;Île-de-France;France;Lille Europe;Lille;Hauts-de-France;3.13;TGV/Intercités
4150;2020;France;Paris Austerlitz;Paris;Île-de-France;France;Bordeaux Saint-Jean;Bordeaux;Nouvelle-Aquitaine;2.37;TGV/Intercités
4151;2020;France;Paris Austerlitz;Paris;Île-de-France;France;Toulouse Matabiau;Toulouse;Occitanie;1.44;TGV/Intercités
4152;2020;France;Paris Austerlitz;Paris;Île-de-France;France;Nantes;Nantes;Pays de la Loire;1.48;TGV/Intercités
4153;2020;France;Paris Austerlitz;Paris;Île-de-France;France;Rennes;Rennes;Bretagne;1.69;TGV/Intercités
4154;2020;France;Paris Austerlitz;Paris;Île-de-France;France;Strasbourg;Strasbourg;Grand Est;1.49;TGV/Intercités
4155;2020;France;Lyon Part-Dieu;Lyon;Auvergne-Rhône-Alpes;France;Paris Gare du Nord;Paris;Île-de-France;3.49;TGV/Intercités
4156;2020;France;Lyon Part-Dieu;Lyon;Auvergne-Rhône-Alpes;France;Paris Gare de Lyon;Paris;Île-de-France;3.64;TGV/Intercités
4157;2020;France;Lyon Part-Dieu;Lyon;Auvergne-Rhône-Alpes;France;Paris Saint-Lazare;Paris;Île-de-France;3.62;TGV/Intercités
4158;2020;France;Lyon Part-Dieu;Lyon;Auvergne-Rhône-Alpes;France;Paris Montparnasse;Paris;Île-de-France;3.37;TGV/Intercités
4159;2020;France;Lyon Part-Dieu;Lyon;Auvergne-Rhône-Alpes;France;Paris Est;Paris;Île-de-France;2.92;TGV/Intercités
4160;2020;France;Lyon Part-Dieu;Lyon;Auvergne-Rhône-Alpes;France;Paris Austerlitz;Paris;Île-de-France;3.03;TGV/Intercités
4161;2020;France;Lyon Part-Dieu;Lyon;Auvergne-Rhône-Alpes;France;Lyon Perrache;Lyon;Auvergne-Rhône-Alpes;0.37;TER/Intercités
4162;2020;France;Lyon Part-Dieu;Lyon;Auvergne-Rhône-Alpes;France;Marseille Saint-Charles;Marseille;Provence-Alpes-Côte d'Azur;0.43;TER/Intercités
4163;2020;France;Lyon Part-Dieu;Lyon;Auvergne-Rhône-Alpes;France;Lille Flandres;Lille;Hauts-de-France;0.4;TER/Intercités
4164;2020;France;Lyon Part-Dieu;Lyon;Auvergne-Rhône-Alpes;France;Lille Europe;Lille;Hauts-de-France;0.39;TER/Intercités
4165;2020;France;Lyon Part-Dieu;Lyon;Auvergne-Rhône-Alpes;France;Bordeaux Saint-Jean;Bordeaux;Nouvelle-Aquitaine;0.39;TER/Intercités
4166;2020;France;Lyon Part-Dieu;Lyon;Auvergne-Rhône-Alpes;France;Toulouse Matabiau;Toulouse;Occitanie;0.42;TER/Intercités
4167;2020;France;Lyon Part-Dieu;Lyon;Auvergne-Rhône-Alpes;France;Nantes;Nantes;Pays de la Loire;0.4;TER/Intercités
4168;2020;France;Lyon Part-Dieu;Lyon;Auvergne-Rhône-Alpes;France;Rennes;Rennes;Bretagne;0.39;TER/Intercités
4169;2020;France;Lyon Part-Dieu;Lyon;Auvergne-Rhône-Alpes;France;Strasbourg;Strasbourg;Grand Est;0.43;TER/Intercités
4170;2020;France;Lyon Perrache;Lyon;Auvergne-Rhône-Alpes;France;Paris Gare du Nord;Paris;Île-de-France;3.56;TGV/Intercités
4171;2020;France;Lyon Perrache;Lyon;Auvergne-Rhône-Alpes;France;Paris Gare de Lyon;Paris;Île-de-France;3.38;TGV/Intercités
4172;2020;France;Lyon Perrache;Lyon;Auvergne-Rhône-Alpes;France;Paris Saint-Lazare;Paris;Île-de-France;3.15;TGV/Intercités
4173;2020;France;Lyon Perrache;Lyon;Auvergne-Rhône-Alpes;France;Paris Montparnasse;Paris;Île-de-France;3.07;TGV/Intercités
4174;2020;France;Lyon Perrache;Lyon;Auvergne-Rhône-Alpes;France;Paris Est;Paris;Île-de-France;3.14;TGV/Intercités
4175;2020;France;Lyon Perrache;Lyon;Auvergne-Rhône-Alpes;France;Paris Austerlitz;Paris;Île-de-France;3.08;TGV/Intercités
4176;2020;France;Lyon Perrache;Lyon;Auvergne-Rhône-Alpes;France;Lyon Part-Dieu;Lyon;Auvergne-Rhône-Alpes;0.4;TER/Intercités
4177;2020;France;Lyon Perrache;Lyon;Auvergne-Rhône-Alpes;France;Marseille Saint-Charles;Marseille;Provence-Alpes-Côte d'Azur;0.47;TER/Intercités
4178;2020;France;Lyon Perrache;Lyon;Auvergne-Rhône-Alpes;France;Lille Flandres;Lille;Hauts-de-France;0.37;TER/Intercités
4179;2020;France;Lyon Perrache;Lyon;Auvergne-Rhône-Alpes;France;Lille Europe;Lille;Hauts-de-France;0.44;TER/Intercités
4180;2020;France;Lyon Perrache;Lyon;Auvergne-Rhône-Alpes;France;Bordeaux Saint-Jean;Bordeaux;Nouvelle-Aquitaine;0.45;TER/Intercités
4181;2020;France;Lyon Perrache;Lyon;Auvergne-Rhône-Alpes;France;Toulouse Matabiau;Toulouse;Occitanie;0.41;TER/Intercités
4182;2020;France;Lyon Perrache;Lyon;Auvergne-Rhône-Alpes;France;Nantes;Nantes;Pays de la Loire;0.43;TER/Intercités
4183;2020;France;Lyon Perrache;Lyon;Auvergne-Rhône-Alpes;France;Rennes;Rennes;Bretagne;0.38;TER/Intercités
4184;2020;France;Lyon Perrache;Lyon;Auvergne-Rhône-Alpes;France;Strasbourg;Strasbourg;Grand Est;0.44;TER/Intercités
4185;2020;France;Marseille Saint-Charles;Marseille;Provence-Alpes-Côte d'Azur;France;Paris Gare du Nord;Paris;Île-de-France;2.68;TGV/Intercités
4186;2020;France;Marseille Saint-Charles;Marseille;Provence-Alpes-Côte d'Azur;France;Paris Gare de Lyon;Paris;Île-de-France;2.57;TGV/Intercités
4187;2020;France;Marseille Saint-Charles;Marseille;Provence-Alpes-Côte d'Azur;France;Paris Saint-Lazare;Paris;Île-de-France;2.57;TGV/Intercités
4188;2020;France;Marseille Saint-Charles;Marseille;Provence-Alpes-Côte d'Azur;France;Paris Montparnasse;Paris;Île-de-France;2.16;TGV/Intercités
4189;2020;France;Marseille Saint-Charles;Marseille;Provence-Alpes-Côte d'Azur;France;Paris Est;Paris;Île-de-France;2.52;TGV/Intercités
4190;2020;France;Marseille Saint-Charles;Marseille;Provence-Alpes-Côte d'Azur;France;Paris Austerlitz;Paris;Île-de-France;2.67;TGV/Intercités
4191;2020;France;Marseille Saint-Charles;Marseille;Provence-Alpes-Côte d'Azur;France;Lyon Part-Dieu;Lyon;Auvergne-Rhône-Alpes;0.42;TER/Intercités
4192;2020;France;Marseille Saint-Charles;Marseille;Provence-Alpes-Côte d'Azur;France;Lyon Perrache;Lyon;Auvergne-Rhône-Alpes;0.36;TER/Intercités
4193;2020;France;Marseille Saint-Charles;Marseille;Provence-Alpes-Côte d'Azur;France;Lille Flandres;Lille;Hauts-de-France;0.4;TER/Intercités
4194;2020;France;Marseille Saint-Charles;Marseille;Provence-Alpes-Côte d'Azur;France;Lille Europe;Lille;Hauts-de-France;0.44;TER/Intercités
4195;2020;France;Marseille Saint-Charles;Marseille;Provence-Alpes-Côte d'Azur;France;Bordeaux Saint-Jean;Bordeaux;Nouvelle-Aquitaine;0.43;TER/Intercités
4196;2020;France;Marseille Saint-Charles;Marseille;Provence-Alpes-Côte d'Azur;France;Toulouse Matabiau;Toulouse;Occitanie;0.4;TER/Intercités
4197;2020;France;Marseille Saint-Charles;Marseille;Provence-Alpes-Côte d'Azur;France;Nantes;Nantes;Pays de la Loire;0.46;TER/Intercités
4198;2020;France;Marseille Saint-Charles;Marseille;Provence-Alpes-Côte d'Azur;France;Rennes;Rennes;Bretagne;0.41;TER/Intercités
4199;2020;France;Marseille Saint-Charles;Marseille;Provence-Alpes-Côte d'Azur;France;Strasbourg;Strasbourg;Grand Est;0.43;TER/Intercités
4200;2020;France;Lille Flandres;Lille;Hauts-de-France;France;Paris Gare du Nord;Paris;Île-de-France;3.04;TGV/Intercités
4201;2020;France;Lille Flandres;Lille;Hauts-de-France;France;Paris Gare de Lyon;Paris;Île-de-France;2.64;TGV/Intercités
4202;2020;France;Lille Flandres;Lille;Hauts-de-France;France;Paris Saint-Lazare;Paris;Île-de-France;3.06;TGV/Intercités
4203;2020;France;Lille Flandres;Lille;Hauts-de-France;France;Paris Montparnasse;Paris;Île-de-France;3.05;TGV/Intercités
4204;2020;France;Lille Flandres;Lille;Hauts-de-France;France;Paris Est;Paris;Île-de-France;3.29;TGV/Intercités
4205;2020;France;Lille Flandres;Lille;Hauts-de-France;France;Paris Austerlitz;Paris;Île-de-France;3.04;TGV/Intercités
4206;2020;France;Lille Flandres;Lille;Hauts-de-France;France;Lyon Part-Dieu;Lyon;Auvergne-Rhône-Alpes;0.39;TER/Intercités
4207;2020;France;Lille Flandres;Lille;Hauts-de-France;France;Lyon Perrache;Lyon;Auvergne-Rhône-Alpes;0.43;TER/Intercités
4208;2020;France;Lille Flandres;Lille;Hauts-de-France;France;Marseille Saint-Charles;Marseille;Provence-Alpes-Côte d'Azur;0.43;TER/Intercités
4209;2020;France;Lille Flandres;Lille;Hauts-de-France;France;Lille Europe;Lille;Hauts-de-France;0.38;TER/Intercités
4210;2020;France;Lille Flandres;Lille;Hauts-de-France;France;Bordeaux Saint-Jean;Bordeaux;Nouvelle-Aquitaine;0.47;TER/Intercités
4211;2020;France;Lille Flandres;Lille;Hauts-de-France;France;Toulouse Matabiau;Toulouse;Occitanie;0.38;TER/Intercités
4212;2020;France;Lille Flandres;Lille;Hauts-de-France;France;Nantes;Nantes;Pays de la Loire;0.48;TER/Intercités
4213;2020;France;Lille Flandres;Lille;Hauts-de-France;France;Rennes;Rennes;Bretagne;0.38;TER/Intercités
4214;2020;France;Lille Flandres;Lille;Hauts-de-France;France;Strasbourg;Strasbourg;Grand Est;0.45;TER/Intercités
4215;2020;France;Lille Europe;Lille;Hauts-de-France;France;Paris Gare du Nord;Paris;Île-de-France;2.51;TGV/Intercités
4216;2020;France;Lille Europe;Lille;Hauts-de-France;France;Paris Gare de Lyon;Paris;Île-de-France;3.02;TGV/Intercités
4217;2020;France;Lille Europe;Lille;Hauts-de-France;France;Paris Saint-Lazare;Paris;Île-de-France;3.32;TGV/Intercités
4218;2020;France;Lille Europe;Lille;Hauts-de-France;France;Paris Montparnasse;Paris;Île-de-France;3.12;TGV/Intercités
4219;2020;France;Lille Europe;Lille;Hauts-de-France;France;Paris Est;Paris;Île-de-France;2.6;TGV/Intercités
4220;2020;France;Lille Europe;Lille;Hauts-de-France;France;Paris Austerlitz;Paris;Île-de-France;2.95;TGV/Intercités
4221;2020;France;Lille Europe;Lille;Hauts-de-France;France;Lyon Part-Dieu;Lyon;Auvergne-Rhône-Alpes;0.45;TER/Intercités
4222;2020;France;Lille Europe;Lille;Hauts-de-France;France;Lyon Perrache;Lyon;Auvergne-Rhône-Alpes;0.47;TER/Intercités
4223;2020;France;Lille Europe;Lille;Hauts-de-France;France;Marseille Saint-Charles;Marseille;Provence-Alpes-Côte d'Azur;0.39;TER/Intercités
4224;2020;France;Lille Europe;Lille;Hauts-de-France;France;Lille Flandres;Lille;Hauts-de-France;0.4;TER/Intercités
4225;2020;France;Lille Europe;Lille;Hauts-de-France;France;Bordeaux Saint-Jean;Bordeaux;Nouvelle-Aquitaine;0.43;TER/Intercités
4226;2020;France;Lille Europe;Lille;Hauts-de-France;France;Toulouse Matabiau;Toulouse;Occitanie;0.46;TER/Intercités
4227;2020;France;Lille Europe;Lille;Hauts-de-France;France;Nantes;Nantes;Pays de la Loire;0.4;TER/Intercités
4228;2020;France;Lille Europe;Lille;Hauts-de-France;France;Rennes;Rennes;Bretagne;0.47;TER/Intercités
4229;2020;France;Lille Europe;Lille;Hauts-de-France;France;Strasbourg;Strasbourg;Grand Est;0.4;TER/Intercités
4230;2020;France;Bordeaux Saint-Jean;Bordeaux;Nouvelle-Aquitaine;France;Paris Gare du Nord;Paris;Île-de-France;2.06;TGV/Intercités
4231;2020;France;Bordeaux Saint-Jean;Bordeaux;Nouvelle-Aquitaine;France;Paris Gare de Lyon;Paris;Île-de-France;2.34;TGV/Intercités
4232;2020;France;Bordeaux Saint-Jean;Bordeaux;Nouvelle-Aquitaine;France;Paris Saint-Lazare;Paris;Île-de-France;1.93;TGV/Intercités
4233;2020;France;Bordeaux Saint-Jean;Bordeaux;Nouvelle-Aquitaine;France;Paris Montparnasse;Paris;Île-de-France;2.28;TGV/Intercités
4234;2020;France;Bordeaux Saint-Jean;Bordeaux;Nouvelle-Aquitaine;France;Paris Est;Paris;Île-de-France;1.86;TGV/Intercités
4235;2020;France;Bordeaux Saint-Jean;Bordeaux;Nouvelle-Aquitaine;France;Paris Austerlitz;Paris;Île-de-France;2.02;TGV/Intercités
4236;2020;France;Bordeaux Saint-Jean;Bordeaux;Nouvelle-Aquitaine;France;Lyon Part-Dieu;Lyon;Auvergne-Rhône-Alpes;0.43;TER/Intercités
4237;2020;France;Bordeaux Saint-Jean;Bordeaux;Nouvelle-Aquitaine;France;Lyon Perrache;Lyon;Auvergne-Rhône-Alpes;0.36;TER/Intercités
4238;2020;France;Bordeaux Saint-Jean;Bordeaux;Nouvelle-Aquitaine;France;Marseille Saint-Charles;Marseille;Provence-Alpes-Côte d'Azur;0.37;TER/Intercités
4239;2020;France;Bordeaux Saint-Jean;Bordeaux;Nouvelle-Aquitaine;France;Lille Flandres;Lille;Hauts-de-France;0.4;TER/Intercités
4240;2020;France;Bordeaux Saint-Jean;Bordeaux;Nouvelle-Aquitaine;France;Lille Europe;Lille;Hauts-de-France;0.36;TER/Intercités
4241;2020;France;Bordeaux Saint-Jean;Bordeaux;Nouvelle-Aquitaine;France;Toulouse Matabiau;Toulouse;Occitanie;0.42;TER/Intercités
4242;2020;France;Bordeaux Saint-Jean;Bordeaux;Nouvelle-Aquitaine;France;Nantes;Nantes;Pays de la Loire;0.41;TER/Intercités
4243;2020;France;Bordeaux Saint-Jean;Bordeaux;Nouvelle-Aquitaine;France;Rennes;Rennes;Bretagne;0.44;TER/Intercités
4244;2020;France;Bordeaux Saint-Jean;Bordeaux;Nouvelle-Aquitaine;France;Strasbourg;Strasbourg;Grand Est;0.39;TER/Intercités
4245;2020;France;Toulouse Matabiau;Toulouse;Occitanie;France;Paris Gare du Nord;Paris;Île-de-France;1.71;TGV/Intercités
4246;2020;France;Toulouse Matabiau;Toulouse;Occitanie;France;Paris Gare de Lyon;Paris;Île-de-France;1.83;TGV/Intercités
4247;2020;France;Toulouse Matabiau;Toulouse;Occitanie;France;Paris Saint-Lazare;Paris;Île-de-France;1.58;TGV/Intercités
4248;2020;France;Toulouse Matabiau;Toulouse;Occitanie;France;Paris Montparnasse;Paris;Île-de-France;1.76;TGV/Intercités
4249;2020;France;Toulouse Matabiau;Toulouse;Occitanie;France;Paris Est;Paris;Île-de-France;1.7;TGV/Intercités
4250;2020;France;Toulouse Matabiau;Toulouse;Occitanie;France;Paris Austerlitz;Paris;Île-de-France;1.44;TGV/Intercités
4251;2020;France;Toulouse Matabiau;Toulouse;Occitanie;France;Lyon Part-Dieu;Lyon;Auvergne-Rhône-Alpes;0.46;TER/Intercités
4252;2020;France;Toulouse Matabiau;Toulouse;Occitanie;France;Lyon Perrache;Lyon;Auvergne-Rhône-Alpes;0.36;TER/Intercités
4253;2020;France;Toulouse Matabiau;Toulouse;Occitanie;France;Marseille Saint-Charles;Marseille;Provence-Alpes-Côte d'Azur;0.47;TER/Intercités
4254;2020;France;Toulouse Matabiau;Toulouse;Occitanie;France;Lille Flandres;Lille;Hauts-de-France;0.44;TER/Intercités
4255;2020;France;Toulouse Matabiau;Toulouse;Occitanie;France;Lille Europe;Lille;Hauts-de-France;0.46;TER/Intercités
4256;2020;France;Toulouse Matabiau;Toulouse;Occitanie;France;Bordeaux Saint-Jean;Bordeaux;Nouvelle-Aquitaine;0.44;TER/Intercités
4257;2020;France;Toulouse Matabiau;Toulouse;Occitanie;France;Nantes;Nantes;Pays de la Loire;0.47;TER/Intercités
4258;2020;France;Toulouse Matabiau;Toulouse;Occitanie;France;Rennes;Rennes;Bretagne;0.38;TER/Intercités
4259;2020;France;Toulouse Matabiau;Toulouse;Occitanie;France;Strasbourg;Strasbourg;Grand Est;0.43;TER/Intercités
4260;2020;France;Nantes;Nantes;Pays de la Loire;France;Paris Gare du Nord;Paris;Île-de-France;1.82;TGV/Intercités
4261;2020;France;Nantes;Nantes;Pays de la Loire;France;Paris Gare de Lyon;Paris;Île-de-France;1.91;TGV/Intercités
4262;2020;France;Nantes;Nantes;Pays de la Loire;France;Paris Saint-Lazare;Paris;Île-de-France;1.53;TGV/Intercités
4263;2020;France;Nantes;Nantes;Pays de la Loire;France;Paris Montparnasse;Paris;Île-de-France;1.53;TGV/Intercités
4264;2020;France;Nantes;Nantes;Pays de la Loire;France;Paris Est;Paris;Île-de-France;1.84;TGV/Intercités
4265;2020;France;Nantes;Nantes;Pays de la Loire;France;Paris Austerlitz;Paris;Île-de-France;1.59;TGV/Intercités
4266;2020;France;Nantes;Nantes;Pays de la Loire;France;Lyon Part-Dieu;Lyon;Auvergne-Rhône-Alpes;0.38;TER/Intercités
4267;2020;France;Nantes;Nantes;Pays de la Loire;France;Lyon Perrache;Lyon;Auvergne-Rhône-Alpes;0.41;TER/Intercités
4268;2020;France;Nantes;Nantes;Pays de la Loire;France;Marseille Saint-Charles;Marseille;Provence-Alpes-Côte d'Azur;0.47;TER/Intercités
4269;2020;France;Nantes;Nantes;Pays de la Loire;France;Lille Flandres;Lille;Hauts-de-France;0.43;TER/Intercités
4270;2020;France;Nantes;Nantes;Pays de la Loire;France;Lille Europe;Lille;Hauts-de-France;0.44;TER/Intercités
4271;2020;France;Nantes;Nantes;Pays de la Loire;France;Bordeaux Saint-Jean;Bordeaux;Nouvelle-Aquitaine;0.37;TER/Intercités
4272;2020;France;Nantes;Nantes;Pays de la Loire;France;Toulouse Matabiau;Toulouse;Occitanie;0.41;TER/Intercités
4273;2020;France;Nantes;Nantes;Pays de la Loire;France;Rennes;Rennes;Bretagne;0.37;TER/Intercités
4274;2020;France;Nantes;Nantes;Pays de la Loire;France;Strasbourg;Strasbourg;Grand Est;0.47;TER/Intercités
4275;2020;France;Rennes;Rennes;Bretagne;France;Paris Gare du Nord;Paris;Île-de-France;1.6;TGV/Intercités
4276;2020;France;Rennes;Rennes;Bretagne;France;Paris Gare de Lyon;Paris;Île-de-France;1.45;TGV/Intercités
4277;2020;France;Rennes;Rennes;Bretagne;France;Paris Saint-Lazare;Paris;Île-de-France;1.79;TGV/Intercités
4278;2020;France;Rennes;Rennes;Bretagne;France;Paris Montparnasse;Paris;Île-de-France;1.6;TGV/Intercités
4279;2020;France;Rennes;Rennes;Bretagne;France;Paris Est;Paris;Île-de-France;1.44;TGV/Intercités
4280;2020;France;Rennes;Rennes;Bretagne;France;Paris Austerlitz;Paris;Île-de-France;1.5;TGV/Intercités
4281;2020;France;Rennes;Rennes;Bretagne;France;Lyon Part-Dieu;Lyon;Auvergne-Rhône-Alpes;0.47;TER/Intercités
4282;2020;France;Rennes;Rennes;Bretagne;France;Lyon Perrache;Lyon;Auvergne-Rhône-Alpes;0.36;TER/Intercités
4283;2020;France;Rennes;Rennes;Bretagne;France;Marseille Saint-Charles;Marseille;Provence-Alpes-Côte d'Azur;0.42;TER/Intercités
4284;2020;France;Rennes;Rennes;Bretagne;France;Lille Flandres;Lille;Hauts-de-France;0.45;TER/Intercités
4285;2020;France;Rennes;Rennes;Bretagne;France;Lille Europe;Lille;Hauts-de-France;0.46;TER/Intercités
4286;2020;France;Rennes;Rennes;Bretagne;France;Bordeaux Saint-Jean;Bordeaux;Nouvelle-Aquitaine;0.46;TER/Intercités
4287;2020;France;Rennes;Rennes;Bretagne;France;Toulouse Matabiau;Toulouse;Occitanie;0.46;TER/Intercités
4288;2020;France;Rennes;Rennes;Bretagne;France;Nantes;Nantes;Pays de la Loire;0.44;TER/Intercités
4289;2020;France;Rennes;Rennes;Bretagne;France;Strasbourg;Strasbourg;Grand Est;0.44;TER/Intercités
4290;2020;France;Strasbourg;Strasbourg;Grand Est;France;Paris Gare du Nord;Paris;Île-de-France;1.91;TGV/Intercités
4291;2020;France;Strasbourg;Strasbourg;Grand Est;France;Paris Gare de Lyon;Paris;Île-de-France;1.87;TGV/Intercités
4292;2020;France;Strasbourg;Strasbourg;Grand Est;France;Paris Saint-Lazare;Paris;Île-de-France;1.86;TGV/Intercités
4293;2020;France;Strasbourg;Strasbourg;Grand Est;France;Paris Montparnasse;Paris;Île-de-France;1.43;TGV/Intercités
4294;2020;France;Strasbourg;Strasbourg;Grand Est;France;Paris Est;Paris;Île-de-France;1.89;TGV/Intercités
4295;2020;France;Strasbourg;Strasbourg;Grand Est;France;Paris Austerlitz;Paris;Île-de-France;1.79;TGV/Intercités
4296;2020;France;Strasbourg;Strasbourg;Grand Est;France;Lyon Part-Dieu;Lyon;Auvergne-Rhône-Alpes;0.37;TER/Intercités
4297;2020;France;Strasbourg;Strasbourg;Grand Est;France;Lyon Perrache;Lyon;Auvergne-Rhône-Alpes;0.44;TER/Intercités
4298;2020;France;Strasbourg;Strasbourg;Grand Est;France;Marseille Saint-Charles;Marseille;Provence-Alpes-Côte d'Azur;0.45;TER/Intercités
4299;2020;France;Strasbourg;Strasbourg;Grand Est;France;Lille Flandres;Lille;Hauts-de-France;0.45;TER/Intercités
4300;2020;France;Strasbourg;Strasbourg;Grand Est;France;Lille Europe;Lille;Hauts-de-France;0.39;TER/Intercités
4301;2020;France;Strasbourg;Strasbourg;Grand Est;France;Bordeaux Saint-Jean;Bordeaux;Nouvelle-Aquitaine;0.46;TER/Intercités
4302;2020;France;Strasbourg;Strasbourg;Grand Est;France;Toulouse Matabiau;Toulouse;Occitanie;0.46;TER/Intercités
4303;2020;France;Strasbourg;Strasbourg;Grand Est;France;Nantes;Nantes;Pays de la Loire;0.45;TER/Intercités
4304;2020;France;Strasbourg;Strasbourg;Grand Est;France;Rennes;Rennes;Bretagne;0.37;TER/Intercités
4305;2021;France;Paris Gare du Nord;Paris;Île-de-France;France;Paris Gare de Lyon;Paris;Île-de-France;0.78;TGV/Intercités
4306;2021;France;Paris Gare du Nord;Paris;Île-de-France;France;Paris Saint-Lazare;Paris;Île-de-France;0.75;TGV/Intercités
4307;2021;France;Paris Gare du Nord;Paris;Île-de-France;France;Paris Montparnasse;Paris;Île-de-France;0.66;TGV/Intercités
4308;2021;France;Paris Gare du Nord;Paris;Île-de-France;France;Paris Est;Paris;Île-de-France;0.77;TGV/Intercités
4309;2021;France;Paris Gare du Nord;Paris;Île-de-France;France;Paris Austerlitz;Paris;Île-de-France;0.75;TGV/Intercités
4310;2021;France;Paris Gare du Nord;Paris;Île-de-France;France;Lyon Part-Dieu;Lyon;Auvergne-Rhône-Alpes;6.18;TGV/Intercités
4311;2021;France;Paris Gare du Nord;Paris;Île-de-France;France;Lyon Perrache;Lyon;Auvergne-Rhône-Alpes;5.57;TGV/Intercités
4312;2021;France;Paris Gare du Nord;Paris;Île-de-France;France;Marseille Saint-Charles;Marseille;Provence-Alpes-Côte d'Azur;3.9;TGV/Intercités
4313;2021;France;Paris Gare du Nord;Paris;Île-de-France;France;Lille Flandres;Lille;Hauts-de-France;4.76;TGV/Intercités
4314;2021;France;Paris Gare du Nord;Paris;Île-de-France;France;Lille Europe;Lille;Hauts-de-France;5.24;TGV/Intercités
4315;2021;France;Paris Gare du Nord;Paris;Île-de-France;France;Bordeaux Saint-Jean;Bordeaux;Nouvelle-Aquitaine;4.03;TGV/Intercités
4316;2021;France;Paris Gare du Nord;Paris;Île-de-France;France;Toulouse Matabiau;Toulouse;Occitanie;2.51;TGV/Intercités
4317;2021;France;Paris Gare du Nord;Paris;Île-de-France;France;Nantes;Nantes;Pays de la Loire;2.53;TGV/Intercités
4318;2021;France;Paris Gare du Nord;Paris;Île-de-France;France;Rennes;Rennes;Bretagne;2.81;TGV/Intercités
4319;2021;France;Paris Gare du Nord;Paris;Île-de-France;France;Strasbourg;Strasbourg;Grand Est;2.75;TGV/Intercités
4320;2021;France;Paris Gare de Lyon;Paris;Île-de-France;France;Paris Gare du Nord;Paris;Île-de-France;0.7;TGV/Intercités
4321;2021;France;Paris Gare de Lyon;Paris;Île-de-France;France;Paris Saint-Lazare;Paris;Île-de-France;0.68;TGV/Intercités
4322;2021;France;Paris Gare de Lyon;Paris;Île-de-France;France;Paris Montparnasse;Paris;Île-de-France;0.65;TGV/Intercités
4323;2021;France;Paris Gare de Lyon;Paris;Île-de-France;France;Paris Est;Paris;Île-de-France;0.65;TGV/Intercités
4324;2021;France;Paris Gare de Lyon;Paris;Île-de-France;France;Paris Austerlitz;Paris;Île-de-France;0.73;TGV/Intercités
4325;2021;France;Paris Gare de Lyon;Paris;Île-de-France;France;Lyon Part-Dieu;Lyon;Auvergne-Rhône-Alpes;6.01;TGV/Intercités
4326;2021;France;Paris Gare de Lyon;Paris;Île-de-France;France;Lyon Perrache;Lyon;Auvergne-Rhône-Alpes;6.42;TGV/Intercités
4327;2021;France;Paris Gare de Lyon;Paris;Île-de-France;France;Marseille Saint-Charles;Marseille;Provence-Alpes-Côte d'Azur;4.59;TGV/Intercités
4328;2021;France;Paris Gare de Lyon;Paris;Île-de-France;France;Lille Flandres;Lille;Hauts-de-France;4.82;TGV/Intercités
4329;2021;France;Paris Gare de Lyon;Paris;Île-de-France;France;Lille Europe;Lille;Hauts-de-France;4.7;TGV/Intercités
4330;2021;France;Paris Gare de Lyon;Paris;Île-de-France;France;Bordeaux Saint-Jean;Bordeaux;Nouvelle-Aquitaine;3.15;TGV/Intercités
4331;2021;France;Paris Gare de Lyon;Paris;Île-de-France;France;Toulouse Matabiau;Toulouse;Occitanie;3.11;TGV/Intercités
4332;2021;France;Paris Gare de Lyon;Paris;Île-de-France;France;Nantes;Nantes;Pays de la Loire;2.65;TGV/Intercités
4333;2021;France;Paris Gare de Lyon;Paris;Île-de-France;France;Rennes;Rennes;Bretagne;2.99;TGV/Intercités
4334;2021;France;Paris Gare de Lyon;Paris;Île-de-France;France;Strasbourg;Strasbourg;Grand Est;3.1;TGV/Intercités
4335;2021;France;Paris Saint-Lazare;Paris;Île-de-France;France;Paris Gare du Nord;Paris;Île-de-France;0.68;TGV/Intercités
4336;2021;France;Paris Saint-Lazare;Paris;Île-de-France;France;Paris Gare de Lyon;Paris;Île-de-France;0.77;TGV/Intercités
4337;2021;France;Paris Saint-Lazare;Paris;Île-de-France;France;Paris Montparnasse;Paris;Île-de-France;0.63;TGV/Intercités
4338;2021;France;Paris Saint-Lazare;Paris;Île-de-France;France;Paris Est;Paris;Île-de-France;0.84;TGV/Intercités
4339;2021;France;Paris Saint-Lazare;Paris;Île-de-France;France;Paris Austerlitz;Paris;Île-de-France;0.76;TGV/Intercités
4340;2021;France;Paris Saint-Lazare;Paris;Île-de-France;France;Lyon Part-Dieu;Lyon;Auvergne-Rhône-Alpes;5.6;TGV/Intercités
4341;2021;France;Paris Saint-Lazare;Paris;Île-de-France;France;Lyon Perrache;Lyon;Auvergne-Rhône-Alpes;5.88;TGV/Intercités
4342;2021;France;Paris Saint-Lazare;Paris;Île-de-France;France;Marseille Saint-Charles;Marseille;Provence-Alpes-Côte d'Azur;5.0;TGV/Intercités
4343;2021;France;Paris Saint-Lazare;Paris;Île-de-France;France;Lille Flandres;Lille;Hauts-de-France;5.1;TGV/Intercités
4344;2021;France;Paris Saint-Lazare;Paris;Île-de-France;France;Lille Europe;Lille;Hauts-de-France;4.84;TGV/Intercités
4345;2021;France;Paris Saint-Lazare;Paris;Île-de-France;France;Bordeaux Saint-Jean;Bordeaux;Nouvelle-Aquitaine;4.12;TGV/Intercités
4346;2021;France;Paris Saint-Lazare;Paris;Île-de-France;France;Toulouse Matabiau;Toulouse;Occitanie;3.31;TGV/Intercités
4347;2021;France;Paris Saint-Lazare;Paris;Île-de-France;France;Nantes;Nantes;Pays de la Loire;3.06;TGV/Intercités
4348;2021;France;Paris Saint-Lazare;Paris;Île-de-France;France;Rennes;Rennes;Bretagne;2.87;TGV/Intercités
4349;2021;France;Paris Saint-Lazare;Paris;Île-de-France;France;Strasbourg;Strasbourg;Grand Est;2.98;TGV/Intercités
4350;2021;France;Paris Montparnasse;Paris;Île-de-France;France;Paris Gare du Nord;Paris;Île-de-France;0.63;TGV/Intercités
4351;2021;France;Paris Montparnasse;Paris;Île-de-France;France;Paris Gare de Lyon;Paris;Île-de-France;0.81;TGV/Intercités
4352;2021;France;Paris Montparnasse;Paris;Île-de-France;France;Paris Saint-Lazare;Paris;Île-de-France;0.72;TGV/Intercités
4353;2021;France;Paris Montparnasse;Paris;Île-de-France;France;Paris Est;Paris;Île-de-France;0.81;TGV/Intercités
4354;2021;France;Paris Montparnasse;Paris;Île-de-France;France;Paris Austerlitz;Paris;Île-de-France;0.8;TGV/Intercités
4355;2021;France;Paris Montparnasse;Paris;Île-de-France;France;Lyon Part-Dieu;Lyon;Auvergne-Rhône-Alpes;5.19;TGV/Intercités
4356;2021;France;Paris Montparnasse;Paris;Île-de-France;France;Lyon Perrache;Lyon;Auvergne-Rhône-Alpes;5.56;TGV/Intercités
4357;2021;France;Paris Montparnasse;Paris;Île-de-France;France;Marseille Saint-Charles;Marseille;Provence-Alpes-Côte d'Azur;4.02;TGV/Intercités
4358;2021;France;Paris Montparnasse;Paris;Île-de-France;France;Lille Flandres;Lille;Hauts-de-France;4.59;TGV/Intercités
4359;2021;France;Paris Montparnasse;Paris;Île-de-France;France;Lille Europe;Lille;Hauts-de-France;5.87;TGV/Intercités
4360;2021;France;Paris Montparnasse;Paris;Île-de-France;France;Bordeaux Saint-Jean;Bordeaux;Nouvelle-Aquitaine;3.75;TGV/Intercités
4361;2021;France;Paris Montparnasse;Paris;Île-de-France;France;Toulouse Matabiau;Toulouse;Occitanie;2.9;TGV/Intercités
4362;2021;France;Paris Montparnasse;Paris;Île-de-France;France;Nantes;Nantes;Pays de la Loire;2.8;TGV/Intercités
4363;2021;France;Paris Montparnasse;Paris;Île-de-France;France;Rennes;Rennes;Bretagne;2.77;TGV/Intercités
4364;2021;France;Paris Montparnasse;Paris;Île-de-France;France;Strasbourg;Strasbourg;Grand Est;3.12;TGV/Intercités
4365;2021;France;Paris Est;Paris;Île-de-France;France;Paris Gare du Nord;Paris;Île-de-France;0.72;TGV/Intercités
4366;2021;France;Paris Est;Paris;Île-de-France;France;Paris Gare de Lyon;Paris;Île-de-France;0.63;TGV/Intercités
4367;2021;France;Paris Est;Paris;Île-de-France;France;Paris Saint-Lazare;Paris;Île-de-France;0.84;TGV/Intercités
4368;2021;France;Paris Est;Paris;Île-de-France;France;Paris Montparnasse;Paris;Île-de-France;0.66;TGV/Intercités
4369;2021;France;Paris Est;Paris;Île-de-France;France;Paris Austerlitz;Paris;Île-de-France;0.82;TGV/Intercités
4370;2021;France;Paris Est;Paris;Île-de-France;France;Lyon Part-Dieu;Lyon;Auvergne-Rhône-Alpes;5.02;TGV/Intercités
4371;2021;France;Paris Est;Paris;Île-de-France;France;Lyon Perrache;Lyon;Auvergne-Rhône-Alpes;5.75;TGV/Intercités
4372;2021;France;Paris Est;Paris;Île-de-France;France;Marseille Saint-Charles;Marseille;Provence-Alpes-Côte d'Azur;4.52;TGV/Intercités
4373;2021;France;Paris Est;Paris;Île-de-France;France;Lille Flandres;Lille;Hauts-de-France;5.27;TGV/Intercités
4374;2021;France;Paris Est;Paris;Île-de-France;France;Lille Europe;Lille;Hauts-de-France;4.48;TGV/Intercités
4375;2021;France;Paris Est;Paris;Île-de-France;France;Bordeaux Saint-Jean;Bordeaux;Nouvelle-Aquitaine;3.99;TGV/Intercités
4376;2021;France;Paris Est;Paris;Île-de-France;France;Toulouse Matabiau;Toulouse;Occitanie;3.27;TGV/Intercités
4377;2021;France;Paris Est;Paris;Île-de-France;France;Nantes;Nantes;Pays de la Loire;3.31;TGV/Intercités
4378;2021;France;Paris Est;Paris;Île-de-France;France;Rennes;Rennes;Bretagne;2.9;TGV/Intercités
4379;2021;France;Paris Est;Paris;Île-de-France;France;Strasbourg;Strasbourg;Grand Est;2.7;TGV/Intercités
4380;2021;France;Paris Austerlitz;Paris;Île-de-France;France;Paris Gare du Nord;Paris;Île-de-France;0.74;TGV/Intercités
4381;2021;France;Paris Austerlitz;Paris;Île-de-France;France;Paris Gare de Lyon;Paris;Île-de-France;0.84;TGV/Intercités
4382;2021;France;Paris Austerlitz;Paris;Île-de-France;France;Paris Saint-Lazare;Paris;Île-de-France;0.69;TGV/Intercités
4383;2021;France;Paris Austerlitz;Paris;Île-de-France;France;Paris Montparnasse;Paris;Île-de-France;0.68;TGV/Intercités
4384;2021;France;Paris Austerlitz;Paris;Île-de-France;France;Paris Est;Paris;Île-de-France;0.81;TGV/Intercités
4385;2021;France;Paris Austerlitz;Paris;Île-de-France;France;Lyon Part-Dieu;Lyon;Auvergne-Rhône-Alpes;5.89;TGV/Intercités
4386;2021;France;Paris Austerlitz;Paris;Île-de-France;France;Lyon Perrache;Lyon;Auvergne-Rhône-Alpes;6.3;TGV/Intercités
4387;2021;France;Paris Austerlitz;Paris;Île-de-France;France;Marseille Saint-Charles;Marseille;Provence-Alpes-Côte d'Azur;4.27;TGV/Intercités
4388;2021;France;Paris Austerlitz;Paris;Île-de-France;France;Lille Flandres;Lille;Hauts-de-France;4.94;TGV/Intercités
4389;2021;France;Paris Austerlitz;Paris;Île-de-France;France;Lille Europe;Lille;Hauts-de-France;5.79;TGV/Intercités
4390;2021;France;Paris Austerlitz;Paris;Île-de-France;France;Bordeaux Saint-Jean;Bordeaux;Nouvelle-Aquitaine;3.57;TGV/Intercités
4391;2021;France;Paris Austerlitz;Paris;Île-de-France;France;Toulouse Matabiau;Toulouse;Occitanie;2.81;TGV/Intercités
4392;2021;France;Paris Austerlitz;Paris;Île-de-France;France;Nantes;Nantes;Pays de la Loire;2.7;TGV/Intercités
4393;2021;France;Paris Austerlitz;Paris;Île-de-France;France;Rennes;Rennes;Bretagne;3.22;TGV/Intercités
4394;2021;France;Paris Austerlitz;Paris;Île-de-France;France;Strasbourg;Strasbourg;Grand Est;2.56;TGV/Intercités
4395;2021;France;Lyon Part-Dieu;Lyon;Auvergne-Rhône-Alpes;France;Paris Gare du Nord;Paris;Île-de-France;5.68;TGV/Intercités
4396;2021;France;Lyon Part-Dieu;Lyon;Auvergne-Rhône-Alpes;France;Paris Gare de Lyon;Paris;Île-de-France;6.58;TGV/Intercités
4397;2021;France;Lyon Part-Dieu;Lyon;Auvergne-Rhône-Alpes;France;Paris Saint-Lazare;Paris;Île-de-France;6.12;TGV/Intercités
4398;2021;France;Lyon Part-Dieu;Lyon;Auvergne-Rhône-Alpes;France;Paris Montparnasse;Paris;Île-de-France;6.66;TGV/Intercités
4399;2021;France;Lyon Part-Dieu;Lyon;Auvergne-Rhône-Alpes;France;Paris Est;Paris;Île-de-France;6.42;TGV/Intercités
4400;2021;France;Lyon Part-Dieu;Lyon;Auvergne-Rhône-Alpes;France;Paris Austerlitz;Paris;Île-de-France;5.81;TGV/Intercités
4401;2021;France;Lyon Part-Dieu;Lyon;Auvergne-Rhône-Alpes;France;Lyon Perrache;Lyon;Auvergne-Rhône-Alpes;0.81;TER/Intercités
4402;2021;France;Lyon Part-Dieu;Lyon;Auvergne-Rhône-Alpes;France;Marseille Saint-Charles;Marseille;Provence-Alpes-Côte d'Azur;0.7;TER/Intercités
4403;2021;France;Lyon Part-Dieu;Lyon;Auvergne-Rhône-Alpes;France;Lille Flandres;Lille;Hauts-de-France;0.78;TER/Intercités
4404;2021;France;Lyon Part-Dieu;Lyon;Auvergne-Rhône-Alpes;France;Lille Europe;Lille;Hauts-de-France;0.66;TER/Intercités
4405;2021;France;Lyon Part-Dieu;Lyon;Auvergne-Rhône-Alpes;France;Bordeaux Saint-Jean;Bordeaux;Nouvelle-Aquitaine;0.84;TER/Intercités
4406;2021;France;Lyon Part-Dieu;Lyon;Auvergne-Rhône-Alpes;France;Toulouse Matabiau;Toulouse;Occitanie;0.69;TER/Intercités
4407;2021;France;Lyon Part-Dieu;Lyon;Auvergne-Rhône-Alpes;France;Nantes;Nantes;Pays de la Loire;0.7;TER/Intercités
4408;2021;France;Lyon Part-Dieu;Lyon;Auvergne-Rhône-Alpes;France;Rennes;Rennes;Bretagne;0.66;TER/Intercités
4409;2021;France;Lyon Part-Dieu;Lyon;Auvergne-Rhône-Alpes;France;Strasbourg;Strasbourg;Grand Est;0.68;TER/Intercités
4410;2021;France;Lyon Perrache;Lyon;Auvergne-Rhône-Alpes;France;Paris Gare du Nord;Paris;Île-de-France;5.88;TGV/Intercités
4411;2021;France;Lyon Perrache;Lyon;Auvergne-Rhône-Alpes;France;Paris Gare de Lyon;Paris;Île-de-France;6.18;TGV/Intercités
4412;2021;France;Lyon Perrache;Lyon;Auvergne-Rhône-Alpes;France;Paris Saint-Lazare;Paris;Île-de-France;6.12;TGV/Intercités
4413;2021;France;Lyon Perrache;Lyon;Auvergne-Rhône-Alpes;France;Paris Montparnasse;Paris;Île-de-France;6.43;TGV/Intercités
4414;2021;France;Lyon Perrache;Lyon;Auvergne-Rhône-Alpes;France;Paris Est;Paris;Île-de-France;5.0;TGV/Intercités
4415;2021;France;Lyon Perrache;Lyon;Auvergne-Rhône-Alpes;France;Paris Austerlitz;Paris;Île-de-France;5.66;TGV/Intercités
4416;2021;France;Lyon Perrache;Lyon;Auvergne-Rhône-Alpes;France;Lyon Part-Dieu;Lyon;Auvergne-Rhône-Alpes;0.66;TER/Intercités
4417;2021;France;Lyon Perrache;Lyon;Auvergne-Rhône-Alpes;France;Marseille Saint-Charles;Marseille;Provence-Alpes-Côte d'Azur;0.7;TER/Intercités
4418;2021;France;Lyon Perrache;Lyon;Auvergne-Rhône-Alpes;France;Lille Flandres;Lille;Hauts-de-France;0.76;TER/Intercités
4419;2021;France;Lyon Perrache;Lyon;Auvergne-Rhône-Alpes;France;Lille Europe;Lille;Hauts-de-France;0.84;TER/Intercités
4420;2021;France;Lyon Perrache;Lyon;Auvergne-Rhône-Alpes;France;Bordeaux Saint-Jean;Bordeaux;Nouvelle-Aquitaine;0.81;TER/Intercités
4421;2021;France;Lyon Perrache;Lyon;Auvergne-Rhône-Alpes;France;Toulouse Matabiau;Toulouse;Occitanie;0.68;TER/Intercités
4422;2021;France;Lyon Perrache;Lyon;Auvergne-Rhône-Alpes;France;Nantes;Nantes;Pays de la Loire;0.7;TER/Intercités
4423;2021;France;Lyon Perrache;Lyon;Auvergne-Rhône-Alpes;France;Rennes;Rennes;Bretagne;0.84;TER/Intercités
4424;2021;France;Lyon Perrache;Lyon;Auvergne-Rhône-Alpes;France;Strasbourg;Strasbourg;Grand Est;0.81;TER/Intercités
4425;2021;France;Marseille Saint-Charles;Marseille;Provence-Alpes-Côte d'Azur;France;Paris Gare du Nord;Paris;Île-de-France;3.9;TGV/Intercités
4426;2021;France;Marseille Saint-Charles;Marseille;Provence-Alpes-Côte d'Azur;France;Paris Gare de Lyon;Paris;Île-de-France;4.16;TGV/Intercités
4427;2021;France;Marseille Saint-Charles;Marseille;Provence-Alpes-Côte d'Azur;France;Paris Saint-Lazare;Paris;Île-de-France;4.93;TGV/Intercités
4428;2021;France;Marseille Saint-Charles;Marseille;Provence-Alpes-Côte d'Azur;France;Paris Montparnasse;Paris;Île-de-France;5.07;TGV/Intercités
4429;2021;France;Marseille Saint-Charles;Marseille;Provence-Alpes-Côte d'Azur;France;Paris Est;Paris;Île-de-France;4.89;TGV/Intercités
4430;2021;France;Marseille Saint-Charles;Marseille;Provence-Alpes-Côte d'Azur;France;Paris Austerlitz;Paris;Île-de-France;4.0;TGV/Intercités
4431;2021;France;Marseille Saint-Charles;Marseille;Provence-Alpes-Côte d'Azur;France;Lyon Part-Dieu;Lyon;Auvergne-Rhône-Alpes;0.75;TER/Intercités
4432;2021;France;Marseille Saint-Charles;Marseille;Provence-Alpes-Côte d'Azur;France;Lyon Perrache;Lyon;Auvergne-Rhône-Alpes;0.78;TER/Intercités
4433;2021;France;Marseille Saint-Charles;Marseille;Provence-Alpes-Côte d'Azur;France;Lille Flandres;Lille;Hauts-de-France;0.66;TER/Intercités
4434;2021;France;Marseille Saint-Charles;Marseille;Provence-Alpes-Côte d'Azur;France;Lille Europe;Lille;Hauts-de-France;0.7;TER/Intercités
4435;2021;France;Marseille Saint-Charles;Marseille;Provence-Alpes-Côte d'Azur;France;Bordeaux Saint-Jean;Bordeaux;Nouvelle-Aquitaine;0.64;TER/Intercités
4436;2021;France;Marseille Saint-Charles;Marseille;Provence-Alpes-Côte d'Azur;France;Toulouse Matabiau;Toulouse;Occitanie;0.71;TER/Intercités
4437;2021;France;Marseille Saint-Charles;Marseille;Provence-Alpes-Côte d'Azur;France;Nantes;Nantes;Pays de la Loire;0.78;TER/Intercités
4438;2021;France;Marseille Saint-Charles;Marseille;Provence-Alpes-Côte d'Azur;France;Rennes;Rennes;Bretagne;0.82;TER/Intercités
4439;2021;France;Marseille Saint-Charles;Marseille;Provence-Alpes-Côte d'Azur;France;Strasbourg;Strasbourg;Grand Est;0.67;TER/Intercités
4440;2021;France;Lille Flandres;Lille;Hauts-de-France;France;Paris Gare du Nord;Paris;Île-de-France;4.45;TGV/Intercités
4441;2021;France;Lille Flandres;Lille;Hauts-de-France;France;Paris Gare de Lyon;Paris;Île-de-France;4.4;TGV/Intercités
4442;2021;France;Lille Flandres;Lille;Hauts-de-France;France;Paris Saint-Lazare;Paris;Île-de-France;5.67;TGV/Intercités
4443;2021;France;Lille Flandres;Lille;Hauts-de-France;France;Paris Montparnasse;Paris;Île-de-France;4.96;TGV/Intercités
4444;2021;France;Lille Flandres;Lille;Hauts-de-France;France;Paris Est;Paris;Île-de-France;5.82;TGV/Intercités
4445;2021;France;Lille Flandres;Lille;Hauts-de-France;France;Paris Austerlitz;Paris;Île-de-France;4.92;TGV/Intercités
4446;2021;France;Lille Flandres;Lille;Hauts-de-France;France;Lyon Part-Dieu;Lyon;Auvergne-Rhône-Alpes;0.7;TER/Intercités
4447;2021;France;Lille Flandres;Lille;Hauts-de-France;France;Lyon Perrache;Lyon;Auvergne-Rhône-Alpes;0.77;TER/Intercités
4448;2021;France;Lille Flandres;Lille;Hauts-de-France;France;Marseille Saint-Charles;Marseille;Provence-Alpes-Côte d'Azur;0.75;TER/Intercités
4449;2021;France;Lille Flandres;Lille;Hauts-de-France;France;Lille Europe;Lille;Hauts-de-France;0.82;TER/Intercités
4450;2021;France;Lille Flandres;Lille;Hauts-de-France;France;Bordeaux Saint-Jean;Bordeaux;Nouvelle-Aquitaine;0.67;TER/Intercités
4451;2021;France;Lille Flandres;Lille;Hauts-de-France;France;Toulouse Matabiau;Toulouse;Occitanie;0.74;TER/Intercités
4452;2021;France;Lille Flandres;Lille;Hauts-de-France;France;Nantes;Nantes;Pays de la Loire;0.77;TER/Intercités
4453;2021;France;Lille Flandres;Lille;Hauts-de-France;France;Rennes;Rennes;Bretagne;0.72;TER/Intercités
4454;2021;France;Lille Flandres;Lille;Hauts-de-France;France;Strasbourg;Strasbourg;Grand Est;0.84;TER/Intercités
4455;2021;France;Lille Europe;Lille;Hauts-de-France;France;Paris Gare du Nord;Paris;Île-de-France;4.59;TGV/Intercités
4456;2021;France;Lille Europe;Lille;Hauts-de-France;France;Paris Gare de Lyon;Paris;Île-de-France;5.25;TGV/Intercités
4457;2021;France;Lille Europe;Lille;Hauts-de-France;France;Paris Saint-Lazare;Paris;Île-de-France;5.46;TGV/Intercités
4458;2021;France;Lille Europe;Lille;Hauts-de-France;France;Paris Montparnasse;Paris;Île-de-France;5.65;TGV/Intercités
4459;2021;France;Lille Europe;Lille;Hauts-de-France;France;Paris Est;Paris;Île-de-France;5.63;TGV/Intercités
4460;2021;France;Lille Europe;Lille;Hauts-de-France;France;Paris Austerlitz;Paris;Île-de-France;5.14;TGV/Intercités
4461;2021;France;Lille Europe;Lille;Hauts-de-France;France;Lyon Part-Dieu;Lyon;Auvergne-Rhône-Alpes;0.69;TER/Intercités
4462;2021;France;Lille Europe;Lille;Hauts-de-France;France;Lyon Perrache;Lyon;Auvergne-Rhône-Alpes;0.74;TER/Intercités
4463;2021;France;Lille Europe;Lille;Hauts-de-France;France;Marseille Saint-Charles;Marseille;Provence-Alpes-Côte d'Azur;0.76;TER/Intercités
4464;2021;France;Lille Europe;Lille;Hauts-de-France;France;Lille Flandres;Lille;Hauts-de-France;0.72;TER/Intercités
4465;2021;France;Lille Europe;Lille;Hauts-de-France;France;Bordeaux Saint-Jean;Bordeaux;Nouvelle-Aquitaine;0.68;TER/Intercités
4466;2021;France;Lille Europe;Lille;Hauts-de-France;France;Toulouse Matabiau;Toulouse;Occitanie;0.77;TER/Intercités
4467;2021;France;Lille Europe;Lille;Hauts-de-France;France;Nantes;Nantes;Pays de la Loire;0.78;TER/Intercités
4468;2021;France;Lille Europe;Lille;Hauts-de-France;France;Rennes;Rennes;Bretagne;0.75;TER/Intercités
4469;2021;France;Lille Europe;Lille;Hauts-de-France;France;Strasbourg;Strasbourg;Grand Est;0.67;TER/Intercités
4470;2021;France;Bordeaux Saint-Jean;Bordeaux;Nouvelle-Aquitaine;France;Paris Gare du Nord;Paris;Île-de-France;3.61;TGV/Intercités
4471;2021;France;Bordeaux Saint-Jean;Bordeaux;Nouvelle-Aquitaine;France;Paris Gare de Lyon;Paris;Île-de-France;3.14;TGV/Intercités
4472;2021;France;Bordeaux Saint-Jean;Bordeaux;Nouvelle-Aquitaine;France;Paris Saint-Lazare;Paris;Île-de-France;3.36;TGV/Intercités
4473;2021;France;Bordeaux Saint-Jean;Bordeaux;Nouvelle-Aquitaine;France;Paris Montparnasse;Paris;Île-de-France;4.09;TGV/Intercités
4474;2021;France;Bordeaux Saint-Jean;Bordeaux;Nouvelle-Aquitaine;France;Paris Est;Paris;Île-de-France;3.29;TGV/Intercités
4475;2021;France;Bordeaux Saint-Jean;Bordeaux;Nouvelle-Aquitaine;France;Paris Austerlitz;Paris;Île-de-France;3.48;TGV/Intercités
4476;2021;France;Bordeaux Saint-Jean;Bordeaux;Nouvelle-Aquitaine;France;Lyon Part-Dieu;Lyon;Auvergne-Rhône-Alpes;0.72;TER/Intercités
4477;2021;France;Bordeaux Saint-Jean;Bordeaux;Nouvelle-Aquitaine;France;Lyon Perrache;Lyon;Auvergne-Rhône-Alpes;0.75;TER/Intercités
4478;2021;France;Bordeaux Saint-Jean;Bordeaux;Nouvelle-Aquitaine;France;Marseille Saint-Charles;Marseille;Provence-Alpes-Côte d'Azur;0.67;TER/Intercités
4479;2021;France;Bordeaux Saint-Jean;Bordeaux;Nouvelle-Aquitaine;France;Lille Flandres;Lille;Hauts-de-France;0.8;TER/Intercités
4480;2021;France;Bordeaux Saint-Jean;Bordeaux;Nouvelle-Aquitaine;France;Lille Europe;Lille;Hauts-de-France;0.71;TER/Intercités
4481;2021;France;Bordeaux Saint-Jean;Bordeaux;Nouvelle-Aquitaine;France;Toulouse Matabiau;Toulouse;Occitanie;0.79;TER/Intercités
4482;2021;France;Bordeaux Saint-Jean;Bordeaux;Nouvelle-Aquitaine;France;Nantes;Nantes;Pays de la Loire;0.84;TER/Intercités
4483;2021;France;Bordeaux Saint-Jean;Bordeaux;Nouvelle-Aquitaine;France;Rennes;Rennes;Bretagne;0.82;TER/Intercités
4484;2021;France;Bordeaux Saint-Jean;Bordeaux;Nouvelle-Aquitaine;France;Strasbourg;Strasbourg;Grand Est;0.7;TER/Intercités
4485;2021;France;Toulouse Matabiau;Toulouse;Occitanie;France;Paris Gare du Nord;Paris;Île-de-France;2.59;TGV/Intercités
4486;2021;France;Toulouse Matabiau;Toulouse;Occitanie;France;Paris Gare de Lyon;Paris;Île-de-France;2.83;TGV/Intercités
4487;2021;France;Toulouse Matabiau;Toulouse;Occitanie;France;Paris Saint-Lazare;Paris;Île-de-France;3.29;TGV/Intercités
4488;2021;France;Toulouse Matabiau;Toulouse;Occitanie;France;Paris Montparnasse;Paris;Île-de-France;2.94;TGV/Intercités
4489;2021;France;Toulouse Matabiau;Toulouse;Occitanie;France;Paris Est;Paris;Île-de-France;2.95;TGV/Intercités
4490;2021;France;Toulouse Matabiau;Toulouse;Occitanie;France;Paris Austerlitz;Paris;Île-de-France;3.0;TGV/Intercités
4491;2021;France;Toulouse Matabiau;Toulouse;Occitanie;France;Lyon Part-Dieu;Lyon;Auvergne-Rhône-Alpes;0.71;TER/Intercités
4492;2021;France;Toulouse Matabiau;Toulouse;Occitanie;France;Lyon Perrache;Lyon;Auvergne-Rhône-Alpes;0.77;TER/Intercités
4493;2021;France;Toulouse Matabiau;Toulouse;Occitanie;France;Marseille Saint-Charles;Marseille;Provence-Alpes-Côte d'Azur;0.69;TER/Intercités
4494;2021;France;Toulouse Matabiau;Toulouse;Occitanie;France;Lille Flandres;Lille;Hauts-de-France;0.8;TER/Intercités
4495;2021;France;Toulouse Matabiau;Toulouse;Occitanie;France;Lille Europe;Lille;Hauts-de-France;0.83;TER/Intercités
4496;2021;France;Toulouse Matabiau;Toulouse;Occitanie;France;Bordeaux Saint-Jean;Bordeaux;Nouvelle-Aquitaine;0.79;TER/Intercités
4497;2021;France;Toulouse Matabiau;Toulouse;Occitanie;France;Nantes;Nantes;Pays de la Loire;0.7;TER/Intercités
4498;2021;France;Toulouse Matabiau;Toulouse;Occitanie;France;Rennes;Rennes;Bretagne;0.69;TER/Intercités
4499;2021;France;Toulouse Matabiau;Toulouse;Occitanie;France;Strasbourg;Strasbourg;Grand Est;0.71;TER/Intercités
4500;2021;France;Nantes;Nantes;Pays de la Loire;France;Paris Gare du Nord;Paris;Île-de-France;3.2;TGV/Intercités
4501;2021;France;Nantes;Nantes;Pays de la Loire;France;Paris Gare de Lyon;Paris;Île-de-France;3.05;TGV/Intercités
4502;2021;France;Nantes;Nantes;Pays de la Loire;France;Paris Saint-Lazare;Paris;Île-de-France;3.14;TGV/Intercités
4503;2021;France;Nantes;Nantes;Pays de la Loire;France;Paris Montparnasse;Paris;Île-de-France;2.88;TGV/Intercités
4504;2021;France;Nantes;Nantes;Pays de la Loire;France;Paris Est;Paris;Île-de-France;2.62;TGV/Intercités
4505;2021;France;Nantes;Nantes;Pays de la Loire;France;Paris Austerlitz;Paris;Île-de-France;2.55;TGV/Intercités
4506;2021;France;Nantes;Nantes;Pays de la Loire;France;Lyon Part-Dieu;Lyon;Auvergne-Rhône-Alpes;0.8;TER/Intercités
4507;2021;France;Nantes;Nantes;Pays de la Loire;France;Lyon Perrache;Lyon;Auvergne-Rhône-Alpes;0.81;TER/Intercités
4508;2021;France;Nantes;Nantes;Pays de la Loire;France;Marseille Saint-Charles;Marseille;Provence-Alpes-Côte d'Azur;0.8;TER/Intercités
4509;2021;France;Nantes;Nantes;Pays de la Loire;France;Lille Flandres;Lille;Hauts-de-France;0.71;TER/Intercités
4510;2021;France;Nantes;Nantes;Pays de la Loire;France;Lille Europe;Lille;Hauts-de-France;0.67;TER/Intercités
4511;2021;France;Nantes;Nantes;Pays de la Loire;France;Bordeaux Saint-Jean;Bordeaux;Nouvelle-Aquitaine;0.69;TER/Intercités
4512;2021;France;Nantes;Nantes;Pays de la Loire;France;Toulouse Matabiau;Toulouse;Occitanie;0.76;TER/Intercités
4513;2021;France;Nantes;Nantes;Pays de la Loire;France;Rennes;Rennes;Bretagne;0.63;TER/Intercités
4514;2021;France;Nantes;Nantes;Pays de la Loire;France;Strasbourg;Strasbourg;Grand Est;0.65;TER/Intercités
4515;2021;France;Rennes;Rennes;Bretagne;France;Paris Gare du Nord;Paris;Île-de-France;2.94;TGV/Intercités
4516;2021;France;Rennes;Rennes;Bretagne;France;Paris Gare de Lyon;Paris;Île-de-France;2.67;TGV/Intercités
4517;2021;France;Rennes;Rennes;Bretagne;France;Paris Saint-Lazare;Paris;Île-de-France;3.27;TGV/Intercités
4518;2021;France;Rennes;Rennes;Bretagne;France;Paris Montparnasse;Paris;Île-de-France;3.28;TGV/Intercités
4519;2021;France;Rennes;Rennes;Bretagne;France;Paris Est;Paris;Île-de-France;2.99;TGV/Intercités
4520;2021;France;Rennes;Rennes;Bretagne;France;Paris Austerlitz;Paris;Île-de-France;3.27;TGV/Intercités
4521;2021;France;Rennes;Rennes;Bretagne;France;Lyon Part-Dieu;Lyon;Auvergne-Rhône-Alpes;0.65;TER/Intercités
4522;2021;France;Rennes;Rennes;Bretagne;France;Lyon Perrache;Lyon;Auvergne-Rhône-Alpes;0.75;TER/Intercités
4523;2021;France;Rennes;Rennes;Bretagne;France;Marseille Saint-Charles;Marseille;Provence-Alpes-Côte d'Azur;0.65;TER/Intercités
4524;2021;France;Rennes;Rennes;Bretagne;France;Lille Flandres;Lille;Hauts-de-France;0.67;TER/Intercités
4525;2021;France;Rennes;Rennes;Bretagne;France;Lille Europe;Lille;Hauts-de-France;0.8;TER/Intercités
4526;2021;France;Rennes;Rennes;Bretagne;France;Bordeaux Saint-Jean;Bordeaux;Nouvelle-Aquitaine;0.68;TER/Intercités
4527;2021;France;Rennes;Rennes;Bretagne;France;Toulouse Matabiau;Toulouse;Occitanie;0.74;TER/Intercités
4528;2021;France;Rennes;Rennes;Bretagne;France;Nantes;Nantes;Pays de la Loire;0.66;TER/Intercités
4529;2021;France;Rennes;Rennes;Bretagne;France;Strasbourg;Strasbourg;Grand Est;0.78;TER/Intercités
4530;2021;France;Strasbourg;Strasbourg;Grand Est;France;Paris Gare du Nord;Paris;Île-de-France;3.22;TGV/Intercités
4531;2021;France;Strasbourg;Strasbourg;Grand Est;France;Paris Gare de Lyon;Paris;Île-de-France;2.68;TGV/Intercités
4532;2021;France;Strasbourg;Strasbourg;Grand Est;France;Paris Saint-Lazare;Paris;Île-de-France;2.59;TGV/Intercités
4533;2021;France;Strasbourg;Strasbourg;Grand Est;France;Paris Montparnasse;Paris;Île-de-France;3.31;TGV/Intercités
4534;2021;France;Strasbourg;Strasbourg;Grand Est;France;Paris Est;Paris;Île-de-France;3.18;TGV/Intercités
4535;2021;France;Strasbourg;Strasbourg;Grand Est;France;Paris Austerlitz;Paris;Île-de-France;3.3;TGV/Intercités
4536;2021;France;Strasbourg;Strasbourg;Grand Est;France;Lyon Part-Dieu;Lyon;Auvergne-Rhône-Alpes;0.82;TER/Intercités
4537;2021;France;Strasbourg;Strasbourg;Grand Est;France;Lyon Perrache;Lyon;Auvergne-Rhône-Alpes;0.82;TER/Intercités
4538;2021;France;Strasbourg;Strasbourg;Grand Est;France;Marseille Saint-Charles;Marseille;Provence-Alpes-Côte d'Azur;0.67;TER/Intercités
4539;2021;France;Strasbourg;Strasbourg;Grand Est;France;Lille Flandres;Lille;Hauts-de-France;0.78;TER/Intercités
4540;2021;France;Strasbourg;Strasbourg;Grand Est;France;Lille Europe;Lille;Hauts-de-France;0.75;TER/Intercités
4541;2021;France;Strasbourg;Strasbourg;Grand Est;France;Bordeaux Saint-Jean;Bordeaux;Nouvelle-Aquitaine;0.7;TER/Intercités
4542;2021;France;Strasbourg;Strasbourg;Grand Est;France;Toulouse Matabiau;Toulouse;Occitanie;0.66;TER/Intercités
4543;2021;France;Strasbourg;Strasbourg;Grand Est;France;Nantes;Nantes;Pays de la Loire;0.71;TER/Intercités
4544;2021;France;Strasbourg;Strasbourg;Grand Est;France;Rennes;Rennes;Bretagne;0.7;TER/Intercités
4545;2022;France;Paris Gare du Nord;Paris;Île-de-France;France;Paris Gare de Lyon;Paris;Île-de-France;1.09;TGV/Intercités
4546;2022;France;Paris Gare du Nord;Paris;Île-de-France;France;Paris Saint-Lazare;Paris;Île-de-France;1.21;TGV/Intercités
4547;2022;France;Paris Gare du Nord;Paris;Île-de-France;France;Paris Montparnasse;Paris;Île-de-France;0.94;TGV/Intercités
4548;2022;France;Paris Gare du Nord;Paris;Île-de-France;France;Paris Est;Paris;Île-de-France;1.09;TGV/Intercités
4549;2022;France;Paris Gare du Nord;Paris;Île-de-France;France;Paris Austerlitz;Paris;Île-de-France;1.05;TGV/Intercités
4550;2022;France;Paris Gare du Nord;Paris;Île-de-France;France;Lyon Part-Dieu;Lyon;Auvergne-Rhône-Alpes;8.26;TGV/Intercités
4551;2022;France;Paris Gare du Nord;Paris;Île-de-France;France;Lyon Perrache;Lyon;Auvergne-Rhône-Alpes;7.66;TGV/Intercités
4552;2022;France;Paris Gare du Nord;Paris;Île-de-France;France;Marseille Saint-Charles;Marseille;Provence-Alpes-Côte d'Azur;7.2;TGV/Intercités
4553;2022;France;Paris Gare du Nord;Paris;Île-de-France;France;Lille Flandres;Lille;Hauts-de-France;7.59;TGV/Intercités
4554;2022;France;Paris Gare du Nord;Paris;Île-de-France;France;Lille Europe;Lille;Hauts-de-France;7.95;TGV/Intercités
4555;2022;France;Paris Gare du Nord;Paris;Île-de-France;France;Bordeaux Saint-Jean;Bordeaux;Nouvelle-Aquitaine;4.59;TGV/Intercités
4556;2022;France;Paris Gare du Nord;Paris;Île-de-France;France;Toulouse Matabiau;Toulouse;Occitanie;4.23;TGV/Intercités
4557;2022;France;Paris Gare du Nord;Paris;Île-de-France;France;Nantes;Nantes;Pays de la Loire;4.72;TGV/Intercités
4558;2022;France;Paris Gare du Nord;Paris;Île-de-France;France;Rennes;Rennes;Bretagne;3.93;TGV/Intercités
4559;2022;France;Paris Gare du Nord;Paris;Île-de-France;France;Strasbourg;Strasbourg;Grand Est;3.66;TGV/Intercités
4560;2022;France;Paris Gare de Lyon;Paris;Île-de-France;France;Paris Gare du Nord;Paris;Île-de-France;1.21;TGV/Intercités
4561;2022;France;Paris Gare de Lyon;Paris;Île-de-France;France;Paris Saint-Lazare;Paris;Île-de-France;0.93;TGV/Intercités
4562;2022;France;Paris Gare de Lyon;Paris;Île-de-France;France;Paris Montparnasse;Paris;Île-de-France;1.22;TGV/Intercités
4563;2022;France;Paris Gare de Lyon;Paris;Île-de-France;France;Paris Est;Paris;Île-de-France;0.98;TGV/Intercités
4564;2022;France;Paris Gare de Lyon;Paris;Île-de-France;France;Paris Austerlitz;Paris;Île-de-France;0.94;TGV/Intercités
4565;2022;France;Paris Gare de Lyon;Paris;Île-de-France;France;Lyon Part-Dieu;Lyon;Auvergne-Rhône-Alpes;7.45;TGV/Intercités
4566;2022;France;Paris Gare de Lyon;Paris;Île-de-France;France;Lyon Perrache;Lyon;Auvergne-Rhône-Alpes;9.63;TGV/Intercités
4567;2022;France;Paris Gare de Lyon;Paris;Île-de-France;France;Marseille Saint-Charles;Marseille;Provence-Alpes-Côte d'Azur;6.71;TGV/Intercités
4568;2022;France;Paris Gare de Lyon;Paris;Île-de-France;France;Lille Flandres;Lille;Hauts-de-France;8.08;TGV/Intercités
4569;2022;France;Paris Gare de Lyon;Paris;Île-de-France;France;Lille Europe;Lille;Hauts-de-France;7.26;TGV/Intercités
4570;2022;France;Paris Gare de Lyon;Paris;Île-de-France;France;Bordeaux Saint-Jean;Bordeaux;Nouvelle-Aquitaine;5.31;TGV/Intercités
4571;2022;France;Paris Gare de Lyon;Paris;Île-de-France;France;Toulouse Matabiau;Toulouse;Occitanie;4.15;TGV/Intercités
4572;2022;France;Paris Gare de Lyon;Paris;Île-de-France;France;Nantes;Nantes;Pays de la Loire;4.03;TGV/Intercités
4573;2022;France;Paris Gare de Lyon;Paris;Île-de-France;France;Rennes;Rennes;Bretagne;4.44;TGV/Intercités
4574;2022;France;Paris Gare de Lyon;Paris;Île-de-France;France;Strasbourg;Strasbourg;Grand Est;3.88;TGV/Intercités
4575;2022;France;Paris Saint-Lazare;Paris;Île-de-France;France;Paris Gare du Nord;Paris;Île-de-France;1.09;TGV/Intercités
4576;2022;France;Paris Saint-Lazare;Paris;Île-de-France;France;Paris Gare de Lyon;Paris;Île-de-France;1.09;TGV/Intercités
4577;2022;France;Paris Saint-Lazare;Paris;Île-de-France;France;Paris Montparnasse;Paris;Île-de-France;0.92;TGV/Intercités
4578;2022;France;Paris Saint-Lazare;Paris;Île-de-France;France;Paris Est;Paris;Île-de-France;1.21;TGV/Intercités
4579;2022;France;Paris Saint-Lazare;Paris;Île-de-France;France;Paris Austerlitz;Paris;Île-de-France;0.98;TGV/Intercités
4580;2022;France;Paris Saint-Lazare;Paris;Île-de-France;France;Lyon Part-Dieu;Lyon;Auvergne-Rhône-Alpes;8.17;TGV/Intercités
4581;2022;France;Paris Saint-Lazare;Paris;Île-de-France;France;Lyon Perrache;Lyon;Auvergne-Rhône-Alpes;9.16;TGV/Intercités
4582;2022;France;Paris Saint-Lazare;Paris;Île-de-France;France;Marseille Saint-Charles;Marseille;Provence-Alpes-Côte d'Azur;6.51;TGV/Intercités
4583;2022;France;Paris Saint-Lazare;Paris;Île-de-France;France;Lille Flandres;Lille;Hauts-de-France;7.21;TGV/Intercités
4584;2022;France;Paris Saint-Lazare;Paris;Île-de-France;France;Lille Europe;Lille;Hauts-de-France;7.5;TGV/Intercités
4585;2022;France;Paris Saint-Lazare;Paris;Île-de-France;France;Bordeaux Saint-Jean;Bordeaux;Nouvelle-Aquitaine;4.75;TGV/Intercités
4586;2022;France;Paris Saint-Lazare;Paris;Île-de-France;France;Toulouse Matabiau;Toulouse;Occitanie;4.63;TGV/Intercités
4587;2022;France;Paris Saint-Lazare;Paris;Île-de-France;France;Nantes;Nantes;Pays de la Loire;3.72;TGV/Intercités
4588;2022;France;Paris Saint-Lazare;Paris;Île-de-France;France;Rennes;Rennes;Bretagne;3.94;TGV/Intercités
4589;2022;France;Paris Saint-Lazare;Paris;Île-de-France;France;Strasbourg;Strasbourg;Grand Est;4.54;TGV/Intercités
4590;2022;France;Paris Montparnasse;Paris;Île-de-France;France;Paris Gare du Nord;Paris;Île-de-France;1.02;TGV/Intercités
4591;2022;France;Paris Montparnasse;Paris;Île-de-France;France;Paris Gare de Lyon;Paris;Île-de-France;1.14;TGV/Intercités
4592;2022;France;Paris Montparnasse;Paris;Île-de-France;France;Paris Saint-Lazare;Paris;Île-de-France;0.91;TGV/Intercités
4593;2022;France;Paris Montparnasse;Paris;Île-de-France;France;Paris Est;Paris;Île-de-France;1.11;TGV/Intercités
4594;2022;France;Paris Montparnasse;Paris;Île-de-France;France;Paris Austerlitz;Paris;Île-de-France;1.19;TGV/Intercités
4595;2022;France;Paris Montparnasse;Paris;Île-de-France;France;Lyon Part-Dieu;Lyon;Auvergne-Rhône-Alpes;9.23;TGV/Intercités
4596;2022;France;Paris Montparnasse;Paris;Île-de-France;France;Lyon Perrache;Lyon;Auvergne-Rhône-Alpes;8.06;TGV/Intercités
4597;2022;France;Paris Montparnasse;Paris;Île-de-France;France;Marseille Saint-Charles;Marseille;Provence-Alpes-Côte d'Azur;6.95;TGV/Intercités
4598;2022;France;Paris Montparnasse;Paris;Île-de-France;France;Lille Flandres;Lille;Hauts-de-France;7.89;TGV/Intercités
4599;2022;France;Paris Montparnasse;Paris;Île-de-France;France;Lille Europe;Lille;Hauts-de-France;8.04;TGV/Intercités
4600;2022;France;Paris Montparnasse;Paris;Île-de-France;France;Bordeaux Saint-Jean;Bordeaux;Nouvelle-Aquitaine;5.81;TGV/Intercités
4601;2022;France;Paris Montparnasse;Paris;Île-de-France;France;Toulouse Matabiau;Toulouse;Occitanie;4.48;TGV/Intercités
4602;2022;France;Paris Montparnasse;Paris;Île-de-France;France;Nantes;Nantes;Pays de la Loire;4.76;TGV/Intercités
4603;2022;France;Paris Montparnasse;Paris;Île-de-France;France;Rennes;Rennes;Bretagne;4.24;TGV/Intercités
4604;2022;France;Paris Montparnasse;Paris;Île-de-France;France;Strasbourg;Strasbourg;Grand Est;4.43;TGV/Intercités
4605;2022;France;Paris Est;Paris;Île-de-France;France;Paris Gare du Nord;Paris;Île-de-France;0.97;TGV/Intercités
4606;2022;France;Paris Est;Paris;Île-de-France;France;Paris Gare de Lyon;Paris;Île-de-France;1.03;TGV/Intercités
4607;2022;France;Paris Est;Paris;Île-de-France;France;Paris Saint-Lazare;Paris;Île-de-France;0.93;TGV/Intercités
4608;2022;France;Paris Est;Paris;Île-de-France;France;Paris Montparnasse;Paris;Île-de-France;0.92;TGV/Intercités
4609;2022;France;Paris Est;Paris;Île-de-France;France;Paris Austerlitz;Paris;Île-de-France;1.02;TGV/Intercités
4610;2022;France;Paris Est;Paris;Île-de-France;France;Lyon Part-Dieu;Lyon;Auvergne-Rhône-Alpes;7.78;TGV/Intercités
4611;2022;France;Paris Est;Paris;Île-de-France;France;Lyon Perrache;Lyon;Auvergne-Rhône-Alpes;7.34;TGV/Intercités
4612;2022;France;Paris Est;Paris;Île-de-France;France;Marseille Saint-Charles;Marseille;Provence-Alpes-Côte d'Azur;7.11;TGV/Intercités
4613;2022;France;Paris Est;Paris;Île-de-France;France;Lille Flandres;Lille;Hauts-de-France;7.08;TGV/Intercités
4614;2022;France;Paris Est;Paris;Île-de-France;France;Lille Europe;Lille;Hauts-de-France;8.52;TGV/Intercités
4615;2022;France;Paris Est;Paris;Île-de-France;France;Bordeaux Saint-Jean;Bordeaux;Nouvelle-Aquitaine;5.01;TGV/Intercités
4616;2022;France;Paris Est;Paris;Île-de-France;France;Toulouse Matabiau;Toulouse;Occitanie;3.89;TGV/Intercités
4617;2022;France;Paris Est;Paris;Île-de-France;France;Nantes;Nantes;Pays de la Loire;3.82;TGV/Intercités
4618;2022;France;Paris Est;Paris;Île-de-France;France;Rennes;Rennes;Bretagne;4.67;TGV/Intercités
4619;2022;France;Paris Est;Paris;Île-de-France;France;Strasbourg;Strasbourg;Grand Est;4.06;TGV/Intercités
4620;2022;France;Paris Austerlitz;Paris;Île-de-France;France;Paris Gare du Nord;Paris;Île-de-France;1.02;TGV/Intercités
4621;2022;France;Paris Austerlitz;Paris;Île-de-France;France;Paris Gare de Lyon;Paris;Île-de-France;1.14;TGV/Intercités
4622;2022;France;Paris Austerlitz;Paris;Île-de-France;France;Paris Saint-Lazare;Paris;Île-de-France;1.21;TGV/Intercités
4623;2022;France;Paris Austerlitz;Paris;Île-de-France;France;Paris Montparnasse;Paris;Île-de-France;1.16;TGV/Intercités
4624;2022;France;Paris Austerlitz;Paris;Île-de-France;France;Paris Est;Paris;Île-de-France;1.16;TGV/Intercités
4625;2022;France;Paris Austerlitz;Paris;Île-de-France;France;Lyon Part-Dieu;Lyon;Auvergne-Rhône-Alpes;8.59;TGV/Intercités
4626;2022;France;Paris Austerlitz;Paris;Île-de-France;France;Lyon Perrache;Lyon;Auvergne-Rhône-Alpes;8.12;TGV/Intercités
4627;2022;France;Paris Austerlitz;Paris;Île-de-France;France;Marseille Saint-Charles;Marseille;Provence-Alpes-Côte d'Azur;6.0;TGV/Intercités
4628;2022;France;Paris Austerlitz;Paris;Île-de-France;France;Lille Flandres;Lille;Hauts-de-France;7.31;TGV/Intercités
4629;2022;France;Paris Austerlitz;Paris;Île-de-France;France;Lille Europe;Lille;Hauts-de-France;6.67;TGV/Intercités
4630;2022;France;Paris Austerlitz;Paris;Île-de-France;France;Bordeaux Saint-Jean;Bordeaux;Nouvelle-Aquitaine;5.09;TGV/Intercités
4631;2022;France;Paris Austerlitz;Paris;Île-de-France;France;Toulouse Matabiau;Toulouse;Occitanie;4.05;TGV/Intercités
4632;2022;France;Paris Austerlitz;Paris;Île-de-France;France;Nantes;Nantes;Pays de la Loire;3.77;TGV/Intercités
4633;2022;France;Paris Austerlitz;Paris;Île-de-France;France;Rennes;Rennes;Bretagne;4.51;TGV/Intercités
4634;2022;France;Paris Austerlitz;Paris;Île-de-France;France;Strasbourg;Strasbourg;Grand Est;4.56;TGV/Intercités
4635;2022;France;Lyon Part-Dieu;Lyon;Auvergne-Rhône-Alpes;France;Paris Gare du Nord;Paris;Île-de-France;8.49;TGV/Intercités
4636;2022;France;Lyon Part-Dieu;Lyon;Auvergne-Rhône-Alpes;France;Paris Gare de Lyon;Paris;Île-de-France;8.35;TGV/Intercités
4637;2022;France;Lyon Part-Dieu;Lyon;Auvergne-Rhône-Alpes;France;Paris Saint-Lazare;Paris;Île-de-France;8.74;TGV/Intercités
4638;2022;France;Lyon Part-Dieu;Lyon;Auvergne-Rhône-Alpes;France;Paris Montparnasse;Paris;Île-de-France;8.44;TGV/Intercités
4639;2022;France;Lyon Part-Dieu;Lyon;Auvergne-Rhône-Alpes;France;Paris Est;Paris;Île-de-France;8.16;TGV/Intercités
4640;2022;France;Lyon Part-Dieu;Lyon;Auvergne-Rhône-Alpes;France;Paris Austerlitz;Paris;Île-de-France;7.69;TGV/Intercités
4641;2022;France;Lyon Part-Dieu;Lyon;Auvergne-Rhône-Alpes;France;Lyon Perrache;Lyon;Auvergne-Rhône-Alpes;1.13;TER/Intercités
4642;2022;France;Lyon Part-Dieu;Lyon;Auvergne-Rhône-Alpes;France;Marseille Saint-Charles;Marseille;Provence-Alpes-Côte d'Azur;1.1;TER/Intercités
4643;2022;France;Lyon Part-Dieu;Lyon;Auvergne-Rhône-Alpes;France;Lille Flandres;Lille;Hauts-de-France;0.93;TER/Intercités
4644;2022;France;Lyon Part-Dieu;Lyon;Auvergne-Rhône-Alpes;France;Lille Europe;Lille;Hauts-de-France;1.05;TER/Intercités
4645;2022;France;Lyon Part-Dieu;Lyon;Auvergne-Rhône-Alpes;France;Bordeaux Saint-Jean;Bordeaux;Nouvelle-Aquitaine;1.2;TER/Intercités
4646;2022;France;Lyon Part-Dieu;Lyon;Auvergne-Rhône-Alpes;France;Toulouse Matabiau;Toulouse;Occitanie;1.17;TER/Intercités
4647;2022;France;Lyon Part-Dieu;Lyon;Auvergne-Rhône-Alpes;France;Nantes;Nantes;Pays de la Loire;0.96;TER/Intercités
4648;2022;France;Lyon Part-Dieu;Lyon;Auvergne-Rhône-Alpes;France;Rennes;Rennes;Bretagne;0.91;TER/Intercités
4649;2022;France;Lyon Part-Dieu;Lyon;Auvergne-Rhône-Alpes;France;Strasbourg;Strasbourg;Grand Est;0.95;TER/Intercités
4650;2022;France;Lyon Perrache;Lyon;Auvergne-Rhône-Alpes;France;Paris Gare du Nord;Paris;Île-de-France;9.56;TGV/Intercités
4651;2022;France;Lyon Perrache;Lyon;Auvergne-Rhône-Alpes;France;Paris Gare de Lyon;Paris;Île-de-France;7.58;TGV/Intercités
4652;2022;France;Lyon Perrache;Lyon;Auvergne-Rhône-Alpes;France;Paris Saint-Lazare;Paris;Île-de-France;7.66;TGV/Intercités
4653;2022;France;Lyon Perrache;Lyon;Auvergne-Rhône-Alpes;France;Paris Montparnasse;Paris;Île-de-France;9.13;TGV/Intercités
4654;2022;France;Lyon Perrache;Lyon;Auvergne-Rhône-Alpes;France;Paris Est;Paris;Île-de-France;8.93;TGV/Intercités
4655;2022;France;Lyon Perrache;Lyon;Auvergne-Rhône-Alpes;France;Paris Austerlitz;Paris;Île-de-France;8.07;TGV/Intercités
4656;2022;France;Lyon Perrache;Lyon;Auvergne-Rhône-Alpes;France;Lyon Part-Dieu;Lyon;Auvergne-Rhône-Alpes;1.02;TER/Intercités
4657;2022;France;Lyon Perrache;Lyon;Auvergne-Rhône-Alpes;France;Marseille Saint-Charles;Marseille;Provence-Alpes-Côte d'Azur;1.08;TER/Intercités
4658;2022;France;Lyon Perrache;Lyon;Auvergne-Rhône-Alpes;France;Lille Flandres;Lille;Hauts-de-France;1.06;TER/Intercités
4659;2022;France;Lyon Perrache;Lyon;Auvergne-Rhône-Alpes;France;Lille Europe;Lille;Hauts-de-France;0.9;TER/Intercités
4660;2022;France;Lyon Perrache;Lyon;Auvergne-Rhône-Alpes;France;Bordeaux Saint-Jean;Bordeaux;Nouvelle-Aquitaine;0.91;TER/Intercités
4661;2022;France;Lyon Perrache;Lyon;Auvergne-Rhône-Alpes;France;Toulouse Matabiau;Toulouse;Occitanie;1.04;TER/Intercités
4662;2022;France;Lyon Perrache;Lyon;Auvergne-Rhône-Alpes;France;Nantes;Nantes;Pays de la Loire;1.02;TER/Intercités
4663;2022;France;Lyon Perrache;Lyon;Auvergne-Rhône-Alpes;France;Rennes;Rennes;Bretagne;0.92;TER/Intercités
4664;2022;France;Lyon Perrache;Lyon;Auvergne-Rhône-Alpes;France;Strasbourg;Strasbourg;Grand Est;1.21;TER/Intercités
4665;2022;France;Marseille Saint-Charles;Marseille;Provence-Alpes-Côte d'Azur;France;Paris Gare du Nord;Paris;Île-de-France;6.31;TGV/Intercités
4666;2022;France;Marseille Saint-Charles;Marseille;Provence-Alpes-Côte d'Azur;France;Paris Gare de Lyon;Paris;Île-de-France;7.28;TGV/Intercités
4667;2022;France;Marseille Saint-Charles;Marseille;Provence-Alpes-Côte d'Azur;France;Paris Saint-Lazare;Paris;Île-de-France;5.55;TGV/Intercités
4668;2022;France;Marseille Saint-Charles;Marseille;Provence-Alpes-Côte d'Azur;France;Paris Montparnasse;Paris;Île-de-France;5.87;TGV/Intercités
4669;2022;France;Marseille Saint-Charles;Marseille;Provence-Alpes-Côte d'Azur;France;Paris Est;Paris;Île-de-France;6.7;TGV/Intercités
4670;2022;France;Marseille Saint-Charles;Marseille;Provence-Alpes-Côte d'Azur;France;Paris Austerlitz;Paris;Île-de-France;7.1;TGV/Intercités
4671;2022;France;Marseille Saint-Charles;Marseille;Provence-Alpes-Côte d'Azur;France;Lyon Part-Dieu;Lyon;Auvergne-Rhône-Alpes;1.18;TER/Intercités
4672;2022;France;Marseille Saint-Charles;Marseille;Provence-Alpes-Côte d'Azur;France;Lyon Perrache;Lyon;Auvergne-Rhône-Alpes;1.04;TER/Intercités
4673;2022;France;Marseille Saint-Charles;Marseille;Provence-Alpes-Côte d'Azur;France;Lille Flandres;Lille;Hauts-de-France;0.92;TER/Intercités
4674;2022;France;Marseille Saint-Charles;Marseille;Provence-Alpes-Côte d'Azur;France;Lille Europe;Lille;Hauts-de-France;1.13;TER/Intercités
4675;2022;France;Marseille Saint-Charles;Marseille;Provence-Alpes-Côte d'Azur;France;Bordeaux Saint-Jean;Bordeaux;Nouvelle-Aquitaine;0.9;TER/Intercités
4676;2022;France;Marseille Saint-Charles;Marseille;Provence-Alpes-Côte d'Azur;France;Toulouse Matabiau;Toulouse;Occitanie;1.08;TER/Intercités
4677;2022;France;Marseille Saint-Charles;Marseille;Provence-Alpes-Côte d'Azur;France;Nantes;Nantes;Pays de la Loire;1.15;TER/Intercités
4678;2022;France;Marseille Saint-Charles;Marseille;Provence-Alpes-Côte d'Azur;France;Rennes;Rennes;Bretagne;1.05;TER/Intercités
4679;2022;France;Marseille Saint-Charles;Marseille;Provence-Alpes-Côte d'Azur;France;Strasbourg;Strasbourg;Grand Est;0.94;TER/Intercités
4680;2022;France;Lille Flandres;Lille;Hauts-de-France;France;Paris Gare du Nord;Paris;Île-de-France;8.0;TGV/Intercités
4681;2022;France;Lille Flandres;Lille;Hauts-de-France;France;Paris Gare de Lyon;Paris;Île-de-France;6.74;TGV/Intercités
4682;2022;France;Lille Flandres;Lille;Hauts-de-France;France;Paris Saint-Lazare;Paris;Île-de-France;7.93;TGV/Intercités
4683;2022;France;Lille Flandres;Lille;Hauts-de-France;France;Paris Montparnasse;Paris;Île-de-France;8.46;TGV/Intercités
4684;2022;France;Lille Flandres;Lille;Hauts-de-France;France;Paris Est;Paris;Île-de-France;6.36;TGV/Intercités
4685;2022;France;Lille Flandres;Lille;Hauts-de-France;France;Paris Austerlitz;Paris;Île-de-France;7.83;TGV/Intercités
4686;2022;France;Lille Flandres;Lille;Hauts-de-France;France;Lyon Part-Dieu;Lyon;Auvergne-Rhône-Alpes;1.1;TER/Intercités
4687;2022;France;Lille Flandres;Lille;Hauts-de-France;France;Lyon Perrache;Lyon;Auvergne-Rhône-Alpes;1.06;TER/Intercités
4688;2022;France;Lille Flandres;Lille;Hauts-de-France;France;Marseille Saint-Charles;Marseille;Provence-Alpes-Côte d'Azur;1.19;TER/Intercités
4689;2022;France;Lille Flandres;Lille;Hauts-de-France;France;Lille Europe;Lille;Hauts-de-France;1.11;TER/Intercités
4690;2022;France;Lille Flandres;Lille;Hauts-de-France;France;Bordeaux Saint-Jean;Bordeaux;Nouvelle-Aquitaine;1.05;TER/Intercités
4691;2022;France;Lille Flandres;Lille;Hauts-de-France;France;Toulouse Matabiau;Toulouse;Occitanie;0.93;TER/Intercités
4692;2022;France;Lille Flandres;Lille;Hauts-de-France;France;Nantes;Nantes;Pays de la Loire;0.98;TER/Intercités
4693;2022;France;Lille Flandres;Lille;Hauts-de-France;France;Rennes;Rennes;Bretagne;1.08;TER/Intercités
4694;2022;France;Lille Flandres;Lille;Hauts-de-France;France;Strasbourg;Strasbourg;Grand Est;0.9;TER/Intercités
4695;2022;France;Lille Europe;Lille;Hauts-de-France;France;Paris Gare du Nord;Paris;Île-de-France;8.53;TGV/Intercités
4696;2022;France;Lille Europe;Lille;Hauts-de-France;France;Paris Gare de Lyon;Paris;Île-de-France;6.95;TGV/Intercités
4697;2022;France;Lille Europe;Lille;Hauts-de-France;France;Paris Saint-Lazare;Paris;Île-de-France;8.35;TGV/Intercités
4698;2022;France;Lille Europe;Lille;Hauts-de-France;France;Paris Montparnasse;Paris;Île-de-France;7.03;TGV/Intercités
4699;2022;France;Lille Europe;Lille;Hauts-de-France;France;Paris Est;Paris;Île-de-France;6.82;TGV/Intercités
4700;2022;France;Lille Europe;Lille;Hauts-de-France;France;Paris Austerlitz;Paris;Île-de-France;8.12;TGV/Intercités
4701;2022;France;Lille Europe;Lille;Hauts-de-France;France;Lyon Part-Dieu;Lyon;Auvergne-Rhône-Alpes;1.11;TER/Intercités
4702;2022;France;Lille Europe;Lille;Hauts-de-France;France;Lyon Perrache;Lyon;Auvergne-Rhône-Alpes;1.1;TER/Intercités
4703;2022;France;Lille Europe;Lille;Hauts-de-France;France;Marseille Saint-Charles;Marseille;Provence-Alpes-Côte d'Azur;1.19;TER/Intercités
4704;2022;France;Lille Europe;Lille;Hauts-de-France;France;Lille Flandres;Lille;Hauts-de-France;1.03;TER/Intercités
4705;2022;France;Lille Europe;Lille;Hauts-de-France;France;Bordeaux Saint-Jean;Bordeaux;Nouvelle-Aquitaine;1.04;TER/Intercités
4706;2022;France;Lille Europe;Lille;Hauts-de-France;France;Toulouse Matabiau;Toulouse;Occitanie;1.11;TER/Intercités
4707;2022;France;Lille Europe;Lille;Hauts-de-France;France;Nantes;Nantes;Pays de la Loire;1.07;TER/Intercités
4708;2022;France;Lille Europe;Lille;Hauts-de-France;France;Rennes;Rennes;Bretagne;1.1;TER/Intercités
4709;2022;France;Lille Europe;Lille;Hauts-de-France;France;Strasbourg;Strasbourg;Grand Est;0.98;TER/Intercités
4710;2022;France;Bordeaux Saint-Jean;Bordeaux;Nouvelle-Aquitaine;France;Paris Gare du Nord;Paris;Île-de-France;4.85;TGV/Intercités
4711;2022;France;Bordeaux Saint-Jean;Bordeaux;Nouvelle-Aquitaine;France;Paris Gare de Lyon;Paris;Île-de-France;4.74;TGV/Intercités
4712;2022;France;Bordeaux Saint-Jean;Bordeaux;Nouvelle-Aquitaine;France;Paris Saint-Lazare;Paris;Île-de-France;5.5;TGV/Intercités
4713;2022;France;Bordeaux Saint-Jean;Bordeaux;Nouvelle-Aquitaine;France;Paris Montparnasse;Paris;Île-de-France;4.79;TGV/Intercités
4714;2022;France;Bordeaux Saint-Jean;Bordeaux;Nouvelle-Aquitaine;France;Paris Est;Paris;Île-de-France;5.3;TGV/Intercités
4715;2022;France;Bordeaux Saint-Jean;Bordeaux;Nouvelle-Aquitaine;France;Paris Austerlitz;Paris;Île-de-France;4.74;TGV/Intercités
4716;2022;France;Bordeaux Saint-Jean;Bordeaux;Nouvelle-Aquitaine;France;Lyon Part-Dieu;Lyon;Auvergne-Rhône-Alpes;0.91;TER/Intercités
4717;2022;France;Bordeaux Saint-Jean;Bordeaux;Nouvelle-Aquitaine;France;Lyon Perrache;Lyon;Auvergne-Rhône-Alpes;1.15;TER/Intercités
4718;2022;France;Bordeaux Saint-Jean;Bordeaux;Nouvelle-Aquitaine;France;Marseille Saint-Charles;Marseille;Provence-Alpes-Côte d'Azur;1.0;TER/Intercités
4719;2022;France;Bordeaux Saint-Jean;Bordeaux;Nouvelle-Aquitaine;France;Lille Flandres;Lille;Hauts-de-France;1.11;TER/Intercités
4720;2022;France;Bordeaux Saint-Jean;Bordeaux;Nouvelle-Aquitaine;France;Lille Europe;Lille;Hauts-de-France;1.03;TER/Intercités
4721;2022;France;Bordeaux Saint-Jean;Bordeaux;Nouvelle-Aquitaine;France;Toulouse Matabiau;Toulouse;Occitanie;1.12;TER/Intercités
4722;2022;France;Bordeaux Saint-Jean;Bordeaux;Nouvelle-Aquitaine;France;Nantes;Nantes;Pays de la Loire;0.9;TER/Intercités
4723;2022;France;Bordeaux Saint-Jean;Bordeaux;Nouvelle-Aquitaine;France;Rennes;Rennes;Bretagne;0.92;TER/Intercités
4724;2022;France;Bordeaux Saint-Jean;Bordeaux;Nouvelle-Aquitaine;France;Strasbourg;Strasbourg;Grand Est;1.11;TER/Intercités
4725;2022;France;Toulouse Matabiau;Toulouse;Occitanie;France;Paris Gare du Nord;Paris;Île-de-France;4.74;TGV/Intercités
4726;2022;France;Toulouse Matabiau;Toulouse;Occitanie;France;Paris Gare de Lyon;Paris;Île-de-France;4.22;TGV/Intercités
4727;2022;France;Toulouse Matabiau;Toulouse;Occitanie;France;Paris Saint-Lazare;Paris;Île-de-France;3.74;TGV/Intercités
4728;2022;France;Toulouse Matabiau;Toulouse;Occitanie;France;Paris Montparnasse;Paris;Île-de-France;3.9;TGV/Intercités
4729;2022;France;Toulouse Matabiau;Toulouse;Occitanie;France;Paris Est;Paris;Île-de-France;3.62;TGV/Intercités
4730;2022;France;Toulouse Matabiau;Toulouse;Occitanie;France;Paris Austerlitz;Paris;Île-de-France;3.69;TGV/Intercités
4731;2022;France;Toulouse Matabiau;Toulouse;Occitanie;France;Lyon Part-Dieu;Lyon;Auvergne-Rhône-Alpes;0.98;TER/Intercités
4732;2022;France;Toulouse Matabiau;Toulouse;Occitanie;France;Lyon Perrache;Lyon;Auvergne-Rhône-Alpes;0.98;TER/Intercités
4733;2022;France;Toulouse Matabiau;Toulouse;Occitanie;France;Marseille Saint-Charles;Marseille;Provence-Alpes-Côte d'Azur;1.05;TER/Intercités
4734;2022;France;Toulouse Matabiau;Toulouse;Occitanie;France;Lille Flandres;Lille;Hauts-de-France;1.02;TER/Intercités
4735;2022;France;Toulouse Matabiau;Toulouse;Occitanie;France;Lille Europe;Lille;Hauts-de-France;0.98;TER/Intercités
4736;2022;France;Toulouse Matabiau;Toulouse;Occitanie;France;Bordeaux Saint-Jean;Bordeaux;Nouvelle-Aquitaine;1.09;TER/Intercités
4737;2022;France;Toulouse Matabiau;Toulouse;Occitanie;France;Nantes;Nantes;Pays de la Loire;0.94;TER/Intercités
4738;2022;France;Toulouse Matabiau;Toulouse;Occitanie;France;Rennes;Rennes;Bretagne;1.03;TER/Intercités
4739;2022;France;Toulouse Matabiau;Toulouse;Occitanie;France;Strasbourg;Strasbourg;Grand Est;1.17;TER/Intercités
4740;2022;France;Nantes;Nantes;Pays de la Loire;France;Paris Gare du Nord;Paris;Île-de-France;3.81;TGV/Intercités
4741;2022;France;Nantes;Nantes;Pays de la Loire;France;Paris Gare de Lyon;Paris;Île-de-France;3.76;TGV/Intercités
4742;2022;France;Nantes;Nantes;Pays de la Loire;France;Paris Saint-Lazare;Paris;Île-de-France;3.9;TGV/Intercités
4743;2022;France;Nantes;Nantes;Pays de la Loire;France;Paris Montparnasse;Paris;Île-de-France;4.82;TGV/Intercités
4744;2022;France;Nantes;Nantes;Pays de la Loire;France;Paris Est;Paris;Île-de-France;3.64;TGV/Intercités
4745;2022;France;Nantes;Nantes;Pays de la Loire;France;Paris Austerlitz;Paris;Île-de-France;4.68;TGV/Intercités
4746;2022;France;Nantes;Nantes;Pays de la Loire;France;Lyon Part-Dieu;Lyon;Auvergne-Rhône-Alpes;0.92;TER/Intercités
4747;2022;France;Nantes;Nantes;Pays de la Loire;France;Lyon Perrache;Lyon;Auvergne-Rhône-Alpes;0.99;TER/Intercités
4748;2022;France;Nantes;Nantes;Pays de la Loire;France;Marseille Saint-Charles;Marseille;Provence-Alpes-Côte d'Azur;0.92;TER/Intercités
4749;2022;France;Nantes;Nantes;Pays de la Loire;France;Lille Flandres;Lille;Hauts-de-France;1.08;TER/Intercités
4750;2022;France;Nantes;Nantes;Pays de la Loire;France;Lille Europe;Lille;Hauts-de-France;1.09;TER/Intercités
4751;2022;France;Nantes;Nantes;Pays de la Loire;France;Bordeaux Saint-Jean;Bordeaux;Nouvelle-Aquitaine;1.09;TER/Intercités
4752;2022;France;Nantes;Nantes;Pays de la Loire;France;Toulouse Matabiau;Toulouse;Occitanie;1.09;TER/Intercités
4753;2022;France;Nantes;Nantes;Pays de la Loire;France;Rennes;Rennes;Bretagne;1.18;TER/Intercités
4754;2022;France;Nantes;Nantes;Pays de la Loire;France;Strasbourg;Strasbourg;Grand Est;1.1;TER/Intercités
4755;2022;France;Rennes;Rennes;Bretagne;France;Paris Gare du Nord;Paris;Île-de-France;4.05;TGV/Intercités
4756;2022;France;Rennes;Rennes;Bretagne;France;Paris Gare de Lyon;Paris;Île-de-France;4.21;TGV/Intercités
4757;2022;France;Rennes;Rennes;Bretagne;France;Paris Saint-Lazare;Paris;Île-de-France;3.78;TGV/Intercités
4758;2022;France;Rennes;Rennes;Bretagne;France;Paris Montparnasse;Paris;Île-de-France;3.87;TGV/Intercités
4759;2022;France;Rennes;Rennes;Bretagne;France;Paris Est;Paris;Île-de-France;4.52;TGV/Intercités
4760;2022;France;Rennes;Rennes;Bretagne;France;Paris Austerlitz;Paris;Île-de-France;3.88;TGV/Intercités
4761;2022;France;Rennes;Rennes;Bretagne;France;Lyon Part-Dieu;Lyon;Auvergne-Rhône-Alpes;0.92;TER/Intercités
4762;2022;France;Rennes;Rennes;Bretagne;France;Lyon Perrache;Lyon;Auvergne-Rhône-Alpes;1.13;TER/Intercités
4763;2022;France;Rennes;Rennes;Bretagne;France;Marseille Saint-Charles;Marseille;Provence-Alpes-Côte d'Azur;1.18;TER/Intercités
4764;2022;France;Rennes;Rennes;Bretagne;France;Lille Flandres;Lille;Hauts-de-France;1.16;TER/Intercités
4765;2022;France;Rennes;Rennes;Bretagne;France;Lille Europe;Lille;Hauts-de-France;1.18;TER/Intercités
4766;2022;France;Rennes;Rennes;Bretagne;France;Bordeaux Saint-Jean;Bordeaux;Nouvelle-Aquitaine;1.0;TER/Intercités
4767;2022;France;Rennes;Rennes;Bretagne;France;Toulouse Matabiau;Toulouse;Occitanie;1.2;TER/Intercités
4768;2022;France;Rennes;Rennes;Bretagne;France;Nantes;Nantes;Pays de la Loire;1.18;TER/Intercités
4769;2022;France;Rennes;Rennes;Bretagne;France;Strasbourg;Strasbourg;Grand Est;1.08;TER/Intercités
4770;2022;France;Strasbourg;Strasbourg;Grand Est;France;Paris Gare du Nord;Paris;Île-de-France;4.25;TGV/Intercités
4771;2022;France;Strasbourg;Strasbourg;Grand Est;France;Paris Gare de Lyon;Paris;Île-de-France;4.01;TGV/Intercités
4772;2022;France;Strasbourg;Strasbourg;Grand Est;France;Paris Saint-Lazare;Paris;Île-de-France;3.62;TGV/Intercités
4773;2022;France;Strasbourg;Strasbourg;Grand Est;France;Paris Montparnasse;Paris;Île-de-France;4.43;TGV/Intercités
4774;2022;France;Strasbourg;Strasbourg;Grand Est;France;Paris Est;Paris;Île-de-France;4.48;TGV/Intercités
4775;2022;France;Strasbourg;Strasbourg;Grand Est;France;Paris Austerlitz;Paris;Île-de-France;4.47;TGV/Intercités
4776;2022;France;Strasbourg;Strasbourg;Grand Est;France;Lyon Part-Dieu;Lyon;Auvergne-Rhône-Alpes;0.92;TER/Intercités
4777;2022;France;Strasbourg;Strasbourg;Grand Est;France;Lyon Perrache;Lyon;Auvergne-Rhône-Alpes;0.98;TER/Intercités
4778;2022;France;Strasbourg;Strasbourg;Grand Est;France;Marseille Saint-Charles;Marseille;Provence-Alpes-Côte d'Azur;0.9;TER/Intercités
4779;2022;France;Strasbourg;Strasbourg;Grand Est;France;Lille Flandres;Lille;Hauts-de-France;0.95;TER/Intercités
4780;2022;France;Strasbourg;Strasbourg;Grand Est;France;Lille Europe;Lille;Hauts-de-France;1.13;TER/Intercités
4781;2022;France;Strasbourg;Strasbourg;Grand Est;France;Bordeaux Saint-Jean;Bordeaux;Nouvelle-Aquitaine;0.98;TER/Intercités
4782;2022;France;Strasbourg;Strasbourg;Grand Est;France;Toulouse Matabiau;Toulouse;Occitanie;1.19;TER/Intercités
4783;2022;France;Strasbourg;Strasbourg;Grand Est;France;Nantes;Nantes;Pays de la Loire;1.11;TER/Intercités
4784;2022;France;Strasbourg;Strasbourg;Grand Est;France;Rennes;Rennes;Bretagne;1.22;TER/Intercités
4785;2023;France;Paris Gare du Nord;Paris;Île-de-France;France;Paris Gare de Lyon;Paris;Île-de-France;0.98;TGV/Intercités
4786;2023;France;Paris Gare du Nord;Paris;Île-de-France;France;Paris Saint-Lazare;Paris;Île-de-France;0.98;TGV/Intercités
4787;2023;France;Paris Gare du Nord;Paris;Île-de-France;France;Paris Montparnasse;Paris;Île-de-France;1.15;TGV/Intercités
4788;2023;France;Paris Gare du Nord;Paris;Île-de-France;France;Paris Est;Paris;Île-de-France;1.16;TGV/Intercités
4789;2023;France;Paris Gare du Nord;Paris;Île-de-France;France;Paris Austerlitz;Paris;Île-de-France;0.91;TGV/Intercités
4790;2023;France;Paris Gare du Nord;Paris;Île-de-France;France;Lyon Part-Dieu;Lyon;Auvergne-Rhône-Alpes;8.6;TGV/Intercités
4791;2023;France;Paris Gare du Nord;Paris;Île-de-France;France;Lyon Perrache;Lyon;Auvergne-Rhône-Alpes;7.29;TGV/Intercités
4792;2023;France;Paris Gare du Nord;Paris;Île-de-France;France;Marseille Saint-Charles;Marseille;Provence-Alpes-Côte d'Azur;5.97;TGV/Intercités
4793;2023;France;Paris Gare du Nord;Paris;Île-de-France;France;Lille Flandres;Lille;Hauts-de-France;6.51;TGV/Intercités
4794;2023;France;Paris Gare du Nord;Paris;Île-de-France;France;Lille Europe;Lille;Hauts-de-France;6.91;TGV/Intercités
4795;2023;France;Paris Gare du Nord;Paris;Île-de-France;France;Bordeaux Saint-Jean;Bordeaux;Nouvelle-Aquitaine;5.02;TGV/Intercités
4796;2023;France;Paris Gare du Nord;Paris;Île-de-France;France;Toulouse Matabiau;Toulouse;Occitanie;3.71;TGV/Intercités
4797;2023;France;Paris Gare du Nord;Paris;Île-de-France;France;Nantes;Nantes;Pays de la Loire;3.78;TGV/Intercités
4798;2023;France;Paris Gare du Nord;Paris;Île-de-France;France;Rennes;Rennes;Bretagne;4.34;TGV/Intercités
4799;2023;France;Paris Gare du Nord;Paris;Île-de-France;France;Strasbourg;Strasbourg;Grand Est;4.5;TGV/Intercités
4800;2023;France;Paris Gare de Lyon;Paris;Île-de-France;France;Paris Gare du Nord;Paris;Île-de-France;1.17;TGV/Intercités
4801;2023;France;Paris Gare de Lyon;Paris;Île-de-France;France;Paris Saint-Lazare;Paris;Île-de-France;1.02;TGV/Intercités
4802;2023;France;Paris Gare de Lyon;Paris;Île-de-France;France;Paris Montparnasse;Paris;Île-de-France;0.95;TGV/Intercités
4803;2023;France;Paris Gare de Lyon;Paris;Île-de-France;France;Paris Est;Paris;Île-de-France;1.0;TGV/Intercités
4804;2023;France;Paris Gare de Lyon;Paris;Île-de-France;France;Paris Austerlitz;Paris;Île-de-France;1.09;TGV/Intercités
4805;2023;France;Paris Gare de Lyon;Paris;Île-de-France;France;Lyon Part-Dieu;Lyon;Auvergne-Rhône-Alpes;9.4;TGV/Intercités
4806;2023;France;Paris Gare de Lyon;Paris;Île-de-France;France;Lyon Perrache;Lyon;Auvergne-Rhône-Alpes;7.45;TGV/Intercités
4807;2023;France;Paris Gare de Lyon;Paris;Île-de-France;France;Marseille Saint-Charles;Marseille;Provence-Alpes-Côte d'Azur;6.89;TGV/Intercités
4808;2023;France;Paris Gare de Lyon;Paris;Île-de-France;France;Lille Flandres;Lille;Hauts-de-France;7.06;TGV/Intercités
4809;2023;France;Paris Gare de Lyon;Paris;Île-de-France;France;Lille Europe;Lille;Hauts-de-France;8.23;TGV/Intercités
4810;2023;France;Paris Gare de Lyon;Paris;Île-de-France;France;Bordeaux Saint-Jean;Bordeaux;Nouvelle-Aquitaine;5.95;TGV/Intercités
4811;2023;France;Paris Gare de Lyon;Paris;Île-de-France;France;Toulouse Matabiau;Toulouse;Occitanie;4.14;TGV/Intercités
4812;2023;France;Paris Gare de Lyon;Paris;Île-de-France;France;Nantes;Nantes;Pays de la Loire;4.63;TGV/Intercités
4813;2023;France;Paris Gare de Lyon;Paris;Île-de-France;France;Rennes;Rennes;Bretagne;4.69;TGV/Intercités
4814;2023;France;Paris Gare de Lyon;Paris;Île-de-France;France;Strasbourg;Strasbourg;Grand Est;4.4;TGV/Intercités
4815;2023;France;Paris Saint-Lazare;Paris;Île-de-France;France;Paris Gare du Nord;Paris;Île-de-France;1.02;TGV/Intercités
4816;2023;France;Paris Saint-Lazare;Paris;Île-de-France;France;Paris Gare de Lyon;Paris;Île-de-France;1.23;TGV/Intercités
4817;2023;France;Paris Saint-Lazare;Paris;Île-de-France;France;Paris Montparnasse;Paris;Île-de-France;1.08;TGV/Intercités
4818;2023;France;Paris Saint-Lazare;Paris;Île-de-France;France;Paris Est;Paris;Île-de-France;1.17;TGV/Intercités
4819;2023;France;Paris Saint-Lazare;Paris;Île-de-France;France;Paris Austerlitz;Paris;Île-de-France;1.06;TGV/Intercités
4820;2023;France;Paris Saint-Lazare;Paris;Île-de-France;France;Lyon Part-Dieu;Lyon;Auvergne-Rhône-Alpes;8.7;TGV/Intercités
4821;2023;France;Paris Saint-Lazare;Paris;Île-de-France;France;Lyon Perrache;Lyon;Auvergne-Rhône-Alpes;8.97;TGV/Intercités
4822;2023;France;Paris Saint-Lazare;Paris;Île-de-France;France;Marseille Saint-Charles;Marseille;Provence-Alpes-Côte d'Azur;5.48;TGV/Intercités
4823;2023;France;Paris Saint-Lazare;Paris;Île-de-France;France;Lille Flandres;Lille;Hauts-de-France;6.68;TGV/Intercités
4824;2023;France;Paris Saint-Lazare;Paris;Île-de-France;France;Lille Europe;Lille;Hauts-de-France;7.17;TGV/Intercités
4825;2023;France;Paris Saint-Lazare;Paris;Île-de-France;France;Bordeaux Saint-Jean;Bordeaux;Nouvelle-Aquitaine;4.99;TGV/Intercités
4826;2023;France;Paris Saint-Lazare;Paris;Île-de-France;France;Toulouse Matabiau;Toulouse;Occitanie;4.29;TGV/Intercités
4827;2023;France;Paris Saint-Lazare;Paris;Île-de-France;France;Nantes;Nantes;Pays de la Loire;4.44;TGV/Intercités
4828;2023;France;Paris Saint-Lazare;Paris;Île-de-France;France;Rennes;Rennes;Bretagne;4.35;TGV/Intercités
4829;2023;France;Paris Saint-Lazare;Paris;Île-de-France;France;Strasbourg;Strasbourg;Grand Est;4.16;TGV/Intercités
4830;2023;France;Paris Montparnasse;Paris;Île-de-France;France;Paris Gare du Nord;Paris;Île-de-France;0.91;TGV/Intercités
4831;2023;France;Paris Montparnasse;Paris;Île-de-France;France;Paris Gare de Lyon;Paris;Île-de-France;1.2;TGV/Intercités
4832;2023;France;Paris Montparnasse;Paris;Île-de-France;France;Paris Saint-Lazare;Paris;Île-de-France;0.92;TGV/Intercités
4833;2023;France;Paris Montparnasse;Paris;Île-de-France;France;Paris Est;Paris;Île-de-France;1.14;TGV/Intercités
4834;2023;France;Paris Montparnasse;Paris;Île-de-France;France;Paris Austerlitz;Paris;Île-de-France;1.01;TGV/Intercités
4835;2023;France;Paris Montparnasse;Paris;Île-de-France;France;Lyon Part-Dieu;Lyon;Auvergne-Rhône-Alpes;9.44;TGV/Intercités
4836;2023;France;Paris Montparnasse;Paris;Île-de-France;France;Lyon Perrache;Lyon;Auvergne-Rhône-Alpes;9.01;TGV/Intercités
4837;2023;France;Paris Montparnasse;Paris;Île-de-France;France;Marseille Saint-Charles;Marseille;Provence-Alpes-Côte d'Azur;6.11;TGV/Intercités
4838;2023;France;Paris Montparnasse;Paris;Île-de-France;France;Lille Flandres;Lille;Hauts-de-France;8.37;TGV/Intercités
4839;2023;France;Paris Montparnasse;Paris;Île-de-France;France;Lille Europe;Lille;Hauts-de-France;6.86;TGV/Intercités
4840;2023;France;Paris Montparnasse;Paris;Île-de-France;France;Bordeaux Saint-Jean;Bordeaux;Nouvelle-Aquitaine;6.14;TGV/Intercités
4841;2023;France;Paris Montparnasse;Paris;Île-de-France;France;Toulouse Matabiau;Toulouse;Occitanie;3.85;TGV/Intercités
4842;2023;France;Paris Montparnasse;Paris;Île-de-France;France;Nantes;Nantes;Pays de la Loire;4.23;TGV/Intercités
4843;2023;France;Paris Montparnasse;Paris;Île-de-France;France;Rennes;Rennes;Bretagne;4.01;TGV/Intercités
4844;2023;France;Paris Montparnasse;Paris;Île-de-France;France;Strasbourg;Strasbourg;Grand Est;4.5;TGV/Intercités
4845;2023;France;Paris Est;Paris;Île-de-France;France;Paris Gare du Nord;Paris;Île-de-France;1.09;TGV/Intercités
4846;2023;France;Paris Est;Paris;Île-de-France;France;Paris Gare de Lyon;Paris;Île-de-France;0.96;TGV/Intercités
4847;2023;France;Paris Est;Paris;Île-de-France;France;Paris Saint-Lazare;Paris;Île-de-France;1.04;TGV/Intercités
4848;2023;France;Paris Est;Paris;Île-de-France;France;Paris Montparnasse;Paris;Île-de-France;1.18;TGV/Intercités
4849;2023;France;Paris Est;Paris;Île-de-France;France;Paris Austerlitz;Paris;Île-de-France;1.13;TGV/Intercités
4850;2023;France;Paris Est;Paris;Île-de-France;France;Lyon Part-Dieu;Lyon;Auvergne-Rhône-Alpes;9.15;TGV/Intercités
4851;2023;France;Paris Est;Paris;Île-de-France;France;Lyon Perrache;Lyon;Auvergne-Rhône-Alpes;7.83;TGV/Intercités
4852;2023;France;Paris Est;Paris;Île-de-France;France;Marseille Saint-Charles;Marseille;Provence-Alpes-Côte d'Azur;6.76;TGV/Intercités
4853;2023;France;Paris Est;Paris;Île-de-France;France;Lille Flandres;Lille;Hauts-de-France;8.29;TGV/Intercités
4854;2023;France;Paris Est;Paris;Île-de-France;France;Lille Europe;Lille;Hauts-de-France;6.8;TGV/Intercités
4855;2023;France;Paris Est;Paris;Île-de-France;France;Bordeaux Saint-Jean;Bordeaux;Nouvelle-Aquitaine;5.55;TGV/Intercités
4856;2023;France;Paris Est;Paris;Île-de-France;France;Toulouse Matabiau;Toulouse;Occitanie;4.15;TGV/Intercités
4857;2023;France;Paris Est;Paris;Île-de-France;France;Nantes;Nantes;Pays de la Loire;3.87;TGV/Intercités
4858;2023;France;Paris Est;Paris;Île-de-France;France;Rennes;Rennes;Bretagne;4.4;TGV/Intercités
4859;2023;France;Paris Est;Paris;Île-de-France;France;Strasbourg;Strasbourg;Grand Est;4.92;TGV/Intercités
4860;2023;France;Paris Austerlitz;Paris;Île-de-France;France;Paris Gare du Nord;Paris;Île-de-France;0.97;TGV/Intercités
4861;2023;France;Paris Austerlitz;Paris;Île-de-France;France;Paris Gare de Lyon;Paris;Île-de-France;1.01;TGV/Intercités
4862;2023;France;Paris Austerlitz;Paris;Île-de-France;France;Paris Saint-Lazare;Paris;Île-de-France;1.12;TGV/Intercités
4863;2023;France;Paris Austerlitz;Paris;Île-de-France;France;Paris Montparnasse;Paris;Île-de-France;1.15;TGV/Intercités
4864;2023;France;Paris Austerlitz;Paris;Île-de-France;France;Paris Est;Paris;Île-de-France;0.91;TGV/Intercités
4865;2023;France;Paris Austerlitz;Paris;Île-de-France;France;Lyon Part-Dieu;Lyon;Auvergne-Rhône-Alpes;7.77;TGV/Intercités
4866;2023;France;Paris Austerlitz;Paris;Île-de-France;France;Lyon Perrache;Lyon;Auvergne-Rhône-Alpes;8.4;TGV/Intercités
4867;2023;France;Paris Austerlitz;Paris;Île-de-France;France;Marseille Saint-Charles;Marseille;Provence-Alpes-Côte d'Azur;7.0;TGV/Intercités
4868;2023;France;Paris Austerlitz;Paris;Île-de-France;France;Lille Flandres;Lille;Hauts-de-France;8.34;TGV/Intercités
4869;2023;France;Paris Austerlitz;Paris;Île-de-France;France;Lille Europe;Lille;Hauts-de-France;8.34;TGV/Intercités
4870;2023;France;Paris Austerlitz;Paris;Île-de-France;France;Bordeaux Saint-Jean;Bordeaux;Nouvelle-Aquitaine;4.75;TGV/Intercités
4871;2023;France;Paris Austerlitz;Paris;Île-de-France;France;Toulouse Matabiau;Toulouse;Occitanie;4.11;TGV/Intercités
4872;2023;France;Paris Austerlitz;Paris;Île-de-France;France;Nantes;Nantes;Pays de la Loire;4.4;TGV/Intercités
4873;2023;France;Paris Austerlitz;Paris;Île-de-France;France;Rennes;Rennes;Bretagne;4.61;TGV/Intercités
4874;2023;France;Paris Austerlitz;Paris;Île-de-France;France;Strasbourg;Strasbourg;Grand Est;4.49;TGV/Intercités
4875;2023;France;Lyon Part-Dieu;Lyon;Auvergne-Rhône-Alpes;France;Paris Gare du Nord;Paris;Île-de-France;9.46;TGV/Intercités
4876;2023;France;Lyon Part-Dieu;Lyon;Auvergne-Rhône-Alpes;France;Paris Gare de Lyon;Paris;Île-de-France;9.73;TGV/Intercités
4877;2023;France;Lyon Part-Dieu;Lyon;Auvergne-Rhône-Alpes;France;Paris Saint-Lazare;Paris;Île-de-France;8.2;TGV/Intercités
4878;2023;France;Lyon Part-Dieu;Lyon;Auvergne-Rhône-Alpes;France;Paris Montparnasse;Paris;Île-de-France;9.44;TGV/Intercités
4879;2023;France;Lyon Part-Dieu;Lyon;Auvergne-Rhône-Alpes;France;Paris Est;Paris;Île-de-France;9.34;TGV/Intercités
4880;2023;France;Lyon Part-Dieu;Lyon;Auvergne-Rhône-Alpes;France;Paris Austerlitz;Paris;Île-de-France;8.4;TGV/Intercités
4881;2023;France;Lyon Part-Dieu;Lyon;Auvergne-Rhône-Alpes;France;Lyon Perrache;Lyon;Auvergne-Rhône-Alpes;1.03;TER/Intercités
4882;2023;France;Lyon Part-Dieu;Lyon;Auvergne-Rhône-Alpes;France;Marseille Saint-Charles;Marseille;Provence-Alpes-Côte d'Azur;1.0;TER/Intercités
4883;2023;France;Lyon Part-Dieu;Lyon;Auvergne-Rhône-Alpes;France;Lille Flandres;Lille;Hauts-de-France;1.2;TER/Intercités
4884;2023;France;Lyon Part-Dieu;Lyon;Auvergne-Rhône-Alpes;France;Lille Europe;Lille;Hauts-de-France;1.12;TER/Intercités
4885;2023;France;Lyon Part-Dieu;Lyon;Auvergne-Rhône-Alpes;France;Bordeaux Saint-Jean;Bordeaux;Nouvelle-Aquitaine;1.05;TER/Intercités
4886;2023;France;Lyon Part-Dieu;Lyon;Auvergne-Rhône-Alpes;France;Toulouse Matabiau;Toulouse;Occitanie;1.2;TER/Intercités
4887;2023;France;Lyon Part-Dieu;Lyon;Auvergne-Rhône-Alpes;France;Nantes;Nantes;Pays de la Loire;1.13;TER/Intercités
4888;2023;France;Lyon Part-Dieu;Lyon;Auvergne-Rhône-Alpes;France;Rennes;Rennes;Bretagne;1.12;TER/Intercités
4889;2023;France;Lyon Part-Dieu;Lyon;Auvergne-Rhône-Alpes;France;Strasbourg;Strasbourg;Grand Est;1.21;TER/Intercités
4890;2023;France;Lyon Perrache;Lyon;Auvergne-Rhône-Alpes;France;Paris Gare du Nord;Paris;Île-de-France;7.5;TGV/Intercités
4891;2023;France;Lyon Perrache;Lyon;Auvergne-Rhône-Alpes;France;Paris Gare de Lyon;Paris;Île-de-France;8.81;TGV/Intercités
4892;2023;France;Lyon Perrache;Lyon;Auvergne-Rhône-Alpes;France;Paris Saint-Lazare;Paris;Île-de-France;9.29;TGV/Intercités
4893;2023;France;Lyon Perrache;Lyon;Auvergne-Rhône-Alpes;France;Paris Montparnasse;Paris;Île-de-France;9.06;TGV/Intercités
4894;2023;France;Lyon Perrache;Lyon;Auvergne-Rhône-Alpes;France;Paris Est;Paris;Île-de-France;7.76;TGV/Intercités
4895;2023;France;Lyon Perrache;Lyon;Auvergne-Rhône-Alpes;France;Paris Austerlitz;Paris;Île-de-France;8.83;TGV/Intercités
4896;2023;France;Lyon Perrache;Lyon;Auvergne-Rhône-Alpes;France;Lyon Part-Dieu;Lyon;Auvergne-Rhône-Alpes;1.12;TER/Intercités
4897;2023;France;Lyon Perrache;Lyon;Auvergne-Rhône-Alpes;France;Marseille Saint-Charles;Marseille;Provence-Alpes-Côte d'Azur;1.22;TER/Intercités
4898;2023;France;Lyon Perrache;Lyon;Auvergne-Rhône-Alpes;France;Lille Flandres;Lille;Hauts-de-France;1.22;TER/Intercités
4899;2023;France;Lyon Perrache;Lyon;Auvergne-Rhône-Alpes;France;Lille Europe;Lille;Hauts-de-France;1.04;TER/Intercités
4900;2023;France;Lyon Perrache;Lyon;Auvergne-Rhône-Alpes;France;Bordeaux Saint-Jean;Bordeaux;Nouvelle-Aquitaine;1.11;TER/Intercités
4901;2023;France;Lyon Perrache;Lyon;Auvergne-Rhône-Alpes;France;Toulouse Matabiau;Toulouse;Occitanie;1.03;TER/Intercités
4902;2023;France;Lyon Perrache;Lyon;Auvergne-Rhône-Alpes;France;Nantes;Nantes;Pays de la Loire;0.98;TER/Intercités
4903;2023;France;Lyon Perrache;Lyon;Auvergne-Rhône-Alpes;France;Rennes;Rennes;Bretagne;1.0;TER/Intercités
4904;2023;France;Lyon Perrache;Lyon;Auvergne-Rhône-Alpes;France;Strasbourg;Strasbourg;Grand Est;1.01;TER/Intercités
4905;2023;France;Marseille Saint-Charles;Marseille;Provence-Alpes-Côte d'Azur;France;Paris Gare du Nord;Paris;Île-de-France;7.33;TGV/Intercités
4906;2023;France;Marseille Saint-Charles;Marseille;Provence-Alpes-Côte d'Azur;France;Paris Gare de Lyon;Paris;Île-de-France;5.9;TGV/Intercités
4907;2023;France;Marseille Saint-Charles;Marseille;Provence-Alpes-Côte d'Azur;France;Paris Saint-Lazare;Paris;Île-de-France;5.82;TGV/Intercités
4908;2023;France;Marseille Saint-Charles;Marseille;Provence-Alpes-Côte d'Azur;France;Paris Montparnasse;Paris;Île-de-France;5.99;TGV/Intercités
4909;2023;France;Marseille Saint-Charles;Marseille;Provence-Alpes-Côte d'Azur;France;Paris Est;Paris;Île-de-France;7.36;TGV/Intercités
4910;2023;France;Marseille Saint-Charles;Marseille;Provence-Alpes-Côte d'Azur;France;Paris Austerlitz;Paris;Île-de-France;5.61;TGV/Intercités
4911;2023;France;Marseille Saint-Charles;Marseille;Provence-Alpes-Côte d'Azur;France;Lyon Part-Dieu;Lyon;Auvergne-Rhône-Alpes;0.93;TER/Intercités
4912;2023;France;Marseille Saint-Charles;Marseille;Provence-Alpes-Côte d'Azur;France;Lyon Perrache;Lyon;Auvergne-Rhône-Alpes;1.02;TER/Intercités
4913;2023;France;Marseille Saint-Charles;Marseille;Provence-Alpes-Côte d'Azur;France;Lille Flandres;Lille;Hauts-de-France;1.15;TER/Intercités
4914;2023;France;Marseille Saint-Charles;Marseille;Provence-Alpes-Côte d'Azur;France;Lille Europe;Lille;Hauts-de-France;1.13;TER/Intercités
4915;2023;France;Marseille Saint-Charles;Marseille;Provence-Alpes-Côte d'Azur;France;Bordeaux Saint-Jean;Bordeaux;Nouvelle-Aquitaine;1.04;TER/Intercités
4916;2023;France;Marseille Saint-Charles;Marseille;Provence-Alpes-Côte d'Azur;France;Toulouse Matabiau;Toulouse;Occitanie;0.91;TER/Intercités
4917;2023;France;Marseille Saint-Charles;Marseille;Provence-Alpes-Côte d'Azur;France;Nantes;Nantes;Pays de la Loire;1.12;TER/Intercités
4918;2023;France;Marseille Saint-Charles;Marseille;Provence-Alpes-Côte d'Azur;France;Rennes;Rennes;Bretagne;0.94;TER/Intercités
4919;2023;France;Marseille Saint-Charles;Marseille;Provence-Alpes-Côte d'Azur;France;Strasbourg;Strasbourg;Grand Est;0.96;TER/Intercités
4920;2023;France;Lille Flandres;Lille;Hauts-de-France;France;Paris Gare du Nord;Paris;Île-de-France;7.17;TGV/Intercités
4921;2023;France;Lille Flandres;Lille;Hauts-de-France;France;Paris Gare de Lyon;Paris;Île-de-France;7.65;TGV/Intercités
4922;2023;France;Lille Flandres;Lille;Hauts-de-France;France;Paris Saint-Lazare;Paris;Île-de-France;7.63;TGV/Intercités
4923;2023;France;Lille Flandres;Lille;Hauts-de-France;France;Paris Montparnasse;Paris;Île-de-France;7.82;TGV/Intercités
4924;2023;France;Lille Flandres;Lille;Hauts-de-France;France;Paris Est;Paris;Île-de-France;6.97;TGV/Intercités
4925;2023;France;Lille Flandres;Lille;Hauts-de-France;France;Paris Austerlitz;Paris;Île-de-France;7.87;TGV/Intercités
4926;2023;France;Lille Flandres;Lille;Hauts-de-France;France;Lyon Part-Dieu;Lyon;Auvergne-Rhône-Alpes;1.05;TER/Intercités
4927;2023;France;Lille Flandres;Lille;Hauts-de-France;France;Lyon Perrache;Lyon;Auvergne-Rhône-Alpes;0.99;TER/Intercités
4928;2023;France;Lille Flandres;Lille;Hauts-de-France;France;Marseille Saint-Charles;Marseille;Provence-Alpes-Côte d'Azur;0.93;TER/Intercités
4929;2023;France;Lille Flandres;Lille;Hauts-de-France;France;Lille Europe;Lille;Hauts-de-France;1.18;TER/Intercités
4930;2023;France;Lille Flandres;Lille;Hauts-de-France;France;Bordeaux Saint-Jean;Bordeaux;Nouvelle-Aquitaine;1.22;TER/Intercités
4931;2023;France;Lille Flandres;Lille;Hauts-de-France;France;Toulouse Matabiau;Toulouse;Occitanie;1.04;TER/Intercités
4932;2023;France;Lille Flandres;Lille;Hauts-de-France;France;Nantes;Nantes;Pays de la Loire;1.04;TER/Intercités
4933;2023;France;Lille Flandres;Lille;Hauts-de-France;France;Rennes;Rennes;Bretagne;1.19;TER/Intercités
4934;2023;France;Lille Flandres;Lille;Hauts-de-France;France;Strasbourg;Strasbourg;Grand Est;1.1;TER/Intercités
4935;2023;France;Lille Europe;Lille;Hauts-de-France;France;Paris Gare du Nord;Paris;Île-de-France;8.27;TGV/Intercités
4936;2023;France;Lille Europe;Lille;Hauts-de-France;France;Paris Gare de Lyon;Paris;Île-de-France;8.57;TGV/Intercités
4937;2023;France;Lille Europe;Lille;Hauts-de-France;France;Paris Saint-Lazare;Paris;Île-de-France;8.53;TGV/Intercités
4938;2023;France;Lille Europe;Lille;Hauts-de-France;France;Paris Montparnasse;Paris;Île-de-France;6.37;TGV/Intercités
4939;2023;France;Lille Europe;Lille;Hauts-de-France;France;Paris Est;Paris;Île-de-France;7.11;TGV/Intercités
4940;2023;France;Lille Europe;Lille;Hauts-de-France;France;Paris Austerlitz;Paris;Île-de-France;8.36;TGV/Intercités
4941;2023;France;Lille Europe;Lille;Hauts-de-France;France;Lyon Part-Dieu;Lyon;Auvergne-Rhône-Alpes;1.15;TER/Intercités
4942;2023;France;Lille Europe;Lille;Hauts-de-France;France;Lyon Perrache;Lyon;Auvergne-Rhône-Alpes;0.95;TER/Intercités
4943;2023;France;Lille Europe;Lille;Hauts-de-France;France;Marseille Saint-Charles;Marseille;Provence-Alpes-Côte d'Azur;1.12;TER/Intercités
4944;2023;France;Lille Europe;Lille;Hauts-de-France;France;Lille Flandres;Lille;Hauts-de-France;1.17;TER/Intercités
4945;2023;France;Lille Europe;Lille;Hauts-de-France;France;Bordeaux Saint-Jean;Bordeaux;Nouvelle-Aquitaine;0.92;TER/Intercités
4946;2023;France;Lille Europe;Lille;Hauts-de-France;France;Toulouse Matabiau;Toulouse;Occitanie;0.93;TER/Intercités
4947;2023;France;Lille Europe;Lille;Hauts-de-France;France;Nantes;Nantes;Pays de la Loire;1.02;TER/Intercités
4948;2023;France;Lille Europe;Lille;Hauts-de-France;France;Rennes;Rennes;Bretagne;1.18;TER/Intercités
4949;2023;France;Lille Europe;Lille;Hauts-de-France;France;Strasbourg;Strasbourg;Grand Est;1.07;TER/Intercités
4950;2023;France;Bordeaux Saint-Jean;Bordeaux;Nouvelle-Aquitaine;France;Paris Gare du Nord;Paris;Île-de-France;5.15;TGV/Intercités
4951;2023;France;Bordeaux Saint-Jean;Bordeaux;Nouvelle-Aquitaine;France;Paris Gare de Lyon;Paris;Île-de-France;4.95;TGV/Intercités
4952;2023;France;Bordeaux Saint-Jean;Bordeaux;Nouvelle-Aquitaine;France;Paris Saint-Lazare;Paris;Île-de-France;5.31;TGV/Intercités
4953;2023;France;Bordeaux Saint-Jean;Bordeaux;Nouvelle-Aquitaine;France;Paris Montparnasse;Paris;Île-de-France;5.92;TGV/Intercités
4954;2023;France;Bordeaux Saint-Jean;Bordeaux;Nouvelle-Aquitaine;France;Paris Est;Paris;Île-de-France;5.73;TGV/Intercités
4955;2023;France;Bordeaux Saint-Jean;Bordeaux;Nouvelle-Aquitaine;France;Paris Austerlitz;Paris;Île-de-France;5.02;TGV/Intercités
4956;2023;France;Bordeaux Saint-Jean;Bordeaux;Nouvelle-Aquitaine;France;Lyon Part-Dieu;Lyon;Auvergne-Rhône-Alpes;1.01;TER/Intercités
4957;2023;France;Bordeaux Saint-Jean;Bordeaux;Nouvelle-Aquitaine;France;Lyon Perrache;Lyon;Auvergne-Rhône-Alpes;1.11;TER/Intercités
4958;2023;France;Bordeaux Saint-Jean;Bordeaux;Nouvelle-Aquitaine;France;Marseille Saint-Charles;Marseille;Provence-Alpes-Côte d'Azur;1.08;TER/Intercités
4959;2023;France;Bordeaux Saint-Jean;Bordeaux;Nouvelle-Aquitaine;France;Lille Flandres;Lille;Hauts-de-France;1.2;TER/Intercités
4960;2023;France;Bordeaux Saint-Jean;Bordeaux;Nouvelle-Aquitaine;France;Lille Europe;Lille;Hauts-de-France;1.14;TER/Intercités
4961;2023;France;Bordeaux Saint-Jean;Bordeaux;Nouvelle-Aquitaine;France;Toulouse Matabiau;Toulouse;Occitanie;1.05;TER/Intercités
4962;2023;France;Bordeaux Saint-Jean;Bordeaux;Nouvelle-Aquitaine;France;Nantes;Nantes;Pays de la Loire;1.01;TER/Intercités
4963;2023;France;Bordeaux Saint-Jean;Bordeaux;Nouvelle-Aquitaine;France;Rennes;Rennes;Bretagne;1.09;TER/Intercités
4964;2023;France;Bordeaux Saint-Jean;Bordeaux;Nouvelle-Aquitaine;France;Strasbourg;Strasbourg;Grand Est;1.12;TER/Intercités
4965;2023;France;Toulouse Matabiau;Toulouse;Occitanie;France;Paris Gare du Nord;Paris;Île-de-France;4.15;TGV/Intercités
4966;2023;France;Toulouse Matabiau;Toulouse;Occitanie;France;Paris Gare de Lyon;Paris;Île-de-France;4.53;TGV/Intercités
4967;2023;France;Toulouse Matabiau;Toulouse;Occitanie;France;Paris Saint-Lazare;Paris;Île-de-France;4.25;TGV/Intercités
4968;2023;France;Toulouse Matabiau;Toulouse;Occitanie;France;Paris Montparnasse;Paris;Île-de-France;3.93;TGV/Intercités
4969;2023;France;Toulouse Matabiau;Toulouse;Occitanie;France;Paris Est;Paris;Île-de-France;4.2;TGV/Intercités
4970;2023;France;Toulouse Matabiau;Toulouse;Occitanie;France;Paris Austerlitz;Paris;Île-de-France;3.76;TGV/Intercités
4971;2023;France;Toulouse Matabiau;Toulouse;Occitanie;France;Lyon Part-Dieu;Lyon;Auvergne-Rhône-Alpes;1.04;TER/Intercités
4972;2023;France;Toulouse Matabiau;Toulouse;Occitanie;France;Lyon Perrache;Lyon;Auvergne-Rhône-Alpes;1.17;TER/Intercités
4973;2023;France;Toulouse Matabiau;Toulouse;Occitanie;France;Marseille Saint-Charles;Marseille;Provence-Alpes-Côte d'Azur;1.04;TER/Intercités
4974;2023;France;Toulouse Matabiau;Toulouse;Occitanie;France;Lille Flandres;Lille;Hauts-de-France;0.98;TER/Intercités
4975;2023;France;Toulouse Matabiau;Toulouse;Occitanie;France;Lille Europe;Lille;Hauts-de-France;1.19;TER/Intercités
4976;2023;France;Toulouse Matabiau;Toulouse;Occitanie;France;Bordeaux Saint-Jean;Bordeaux;Nouvelle-Aquitaine;1.17;TER/Intercités
4977;2023;France;Toulouse Matabiau;Toulouse;Occitanie;France;Nantes;Nantes;Pays de la Loire;0.98;TER/Intercités
4978;2023;France;Toulouse Matabiau;Toulouse;Occitanie;France;Rennes;Rennes;Bretagne;0.94;TER/Intercités
4979;2023;France;Toulouse Matabiau;Toulouse;Occitanie;France;Strasbourg;Strasbourg;Grand Est;0.94;TER/Intercités
4980;2023;France;Nantes;Nantes;Pays de la Loire;France;Paris Gare du Nord;Paris;Île-de-France;3.76;TGV/Intercités
4981;2023;France;Nantes;Nantes;Pays de la Loire;France;Paris Gare de Lyon;Paris;Île-de-France;3.83;TGV/Intercités
4982;2023;France;Nantes;Nantes;Pays de la Loire;France;Paris Saint-Lazare;Paris;Île-de-France;4.79;TGV/Intercités
4983;2023;France;Nantes;Nantes;Pays de la Loire;France;Paris Montparnasse;Paris;Île-de-France;4.1;TGV/Intercités
4984;2023;France;Nantes;Nantes;Pays de la Loire;France;Paris Est;Paris;Île-de-France;4.3;TGV/Intercités
4985;2023;France;Nantes;Nantes;Pays de la Loire;France;Paris Austerlitz;Paris;Île-de-France;4.85;TGV/Intercités
4986;2023;France;Nantes;Nantes;Pays de la Loire;France;Lyon Part-Dieu;Lyon;Auvergne-Rhône-Alpes;1.0;TER/Intercités
4987;2023;France;Nantes;Nantes;Pays de la Loire;France;Lyon Perrache;Lyon;Auvergne-Rhône-Alpes;1.14;TER/Intercités
4988;2023;France;Nantes;Nantes;Pays de la Loire;France;Marseille Saint-Charles;Marseille;Provence-Alpes-Côte d'Azur;1.07;TER/Intercités
4989;2023;France;Nantes;Nantes;Pays de la Loire;France;Lille Flandres;Lille;Hauts-de-France;1.02;TER/Intercités
4990;2023;France;Nantes;Nantes;Pays de la Loire;France;Lille Europe;Lille;Hauts-de-France;1.05;TER/Intercités
4991;2023;France;Nantes;Nantes;Pays de la Loire;France;Bordeaux Saint-Jean;Bordeaux;Nouvelle-Aquitaine;1.07;TER/Intercités
4992;2023;France;Nantes;Nantes;Pays de la Loire;France;Toulouse Matabiau;Toulouse;Occitanie;0.96;TER/Intercités
4993;2023;France;Nantes;Nantes;Pays de la Loire;France;Rennes;Rennes;Bretagne;1.05;TER/Intercités
4994;2023;France;Nantes;Nantes;Pays de la Loire;France;Strasbourg;Strasbourg;Grand Est;1.12;TER/Intercités
4995;2023;France;Rennes;Rennes;Bretagne;France;Paris Gare du Nord;Paris;Île-de-France;4.03;TGV/Intercités
4996;2023;France;Rennes;Rennes;Bretagne;France;Paris Gare de Lyon;Paris;Île-de-France;4.69;TGV/Intercités
4997;2023;France;Rennes;Rennes;Bretagne;France;Paris Saint-Lazare;Paris;Île-de-France;4.63;TGV/Intercités
4998;2023;France;Rennes;Rennes;Bretagne;France;Paris Montparnasse;Paris;Île-de-France;4.8;TGV/Intercités
4999;2023;France;Rennes;Rennes;Bretagne;France;Paris Est;Paris;Île-de-France;4.1;TGV/Intercités
5000;2023;France;Rennes;Rennes;Bretagne;France;Paris Austerlitz;Paris;Île-de-France;3.8;TGV/Intercités
5001;2023;France;Rennes;Rennes;Bretagne;France;Lyon Part-Dieu;Lyon;Auvergne-Rhône-Alpes;1.08;TER/Intercités
5002;2023;France;Rennes;Rennes;Bretagne;France;Lyon Perrache;Lyon;Auvergne-Rhône-Alpes;1.02;TER/Intercités
5003;2023;France;Rennes;Rennes;Bretagne;France;Marseille Saint-Charles;Marseille;Provence-Alpes-Côte d'Azur;1.05;TER/Intercités
5004;2023;France;Rennes;Rennes;Bretagne;France;Lille Flandres;Lille;Hauts-de-France;0.92;TER/Intercités
5005;2023;France;Rennes;Rennes;Bretagne;France;Lille Europe;Lille;Hauts-de-France;0.95;TER/Intercités
5006;2023;France;Rennes;Rennes;Bretagne;France;Bordeaux Saint-Jean;Bordeaux;Nouvelle-Aquitaine;0.93;TER/Intercités
5007;2023;France;Rennes;Rennes;Bretagne;France;Toulouse Matabiau;Toulouse;Occitanie;0.92;TER/Intercités
5008;2023;France;Rennes;Rennes;Bretagne;France;Nantes;Nantes;Pays de la Loire;1.0;TER/Intercités
5009;2023;France;Rennes;Rennes;Bretagne;France;Strasbourg;Strasbourg;Grand Est;1.08;TER/Intercités
5010;2023;France;Strasbourg;Strasbourg;Grand Est;France;Paris Gare du Nord;Paris;Île-de-France;4.5;TGV/Intercités
5011;2023;France;Strasbourg;Strasbourg;Grand Est;France;Paris Gare de Lyon;Paris;Île-de-France;4.14;TGV/Intercités
5012;2023;France;Strasbourg;Strasbourg;Grand Est;France;Paris Saint-Lazare;Paris;Île-de-France;4.06;TGV/Intercités
5013;2023;France;Strasbourg;Strasbourg;Grand Est;France;Paris Montparnasse;Paris;Île-de-France;4.38;TGV/Intercités
5014;2023;France;Strasbourg;Strasbourg;Grand Est;France;Paris Est;Paris;Île-de-France;4.12;TGV/Intercités
5015;2023;France;Strasbourg;Strasbourg;Grand Est;France;Paris Austerlitz;Paris;Île-de-France;4.69;TGV/Intercités
5016;2023;France;Strasbourg;Strasbourg;Grand Est;France;Lyon Part-Dieu;Lyon;Auvergne-Rhône-Alpes;1.06;TER/Intercités
5017;2023;France;Strasbourg;Strasbourg;Grand Est;France;Lyon Perrache;Lyon;Auvergne-Rhône-Alpes;1.21;TER/Intercités
5018;2023;France;Strasbourg;Strasbourg;Grand Est;France;Marseille Saint-Charles;Marseille;Provence-Alpes-Côte d'Azur;0.97;TER/Intercités
5019;2023;France;Strasbourg;Strasbourg;Grand Est;France;Lille Flandres;Lille;Hauts-de-France;0.92;TER/Intercités
5020;2023;France;Strasbourg;Strasbourg;Grand Est;France;Lille Europe;Lille;Hauts-de-France;1.19;TER/Intercités
5021;2023;France;Strasbourg;Strasbourg;Grand Est;France;Bordeaux Saint-Jean;Bordeaux;Nouvelle-Aquitaine;1.08;TER/Intercités
5022;2023;France;Strasbourg;Strasbourg;Grand Est;France;Toulouse Matabiau;Toulouse;Occitanie;1.17;TER/Intercités
5023;2023;France;Strasbourg;Strasbourg;Grand Est;France;Nantes;Nantes;Pays de la Loire;1.13;TER/Intercités
5024;2023;France;Strasbourg;Strasbourg;Grand Est;France;Rennes;Rennes;Bretagne;1.03;TER/Intercités
5025;2024;France;Paris Gare du Nord;Paris;Île-de-France;France;Paris Gare de Lyon;Paris;Île-de-France;1.04;TGV/Intercités
5026;2024;France;Paris Gare du Nord;Paris;Île-de-France;France;Paris Saint-Lazare;Paris;Île-de-France;1.13;TGV/Intercités
5027;2024;France;Paris Gare du Nord;Paris;Île-de-France;France;Paris Montparnasse;Paris;Île-de-France;1.19;TGV/Intercités
5028;2024;France;Paris Gare du Nord;Paris;Île-de-France;France;Paris Est;Paris;Île-de-France;0.98;TGV/Intercités
5029;2024;France;Paris Gare du Nord;Paris;Île-de-France;France;Paris Austerlitz;Paris;Île-de-France;1.03;TGV/Intercités
5030;2024;France;Paris Gare du Nord;Paris;Île-de-France;France;Lyon Part-Dieu;Lyon;Auvergne-Rhône-Alpes;7.74;TGV/Intercités
5031;2024;France;Paris Gare du Nord;Paris;Île-de-France;France;Lyon Perrache;Lyon;Auvergne-Rhône-Alpes;8.54;TGV/Intercités
5032;2024;France;Paris Gare du Nord;Paris;Île-de-France;France;Marseille Saint-Charles;Marseille;Provence-Alpes-Côte d'Azur;7.06;TGV/Intercités
5033;2024;France;Paris Gare du Nord;Paris;Île-de-France;France;Lille Flandres;Lille;Hauts-de-France;8.33;TGV/Intercités
5034;2024;France;Paris Gare du Nord;Paris;Île-de-France;France;Lille Europe;Lille;Hauts-de-France;7.7;TGV/Intercités
5035;2024;France;Paris Gare du Nord;Paris;Île-de-France;France;Bordeaux Saint-Jean;Bordeaux;Nouvelle-Aquitaine;5.03;TGV/Intercités
5036;2024;France;Paris Gare du Nord;Paris;Île-de-France;France;Toulouse Matabiau;Toulouse;Occitanie;4.61;TGV/Intercités
5037;2024;France;Paris Gare du Nord;Paris;Île-de-France;France;Nantes;Nantes;Pays de la Loire;4.35;TGV/Intercités
5038;2024;France;Paris Gare du Nord;Paris;Île-de-France;France;Rennes;Rennes;Bretagne;3.87;TGV/Intercités
5039;2024;France;Paris Gare du Nord;Paris;Île-de-France;France;Strasbourg;Strasbourg;Grand Est;3.82;TGV/Intercités
5040;2024;France;Paris Gare de Lyon;Paris;Île-de-France;France;Paris Gare du Nord;Paris;Île-de-France;0.95;TGV/Intercités
5041;2024;France;Paris Gare de Lyon;Paris;Île-de-France;France;Paris Saint-Lazare;Paris;Île-de-France;1.1;TGV/Intercités
5042;2024;France;Paris Gare de Lyon;Paris;Île-de-France;France;Paris Montparnasse;Paris;Île-de-France;1.07;TGV/Intercités
5043;2024;France;Paris Gare de Lyon;Paris;Île-de-France;France;Paris Est;Paris;Île-de-France;0.99;TGV/Intercités
5044;2024;France;Paris Gare de Lyon;Paris;Île-de-France;France;Paris Austerlitz;Paris;Île-de-France;0.94;TGV/Intercités
5045;2024;France;Paris Gare de Lyon;Paris;Île-de-France;France;Lyon Part-Dieu;Lyon;Auvergne-Rhône-Alpes;9.38;TGV/Intercités
5046;2024;France;Paris Gare de Lyon;Paris;Île-de-France;France;Lyon Perrache;Lyon;Auvergne-Rhône-Alpes;8.78;TGV/Intercités
5047;2024;France;Paris Gare de Lyon;Paris;Île-de-France;France;Marseille Saint-Charles;Marseille;Provence-Alpes-Côte d'Azur;6.52;TGV/Intercités
5048;2024;France;Paris Gare de Lyon;Paris;Île-de-France;France;Lille Flandres;Lille;Hauts-de-France;8.48;TGV/Intercités
5049;2024;France;Paris Gare de Lyon;Paris;Île-de-France;France;Lille Europe;Lille;Hauts-de-France;8.04;TGV/Intercités
5050;2024;France;Paris Gare de Lyon;Paris;Île-de-France;France;Bordeaux Saint-Jean;Bordeaux;Nouvelle-Aquitaine;5.21;TGV/Intercités
5051;2024;France;Paris Gare de Lyon;Paris;Île-de-France;France;Toulouse Matabiau;Toulouse;Occitanie;4.8;TGV/Intercités
5052;2024;France;Paris Gare de Lyon;Paris;Île-de-France;France;Nantes;Nantes;Pays de la Loire;4.69;TGV/Intercités
5053;2024;France;Paris Gare de Lyon;Paris;Île-de-France;France;Rennes;Rennes;Bretagne;4.5;TGV/Intercités
5054;2024;France;Paris Gare de Lyon;Paris;Île-de-France;France;Strasbourg;Strasbourg;Grand Est;3.83;TGV/Intercités
5055;2024;France;Paris Saint-Lazare;Paris;Île-de-France;France;Paris Gare du Nord;Paris;Île-de-France;1.17;TGV/Intercités
5056;2024;France;Paris Saint-Lazare;Paris;Île-de-France;France;Paris Gare de Lyon;Paris;Île-de-France;0.95;TGV/Intercités
5057;2024;France;Paris Saint-Lazare;Paris;Île-de-France;France;Paris Montparnasse;Paris;Île-de-France;1.05;TGV/Intercités
5058;2024;France;Paris Saint-Lazare;Paris;Île-de-France;France;Paris Est;Paris;Île-de-France;1.06;TGV/Intercités
5059;2024;France;Paris Saint-Lazare;Paris;Île-de-France;France;Paris Austerlitz;Paris;Île-de-France;1.09;TGV/Intercités
5060;2024;France;Paris Saint-Lazare;Paris;Île-de-France;France;Lyon Part-Dieu;Lyon;Auvergne-Rhône-Alpes;9.06;TGV/Intercités
5061;2024;France;Paris Saint-Lazare;Paris;Île-de-France;France;Lyon Perrache;Lyon;Auvergne-Rhône-Alpes;7.43;TGV/Intercités
5062;2024;France;Paris Saint-Lazare;Paris;Île-de-France;France;Marseille Saint-Charles;Marseille;Provence-Alpes-Côte d'Azur;5.99;TGV/Intercités
5063;2024;France;Paris Saint-Lazare;Paris;Île-de-France;France;Lille Flandres;Lille;Hauts-de-France;7.77;TGV/Intercités
5064;2024;France;Paris Saint-Lazare;Paris;Île-de-France;France;Lille Europe;Lille;Hauts-de-France;6.5;TGV/Intercités
5065;2024;France;Paris Saint-Lazare;Paris;Île-de-France;France;Bordeaux Saint-Jean;Bordeaux;Nouvelle-Aquitaine;5.21;TGV/Intercités
5066;2024;France;Paris Saint-Lazare;Paris;Île-de-France;France;Toulouse Matabiau;Toulouse;Occitanie;4.81;TGV/Intercités
5067;2024;France;Paris Saint-Lazare;Paris;Île-de-France;France;Nantes;Nantes;Pays de la Loire;4.08;TGV/Intercités
5068;2024;France;Paris Saint-Lazare;Paris;Île-de-France;France;Rennes;Rennes;Bretagne;4.51;TGV/Intercités
5069;2024;France;Paris Saint-Lazare;Paris;Île-de-France;France;Strasbourg;Strasbourg;Grand Est;4.0;TGV/Intercités
5070;2024;France;Paris Montparnasse;Paris;Île-de-France;France;Paris Gare du Nord;Paris;Île-de-France;1.09;TGV/Intercités
5071;2024;France;Paris Montparnasse;Paris;Île-de-France;France;Paris Gare de Lyon;Paris;Île-de-France;1.23;TGV/Intercités
5072;2024;France;Paris Montparnasse;Paris;Île-de-France;France;Paris Saint-Lazare;Paris;Île-de-France;1.17;TGV/Intercités
5073;2024;France;Paris Montparnasse;Paris;Île-de-France;France;Paris Est;Paris;Île-de-France;1.15;TGV/Intercités
5074;2024;France;Paris Montparnasse;Paris;Île-de-France;France;Paris Austerlitz;Paris;Île-de-France;0.97;TGV/Intercités
5075;2024;France;Paris Montparnasse;Paris;Île-de-France;France;Lyon Part-Dieu;Lyon;Auvergne-Rhône-Alpes;8.11;TGV/Intercités
5076;2024;France;Paris Montparnasse;Paris;Île-de-France;France;Lyon Perrache;Lyon;Auvergne-Rhône-Alpes;8.65;TGV/Intercités
5077;2024;France;Paris Montparnasse;Paris;Île-de-France;France;Marseille Saint-Charles;Marseille;Provence-Alpes-Côte d'Azur;6.86;TGV/Intercités
5078;2024;France;Paris Montparnasse;Paris;Île-de-France;France;Lille Flandres;Lille;Hauts-de-France;7.5;TGV/Intercités
5079;2024;France;Paris Montparnasse;Paris;Île-de-France;France;Lille Europe;Lille;Hauts-de-France;8.36;TGV/Intercités
5080;2024;France;Paris Montparnasse;Paris;Île-de-France;France;Bordeaux Saint-Jean;Bordeaux;Nouvelle-Aquitaine;5.46;TGV/Intercités
5081;2024;France;Paris Montparnasse;Paris;Île-de-France;France;Toulouse Matabiau;Toulouse;Occitanie;4.72;TGV/Intercités
5082;2024;France;Paris Montparnasse;Paris;Île-de-France;France;Nantes;Nantes;Pays de la Loire;4.06;TGV/Intercités
5083;2024;France;Paris Montparnasse;Paris;Île-de-France;France;Rennes;Rennes;Bretagne;4.78;TGV/Intercités
5084;2024;France;Paris Montparnasse;Paris;Île-de-France;France;Strasbourg;Strasbourg;Grand Est;3.76;TGV/Intercités
5085;2024;France;Paris Est;Paris;Île-de-France;France;Paris Gare du Nord;Paris;Île-de-France;1.22;TGV/Intercités
5086;2024;France;Paris Est;Paris;Île-de-France;France;Paris Gare de Lyon;Paris;Île-de-France;1.1;TGV/Intercités
5087;2024;France;Paris Est;Paris;Île-de-France;France;Paris Saint-Lazare;Paris;Île-de-France;1.18;TGV/Intercités
5088;2024;France;Paris Est;Paris;Île-de-France;France;Paris Montparnasse;Paris;Île-de-France;0.94;TGV/Intercités
5089;2024;France;Paris Est;Paris;Île-de-France;France;Paris Austerlitz;Paris;Île-de-France;0.93;TGV/Intercités
5090;2024;France;Paris Est;Paris;Île-de-France;France;Lyon Part-Dieu;Lyon;Auvergne-Rhône-Alpes;7.51;TGV/Intercités
5091;2024;France;Paris Est;Paris;Île-de-France;France;Lyon Perrache;Lyon;Auvergne-Rhône-Alpes;8.23;TGV/Intercités
5092;2024;France;Paris Est;Paris;Île-de-France;France;Marseille Saint-Charles;Marseille;Provence-Alpes-Côte d'Azur;7.3;TGV/Intercités
5093;2024;France;Paris Est;Paris;Île-de-France;France;Lille Flandres;Lille;Hauts-de-France;7.09;TGV/Intercités
5094;2024;France;Paris Est;Paris;Île-de-France;France;Lille Europe;Lille;Hauts-de-France;7.44;TGV/Intercités
5095;2024;France;Paris Est;Paris;Île-de-France;France;Bordeaux Saint-Jean;Bordeaux;Nouvelle-Aquitaine;6.16;TGV/Intercités
5096;2024;France;Paris Est;Paris;Île-de-France;France;Toulouse Matabiau;Toulouse;Occitanie;4.65;TGV/Intercités
5097;2024;France;Paris Est;Paris;Île-de-France;France;Nantes;Nantes;Pays de la Loire;4.17;TGV/Intercités
5098;2024;France;Paris Est;Paris;Île-de-France;France;Rennes;Rennes;Bretagne;4.57;TGV/Intercités
5099;2024;France;Paris Est;Paris;Île-de-France;France;Strasbourg;Strasbourg;Grand Est;4.12;TGV/Intercités
5100;2024;France;Paris Austerlitz;Paris;Île-de-France;France;Paris Gare du Nord;Paris;Île-de-France;1.0;TGV/Intercités
5101;2024;France;Paris Austerlitz;Paris;Île-de-France;France;Paris Gare de Lyon;Paris;Île-de-France;0.97;TGV/Intercités
5102;2024;France;Paris Austerlitz;Paris;Île-de-France;France;Paris Saint-Lazare;Paris;Île-de-France;1.13;TGV/Intercités
5103;2024;France;Paris Austerlitz;Paris;Île-de-France;France;Paris Montparnasse;Paris;Île-de-France;1.02;TGV/Intercités
5104;2024;France;Paris Austerlitz;Paris;Île-de-France;France;Paris Est;Paris;Île-de-France;0.93;TGV/Intercités
5105;2024;France;Paris Austerlitz;Paris;Île-de-France;France;Lyon Part-Dieu;Lyon;Auvergne-Rhône-Alpes;7.66;TGV/Intercités
5106;2024;France;Paris Austerlitz;Paris;Île-de-France;France;Lyon Perrache;Lyon;Auvergne-Rhône-Alpes;7.69;TGV/Intercités
5107;2024;France;Paris Austerlitz;Paris;Île-de-France;France;Marseille Saint-Charles;Marseille;Provence-Alpes-Côte d'Azur;6.29;TGV/Intercités
5108;2024;France;Paris Austerlitz;Paris;Île-de-France;France;Lille Flandres;Lille;Hauts-de-France;8.41;TGV/Intercités
5109;2024;France;Paris Austerlitz;Paris;Île-de-France;France;Lille Europe;Lille;Hauts-de-France;8.36;TGV/Intercités
5110;2024;France;Paris Austerlitz;Paris;Île-de-France;France;Bordeaux Saint-Jean;Bordeaux;Nouvelle-Aquitaine;5.96;TGV/Intercités
5111;2024;France;Paris Austerlitz;Paris;Île-de-France;France;Toulouse Matabiau;Toulouse;Occitanie;4.16;TGV/Intercités
5112;2024;France;Paris Austerlitz;Paris;Île-de-France;France;Nantes;Nantes;Pays de la Loire;4.31;TGV/Intercités
5113;2024;France;Paris Austerlitz;Paris;Île-de-France;France;Rennes;Rennes;Bretagne;3.81;TGV/Intercités
5114;2024;France;Paris Austerlitz;Paris;Île-de-France;France;Strasbourg;Strasbourg;Grand Est;4.38;TGV/Intercités
5115;2024;France;Lyon Part-Dieu;Lyon;Auvergne-Rhône-Alpes;France;Paris Gare du Nord;Paris;Île-de-France;8.88;TGV/Intercités
5116;2024;France;Lyon Part-Dieu;Lyon;Auvergne-Rhône-Alpes;France;Paris Gare de Lyon;Paris;Île-de-France;7.36;TGV/Intercités
5117;2024;France;Lyon Part-Dieu;Lyon;Auvergne-Rhône-Alpes;France;Paris Saint-Lazare;Paris;Île-de-France;9.87;TGV/Intercités
5118;2024;France;Lyon Part-Dieu;Lyon;Auvergne-Rhône-Alpes;France;Paris Montparnasse;Paris;Île-de-France;8.41;TGV/Intercités
5119;2024;France;Lyon Part-Dieu;Lyon;Auvergne-Rhône-Alpes;France;Paris Est;Paris;Île-de-France;8.46;TGV/Intercités
5120;2024;France;Lyon Part-Dieu;Lyon;Auvergne-Rhône-Alpes;France;Paris Austerlitz;Paris;Île-de-France;8.24;TGV/Intercités
5121;2024;France;Lyon Part-Dieu;Lyon;Auvergne-Rhône-Alpes;France;Lyon Perrache;Lyon;Auvergne-Rhône-Alpes;1.07;TER/Intercités
5122;2024;France;Lyon Part-Dieu;Lyon;Auvergne-Rhône-Alpes;France;Marseille Saint-Charles;Marseille;Provence-Alpes-Côte d'Azur;1.04;TER/Intercités
5123;2024;France;Lyon Part-Dieu;Lyon;Auvergne-Rhône-Alpes;France;Lille Flandres;Lille;Hauts-de-France;1.01;TER/Intercités
5124;2024;France;Lyon Part-Dieu;Lyon;Auvergne-Rhône-Alpes;France;Lille Europe;Lille;Hauts-de-France;1.1;TER/Intercités
5125;2024;France;Lyon Part-Dieu;Lyon;Auvergne-Rhône-Alpes;France;Bordeaux Saint-Jean;Bordeaux;Nouvelle-Aquitaine;0.98;TER/Intercités
5126;2024;France;Lyon Part-Dieu;Lyon;Auvergne-Rhône-Alpes;France;Toulouse Matabiau;Toulouse;Occitanie;1.15;TER/Intercités
5127;2024;France;Lyon Part-Dieu;Lyon;Auvergne-Rhône-Alpes;France;Nantes;Nantes;Pays de la Loire;1.13;TER/Intercités
5128;2024;France;Lyon Part-Dieu;Lyon;Auvergne-Rhône-Alpes;France;Rennes;Rennes;Bretagne;1.0;TER/Intercités
5129;2024;France;Lyon Part-Dieu;Lyon;Auvergne-Rhône-Alpes;France;Strasbourg;Strasbourg;Grand Est;1.17;TER/Intercités
5130;2024;France;Lyon Perrache;Lyon;Auvergne-Rhône-Alpes;France;Paris Gare du Nord;Paris;Île-de-France;9.3;TGV/Intercités
5131;2024;France;Lyon Perrache;Lyon;Auvergne-Rhône-Alpes;France;Paris Gare de Lyon;Paris;Île-de-France;8.1;TGV/Intercités
5132;2024;France;Lyon Perrache;Lyon;Auvergne-Rhône-Alpes;France;Paris Saint-Lazare;Paris;Île-de-France;9.3;TGV/Intercités
5133;2024;France;Lyon Perrache;Lyon;Auvergne-Rhône-Alpes;France;Paris Montparnasse;Paris;Île-de-France;9.59;TGV/Intercités
5134;2024;France;Lyon Perrache;Lyon;Auvergne-Rhône-Alpes;France;Paris Est;Paris;Île-de-France;8.68;TGV/Intercités
5135;2024;France;Lyon Perrache;Lyon;Auvergne-Rhône-Alpes;France;Paris Austerlitz;Paris;Île-de-France;8.37;TGV/Intercités
5136;2024;France;Lyon Perrache;Lyon;Auvergne-Rhône-Alpes;France;Lyon Part-Dieu;Lyon;Auvergne-Rhône-Alpes;0.96;TER/Intercités
5137;2024;France;Lyon Perrache;Lyon;Auvergne-Rhône-Alpes;France;Marseille Saint-Charles;Marseille;Provence-Alpes-Côte d'Azur;0.97;TER/Intercités
5138;2024;France;Lyon Perrache;Lyon;Auvergne-Rhône-Alpes;France;Lille Flandres;Lille;Hauts-de-France;0.98;TER/Intercités
5139;2024;France;Lyon Perrache;Lyon;Auvergne-Rhône-Alpes;France;Lille Europe;Lille;Hauts-de-France;1.03;TER/Intercités
5140;2024;France;Lyon Perrache;Lyon;Auvergne-Rhône-Alpes;France;Bordeaux Saint-Jean;Bordeaux;Nouvelle-Aquitaine;1.07;TER/Intercités
5141;2024;France;Lyon Perrache;Lyon;Auvergne-Rhône-Alpes;France;Toulouse Matabiau;Toulouse;Occitanie;1.2;TER/Intercités
5142;2024;France;Lyon Perrache;Lyon;Auvergne-Rhône-Alpes;France;Nantes;Nantes;Pays de la Loire;1.16;TER/Intercités
5143;2024;France;Lyon Perrache;Lyon;Auvergne-Rhône-Alpes;France;Rennes;Rennes;Bretagne;1.19;TER/Intercités
5144;2024;France;Lyon Perrache;Lyon;Auvergne-Rhône-Alpes;France;Strasbourg;Strasbourg;Grand Est;0.95;TER/Intercités
5145;2024;France;Marseille Saint-Charles;Marseille;Provence-Alpes-Côte d'Azur;France;Paris Gare du Nord;Paris;Île-de-France;6.17;TGV/Intercités
5146;2024;France;Marseille Saint-Charles;Marseille;Provence-Alpes-Côte d'Azur;France;Paris Gare de Lyon;Paris;Île-de-France;7.11;TGV/Intercités
5147;2024;France;Marseille Saint-Charles;Marseille;Provence-Alpes-Côte d'Azur;France;Paris Saint-Lazare;Paris;Île-de-France;5.89;TGV/Intercités
5148;2024;France;Marseille Saint-Charles;Marseille;Provence-Alpes-Côte d'Azur;France;Paris Montparnasse;Paris;Île-de-France;7.2;TGV/Intercités
5149;2024;France;Marseille Saint-Charles;Marseille;Provence-Alpes-Côte d'Azur;France;Paris Est;Paris;Île-de-France;5.83;TGV/Intercités
5150;2024;France;Marseille Saint-Charles;Marseille;Provence-Alpes-Côte d'Azur;France;Paris Austerlitz;Paris;Île-de-France;7.0;TGV/Intercités
5151;2024;France;Marseille Saint-Charles;Marseille;Provence-Alpes-Côte d'Azur;France;Lyon Part-Dieu;Lyon;Auvergne-Rhône-Alpes;0.98;TER/Intercités
5152;2024;France;Marseille Saint-Charles;Marseille;Provence-Alpes-Côte d'Azur;France;Lyon Perrache;Lyon;Auvergne-Rhône-Alpes;1.01;TER/Intercités
5153;2024;France;Marseille Saint-Charles;Marseille;Provence-Alpes-Côte d'Azur;France;Lille Flandres;Lille;Hauts-de-France;1.07;TER/Intercités
5154;2024;France;Marseille Saint-Charles;Marseille;Provence-Alpes-Côte d'Azur;France;Lille Europe;Lille;Hauts-de-France;1.11;TER/Intercités
5155;2024;France;Marseille Saint-Charles;Marseille;Provence-Alpes-Côte d'Azur;France;Bordeaux Saint-Jean;Bordeaux;Nouvelle-Aquitaine;1.18;TER/Intercités
5156;2024;France;Marseille Saint-Charles;Marseille;Provence-Alpes-Côte d'Azur;France;Toulouse Matabiau;Toulouse;Occitanie;1.15;TER/Intercités
5157;2024;France;Marseille Saint-Charles;Marseille;Provence-Alpes-Côte d'Azur;France;Nantes;Nantes;Pays de la Loire;0.92;TER/Intercités
5158;2024;France;Marseille Saint-Charles;Marseille;Provence-Alpes-Côte d'Azur;France;Rennes;Rennes;Bretagne;1.18;TER/Intercités
5159;2024;France;Marseille Saint-Charles;Marseille;Provence-Alpes-Côte d'Azur;France;Strasbourg;Strasbourg;Grand Est;1.22;TER/Intercités
5160;2024;France;Lille Flandres;Lille;Hauts-de-France;France;Paris Gare du Nord;Paris;Île-de-France;8.1;TGV/Intercités
5161;2024;France;Lille Flandres;Lille;Hauts-de-France;France;Paris Gare de Lyon;Paris;Île-de-France;8.11;TGV/Intercités
5162;2024;France;Lille Flandres;Lille;Hauts-de-France;France;Paris Saint-Lazare;Paris;Île-de-France;7.97;TGV/Intercités
5163;2024;France;Lille Flandres;Lille;Hauts-de-France;France;Paris Montparnasse;Paris;Île-de-France;8.33;TGV/Intercités
5164;2024;France;Lille Flandres;Lille;Hauts-de-France;France;Paris Est;Paris;Île-de-France;8.17;TGV/Intercités
5165;2024;France;Lille Flandres;Lille;Hauts-de-France;France;Paris Austerlitz;Paris;Île-de-France;8.32;TGV/Intercités
5166;2024;France;Lille Flandres;Lille;Hauts-de-France;France;Lyon Part-Dieu;Lyon;Auvergne-Rhône-Alpes;1.03;TER/Intercités
5167;2024;France;Lille Flandres;Lille;Hauts-de-France;France;Lyon Perrache;Lyon;Auvergne-Rhône-Alpes;1.04;TER/Intercités
5168;2024;France;Lille Flandres;Lille;Hauts-de-France;France;Marseille Saint-Charles;Marseille;Provence-Alpes-Côte d'Azur;1.16;TER/Intercités
5169;2024;France;Lille Flandres;Lille;Hauts-de-France;France;Lille Europe;Lille;Hauts-de-France;1.2;TER/Intercités
5170;2024;France;Lille Flandres;Lille;Hauts-de-France;France;Bordeaux Saint-Jean;Bordeaux;Nouvelle-Aquitaine;1.2;TER/Intercités
5171;2024;France;Lille Flandres;Lille;Hauts-de-France;France;Toulouse Matabiau;Toulouse;Occitanie;0.99;TER/Intercités
5172;2024;France;Lille Flandres;Lille;Hauts-de-France;France;Nantes;Nantes;Pays de la Loire;1.05;TER/Intercités
5173;2024;France;Lille Flandres;Lille;Hauts-de-France;France;Rennes;Rennes;Bretagne;1.04;TER/Intercités
5174;2024;France;Lille Flandres;Lille;Hauts-de-France;France;Strasbourg;Strasbourg;Grand Est;0.92;TER/Intercités
5175;2024;France;Lille Europe;Lille;Hauts-de-France;France;Paris Gare du Nord;Paris;Île-de-France;6.52;TGV/Intercités
5176;2024;France;Lille Europe;Lille;Hauts-de-France;France;Paris Gare de Lyon;Paris;Île-de-France;6.59;TGV/Intercités
5177;2024;France;Lille Europe;Lille;Hauts-de-France;France;Paris Saint-Lazare;Paris;Île-de-France;8.04;TGV/Intercités
5178;2024;France;Lille Europe;Lille;Hauts-de-France;France;Paris Montparnasse;Paris;Île-de-France;7.2;TGV/Intercités
5179;2024;France;Lille Europe;Lille;Hauts-de-France;France;Paris Est;Paris;Île-de-France;6.68;TGV/Intercités
5180;2024;France;Lille Europe;Lille;Hauts-de-France;France;Paris Austerlitz;Paris;Île-de-France;6.45;TGV/Intercités
5181;2024;France;Lille Europe;Lille;Hauts-de-France;France;Lyon Part-Dieu;Lyon;Auvergne-Rhône-Alpes;0.97;TER/Intercités
5182;2024;France;Lille Europe;Lille;Hauts-de-France;France;Lyon Perrache;Lyon;Auvergne-Rhône-Alpes;1.23;TER/Intercités
5183;2024;France;Lille Europe;Lille;Hauts-de-France;France;Marseille Saint-Charles;Marseille;Provence-Alpes-Côte d'Azur;1.08;TER/Intercités
5184;2024;France;Lille Europe;Lille;Hauts-de-France;France;Lille Flandres;Lille;Hauts-de-France;1.01;TER/Intercités
5185;2024;France;Lille Europe;Lille;Hauts-de-France;France;Bordeaux Saint-Jean;Bordeaux;Nouvelle-Aquitaine;1.07;TER/Intercités
5186;2024;France;Lille Europe;Lille;Hauts-de-France;France;Toulouse Matabiau;Toulouse;Occitanie;1.18;TER/Intercités
5187;2024;France;Lille Europe;Lille;Hauts-de-France;France;Nantes;Nantes;Pays de la Loire;1.24;TER/Intercités
5188;2024;France;Lille Europe;Lille;Hauts-de-France;France;Rennes;Rennes;Bretagne;1.03;TER/Intercités
5189;2024;France;Lille Europe;Lille;Hauts-de-France;France;Strasbourg;Strasbourg;Grand Est;1.05;TER/Intercités
5190;2024;France;Bordeaux Saint-Jean;Bordeaux;Nouvelle-Aquitaine;France;Paris Gare du Nord;Paris;Île-de-France;5.3;TGV/Intercités
5191;2024;France;Bordeaux Saint-Jean;Bordeaux;Nouvelle-Aquitaine;France;Paris Gare de Lyon;Paris;Île-de-France;5.71;TGV/Intercités
5192;2024;France;Bordeaux Saint-Jean;Bordeaux;Nouvelle-Aquitaine;France;Paris Saint-Lazare;Paris;Île-de-France;5.49;TGV/Intercités
5193;2024;France;Bordeaux Saint-Jean;Bordeaux;Nouvelle-Aquitaine;France;Paris Montparnasse;Paris;Île-de-France;4.83;TGV/Intercités
5194;2024;France;Bordeaux Saint-Jean;Bordeaux;Nouvelle-Aquitaine;France;Paris Est;Paris;Île-de-France;5.88;TGV/Intercités
5195;2024;France;Bordeaux Saint-Jean;Bordeaux;Nouvelle-Aquitaine;France;Paris Austerlitz;Paris;Île-de-France;4.7;TGV/Intercités
5196;2024;France;Bordeaux Saint-Jean;Bordeaux;Nouvelle-Aquitaine;France;Lyon Part-Dieu;Lyon;Auvergne-Rhône-Alpes;1.01;TER/Intercités
5197;2024;France;Bordeaux Saint-Jean;Bordeaux;Nouvelle-Aquitaine;France;Lyon Perrache;Lyon;Auvergne-Rhône-Alpes;1.05;TER/Intercités
5198;2024;France;Bordeaux Saint-Jean;Bordeaux;Nouvelle-Aquitaine;France;Marseille Saint-Charles;Marseille;Provence-Alpes-Côte d'Azur;1.2;TER/Intercités
5199;2024;France;Bordeaux Saint-Jean;Bordeaux;Nouvelle-Aquitaine;France;Lille Flandres;Lille;Hauts-de-France;1.18;TER/Intercités
5200;2024;France;Bordeaux Saint-Jean;Bordeaux;Nouvelle-Aquitaine;France;Lille Europe;Lille;Hauts-de-France;1.18;TER/Intercités
5201;2024;France;Bordeaux Saint-Jean;Bordeaux;Nouvelle-Aquitaine;France;Toulouse Matabiau;Toulouse;Occitanie;1.03;TER/Intercités
5202;2024;France;Bordeaux Saint-Jean;Bordeaux;Nouvelle-Aquitaine;France;Nantes;Nantes;Pays de la Loire;1.01;TER/Intercités
5203;2024;France;Bordeaux Saint-Jean;Bordeaux;Nouvelle-Aquitaine;France;Rennes;Rennes;Bretagne;1.0;TER/Intercités
5204;2024;France;Bordeaux Saint-Jean;Bordeaux;Nouvelle-Aquitaine;France;Strasbourg;Strasbourg;Grand Est;0.99;TER/Intercités
5205;2024;France;Toulouse Matabiau;Toulouse;Occitanie;France;Paris Gare du Nord;Paris;Île-de-France;4.85;TGV/Intercités
5206;2024;France;Toulouse Matabiau;Toulouse;Occitanie;France;Paris Gare de Lyon;Paris;Île-de-France;4.57;TGV/Intercités
5207;2024;France;Toulouse Matabiau;Toulouse;Occitanie;France;Paris Saint-Lazare;Paris;Île-de-France;4.32;TGV/Intercités
5208;2024;France;Toulouse Matabiau;Toulouse;Occitanie;France;Paris Montparnasse;Paris;Île-de-France;4.91;TGV/Intercités
5209;2024;France;Toulouse Matabiau;Toulouse;Occitanie;France;Paris Est;Paris;Île-de-France;4.11;TGV/Intercités
5210;2024;France;Toulouse Matabiau;Toulouse;Occitanie;France;Paris Austerlitz;Paris;Île-de-France;4.72;TGV/Intercités
5211;2024;France;Toulouse Matabiau;Toulouse;Occitanie;France;Lyon Part-Dieu;Lyon;Auvergne-Rhône-Alpes;1.08;TER/Intercités
5212;2024;France;Toulouse Matabiau;Toulouse;Occitanie;France;Lyon Perrache;Lyon;Auvergne-Rhône-Alpes;1.2;TER/Intercités
5213;2024;France;Toulouse Matabiau;Toulouse;Occitanie;France;Marseille Saint-Charles;Marseille;Provence-Alpes-Côte d'Azur;0.94;TER/Intercités
5214;2024;France;Toulouse Matabiau;Toulouse;Occitanie;France;Lille Flandres;Lille;Hauts-de-France;1.14;TER/Intercités
5215;2024;France;Toulouse Matabiau;Toulouse;Occitanie;France;Lille Europe;Lille;Hauts-de-France;1.0;TER/Intercités
5216;2024;France;Toulouse Matabiau;Toulouse;Occitanie;France;Bordeaux Saint-Jean;Bordeaux;Nouvelle-Aquitaine;0.95;TER/Intercités
5217;2024;France;Toulouse Matabiau;Toulouse;Occitanie;France;Nantes;Nantes;Pays de la Loire;1.07;TER/Intercités
5218;2024;France;Toulouse Matabiau;Toulouse;Occitanie;France;Rennes;Rennes;Bretagne;1.13;TER/Intercités
5219;2024;France;Toulouse Matabiau;Toulouse;Occitanie;France;Strasbourg;Strasbourg;Grand Est;1.21;TER/Intercités
5220;2024;France;Nantes;Nantes;Pays de la Loire;France;Paris Gare du Nord;Paris;Île-de-France;3.92;TGV/Intercités
5221;2024;France;Nantes;Nantes;Pays de la Loire;France;Paris Gare de Lyon;Paris;Île-de-France;4.68;TGV/Intercités
5222;2024;France;Nantes;Nantes;Pays de la Loire;France;Paris Saint-Lazare;Paris;Île-de-France;4.53;TGV/Intercités
5223;2024;France;Nantes;Nantes;Pays de la Loire;France;Paris Montparnasse;Paris;Île-de-France;3.74;TGV/Intercités
5224;2024;France;Nantes;Nantes;Pays de la Loire;France;Paris Est;Paris;Île-de-France;4.06;TGV/Intercités
5225;2024;France;Nantes;Nantes;Pays de la Loire;France;Paris Austerlitz;Paris;Île-de-France;4.53;TGV/Intercités
5226;2024;France;Nantes;Nantes;Pays de la Loire;France;Lyon Part-Dieu;Lyon;Auvergne-Rhône-Alpes;0.92;TER/Intercités
5227;2024;France;Nantes;Nantes;Pays de la Loire;France;Lyon Perrache;Lyon;Auvergne-Rhône-Alpes;1.1;TER/Intercités
5228;2024;France;Nantes;Nantes;Pays de la Loire;France;Marseille Saint-Charles;Marseille;Provence-Alpes-Côte d'Azur;1.14;TER/Intercités
5229;2024;France;Nantes;Nantes;Pays de la Loire;France;Lille Flandres;Lille;Hauts-de-France;1.23;TER/Intercités
5230;2024;France;Nantes;Nantes;Pays de la Loire;France;Lille Europe;Lille;Hauts-de-France;0.92;TER/Intercités
5231;2024;France;Nantes;Nantes;Pays de la Loire;France;Bordeaux Saint-Jean;Bordeaux;Nouvelle-Aquitaine;1.22;TER/Intercités
5232;2024;France;Nantes;Nantes;Pays de la Loire;France;Toulouse Matabiau;Toulouse;Occitanie;1.1;TER/Intercités
5233;2024;France;Nantes;Nantes;Pays de la Loire;France;Rennes;Rennes;Bretagne;1.15;TER/Intercités
5234;2024;France;Nantes;Nantes;Pays de la Loire;France;Strasbourg;Strasbourg;Grand Est;1.04;TER/Intercités
5235;2024;France;Rennes;Rennes;Bretagne;France;Paris Gare du Nord;Paris;Île-de-France;3.72;TGV/Intercités
5236;2024;France;Rennes;Rennes;Bretagne;France;Paris Gare de Lyon;Paris;Île-de-France;4.65;TGV/Intercités
5237;2024;France;Rennes;Rennes;Bretagne;France;Paris Saint-Lazare;Paris;Île-de-France;4.59;TGV/Intercités
5238;2024;France;Rennes;Rennes;Bretagne;France;Paris Montparnasse;Paris;Île-de-France;4.04;TGV/Intercités
5239;2024;France;Rennes;Rennes;Bretagne;France;Paris Est;Paris;Île-de-France;3.83;TGV/Intercités
5240;2024;France;Rennes;Rennes;Bretagne;France;Paris Austerlitz;Paris;Île-de-France;4.0;TGV/Intercités
5241;2024;France;Rennes;Rennes;Bretagne;France;Lyon Part-Dieu;Lyon;Auvergne-Rhône-Alpes;1.09;TER/Intercités
5242;2024;France;Rennes;Rennes;Bretagne;France;Lyon Perrache;Lyon;Auvergne-Rhône-Alpes;0.98;TER/Intercités
5243;2024;France;Rennes;Rennes;Bretagne;France;Marseille Saint-Charles;Marseille;Provence-Alpes-Côte d'Azur;1.2;TER/Intercités
5244;2024;France;Rennes;Rennes;Bretagne;France;Lille Flandres;Lille;Hauts-de-France;1.07;TER/Intercités
5245;2024;France;Rennes;Rennes;Bretagne;France;Lille Europe;Lille;Hauts-de-France;1.13;TER/Intercités
5246;2024;France;Rennes;Rennes;Bretagne;France;Bordeaux Saint-Jean;Bordeaux;Nouvelle-Aquitaine;0.98;TER/Intercités
5247;2024;France;Rennes;Rennes;Bretagne;France;Toulouse Matabiau;Toulouse;Occitanie;0.96;TER/Intercités
5248;2024;France;Rennes;Rennes;Bretagne;France;Nantes;Nantes;Pays de la Loire;1.08;TER/Intercités
5249;2024;France;Rennes;Rennes;Bretagne;France;Strasbourg;Strasbourg;Grand Est;1.0;TER/Intercités
5250;2024;France;Strasbourg;Strasbourg;Grand Est;France;Paris Gare du Nord;Paris;Île-de-France;4.79;TGV/Intercités
5251;2024;France;Strasbourg;Strasbourg;Grand Est;France;Paris Gare de Lyon;Paris;Île-de-France;3.85;TGV/Intercités
5252;2024;France;Strasbourg;Strasbourg;Grand Est;France;Paris Saint-Lazare;Paris;Île-de-France;3.95;TGV/Intercités
5253;2024;France;Strasbourg;Strasbourg;Grand Est;France;Paris Montparnasse;Paris;Île-de-France;3.84;TGV/Intercités
5254;2024;France;Strasbourg;Strasbourg;Grand Est;France;Paris Est;Paris;Île-de-France;4.28;TGV/Intercités
5255;2024;France;Strasbourg;Strasbourg;Grand Est;France;Paris Austerlitz;Paris;Île-de-France;4.15;TGV/Intercités
5256;2024;France;Strasbourg;Strasbourg;Grand Est;France;Lyon Part-Dieu;Lyon;Auvergne-Rhône-Alpes;0.96;TER/Intercités
5257;2024;France;Strasbourg;Strasbourg;Grand Est;France;Lyon Perrache;Lyon;Auvergne-Rhône-Alpes;0.95;TER/Intercités
5258;2024;France;Strasbourg;Strasbourg;Grand Est;France;Marseille Saint-Charles;Marseille;Provence-Alpes-Côte d'Azur;1.22;TER/Intercités
5259;2024;France;Strasbourg;Strasbourg;Grand Est;France;Lille Flandres;Lille;Hauts-de-France;1.17;TER/Intercités
5260;2024;France;Strasbourg;Strasbourg;Grand Est;France;Lille Europe;Lille;Hauts-de-France;0.92;TER/Intercités
5261;2024;France;Strasbourg;Strasbourg;Grand Est;France;Bordeaux Saint-Jean;Bordeaux;Nouvelle-Aquitaine;1.17;TER/Intercités
5262;2024;France;Strasbourg;Strasbourg;Grand Est;France;Toulouse Matabiau;Toulouse;Occitanie;0.98;TER/Intercités
5263;2024;France;Strasbourg;Strasbourg;Grand Est;France;Nantes;Nantes;Pays de la Loire;1.24;TER/Intercités
5264;2024;France;Strasbourg;Strasbourg;Grand Est;France;Rennes;Rennes;Bretagne;1.13;TER/Intercités
5265;2016;Portugal;Lisboa Santa Apolónia;Lisboa;Lisboa;Portugal;Lisboa Oriente;Lisboa;Lisboa;0.1;Long-distance / Intercidades
5266;2016;Portugal;Porto Campanhã;Porto;Porto;Portugal;Coimbra-B;Coimbra;Coimbra;2.877;Long-distance / Intercidades
5267;2016;Portugal;Porto Campanhã;Porto;Porto;Portugal;Évora;Évora;Évora;0.973;Long-distance / Intercidades
5268;2016;Portugal;Coimbra-B;Coimbra;Coimbra;Portugal;Guimarães;Guimarães;Braga;1.089;Long-distance / Intercidades
5269;2016;Portugal;Faro;Faro;Faro;Portugal;Braga;Braga;Braga;0.834;Long-distance / Intercidades
5270;2016;Portugal;Faro;Faro;Faro;Portugal;Évora;Évora;Évora;0.468;Long-distance / Intercidades
5271;2016;Portugal;Faro;Faro;Faro;Portugal;Viana do Castelo;Viana do Castelo;Viana do Castelo;0.435;Long-distance / Intercidades
5272;2016;Portugal;Braga;Braga;Braga;Portugal;Lisboa Santa Apolónia;Lisboa;Lisboa;0.542;Regional / Urban
5273;2016;Portugal;Braga;Braga;Braga;Portugal;Guimarães;Guimarães;Braga;0.901;Regional / Urban
5274;2016;Portugal;Braga;Braga;Braga;Portugal;Évora;Évora;Évora;0.857;Regional / Urban
5275;2016;Portugal;Guimarães;Guimarães;Braga;Portugal;Braga;Braga;Braga;0.485;Regional / Urban
5276;2016;Portugal;Aveiro;Aveiro;Aveiro;Portugal;Braga;Braga;Braga;1.187;Regional / Urban
5277;2016;Portugal;Évora;Évora;Évora;Portugal;Guimarães;Guimarães;Braga;1.171;Regional / Long-distance
5278;2016;Portugal;Viana do Castelo;Viana do Castelo;Viana do Castelo;Portugal;Lisboa Oriente;Lisboa;Lisboa;0.287;Regional / Urban
5279;2016;Portugal;Viana do Castelo;Viana do Castelo;Viana do Castelo;Portugal;Guimarães;Guimarães;Braga;0.792;Regional / Urban
5280;2016;Portugal;Viana do Castelo;Viana do Castelo;Viana do Castelo;Portugal;Évora;Évora;Évora;1.398;Regional / Urban
5281;2017;Portugal;Lisboa Santa Apolónia;Lisboa;Lisboa;Portugal;Lisboa Oriente;Lisboa;Lisboa;1.115;Long-distance / Intercidades
5282;2017;Portugal;Lisboa Santa Apolónia;Lisboa;Lisboa;Portugal;Faro;Faro;Faro;0.904;Long-distance / Intercidades
5283;2017;Portugal;Lisboa Oriente;Lisboa;Lisboa;Portugal;Faro;Faro;Faro;1.466;Long-distance / Intercidades
5284;2017;Portugal;Porto Campanhã;Porto;Porto;Portugal;Faro;Faro;Faro;0.577;Long-distance / Intercidades
5285;2017;Portugal;Porto Campanhã;Porto;Porto;Portugal;Évora;Évora;Évora;0.851;Long-distance / Intercidades
5286;2017;Portugal;Porto Campanhã;Porto;Porto;Portugal;Viana do Castelo;Viana do Castelo;Viana do Castelo;1.581;Long-distance / Intercidades
5287;2017;Portugal;Coimbra-B;Coimbra;Coimbra;Portugal;Évora;Évora;Évora;0.823;Long-distance / Intercidades
5288;2017;Portugal;Coimbra-B;Coimbra;Coimbra;Portugal;Viana do Castelo;Viana do Castelo;Viana do Castelo;0.377;Long-distance / Intercidades
5289;2017;Portugal;Faro;Faro;Faro;Portugal;Lisboa Oriente;Lisboa;Lisboa;6.642;Long-distance / Intercidades
5290;2017;Portugal;Faro;Faro;Faro;Portugal;Braga;Braga;Braga;1.021;Long-distance / Intercidades
5291;2017;Portugal;Faro;Faro;Faro;Portugal;Guimarães;Guimarães;Braga;0.961;Long-distance / Intercidades
5292;2017;Portugal;Braga;Braga;Braga;Portugal;Faro;Faro;Faro;1.19;Regional / Urban
5293;2017;Portugal;Braga;Braga;Braga;Portugal;Guimarães;Guimarães;Braga;0.118;Regional / Urban
5294;2017;Portugal;Guimarães;Guimarães;Braga;Portugal;Braga;Braga;Braga;0.574;Regional / Urban
5295;2017;Portugal;Guimarães;Guimarães;Braga;Portugal;Aveiro;Aveiro;Aveiro;1.259;Regional / Urban
5296;2017;Portugal;Guimarães;Guimarães;Braga;Portugal;Viana do Castelo;Viana do Castelo;Viana do Castelo;1.536;Regional / Urban
5297;2017;Portugal;Aveiro;Aveiro;Aveiro;Portugal;Lisboa Santa Apolónia;Lisboa;Lisboa;0.885;Regional / Urban
5298;2017;Portugal;Évora;Évora;Évora;Portugal;Lisboa Oriente;Lisboa;Lisboa;0.876;Regional / Long-distance
5299;2017;Portugal;Évora;Évora;Évora;Portugal;Coimbra-B;Coimbra;Coimbra;0.757;Regional / Long-distance
5300;2017;Portugal;Évora;Évora;Évora;Portugal;Viana do Castelo;Viana do Castelo;Viana do Castelo;0.555;Regional / Long-distance
5301;2017;Portugal;Viana do Castelo;Viana do Castelo;Viana do Castelo;Portugal;Lisboa Oriente;Lisboa;Lisboa;0.589;Regional / Urban
5302;2018;Portugal;Lisboa Santa Apolónia;Lisboa;Lisboa;Portugal;Guimarães;Guimarães;Braga;0.049;Long-distance / Intercidades
5303;2018;Portugal;Lisboa Oriente;Lisboa;Lisboa;Portugal;Faro;Faro;Faro;0.972;Long-distance / Intercidades
5304;2018;Portugal;Porto Campanhã;Porto;Porto;Portugal;Coimbra-B;Coimbra;Coimbra;2.689;Long-distance / Intercidades
5305;2018;Portugal;Porto Campanhã;Porto;Porto;Portugal;Faro;Faro;Faro;1.582;Long-distance / Intercidades
5306;2018;Portugal;Porto Campanhã;Porto;Porto;Portugal;Braga;Braga;Braga;0.634;Long-distance / Intercidades
5307;2018;Portugal;Porto Campanhã;Porto;Porto;Portugal;Aveiro;Aveiro;Aveiro;0.458;Long-distance / Intercidades
5308;2018;Portugal;Coimbra-B;Coimbra;Coimbra;Portugal;Lisboa Oriente;Lisboa;Lisboa;5.746;Long-distance / Intercidades
5309;2018;Portugal;Coimbra-B;Coimbra;Coimbra;Portugal;Faro;Faro;Faro;0.785;Long-distance / Intercidades
5310;2018;Portugal;Coimbra-B;Coimbra;Coimbra;Portugal;Guimarães;Guimarães;Braga;0.475;Long-distance / Intercidades
5311;2018;Portugal;Coimbra-B;Coimbra;Coimbra;Portugal;Viana do Castelo;Viana do Castelo;Viana do Castelo;1.132;Long-distance / Intercidades
5312;2018;Portugal;Braga;Braga;Braga;Portugal;Évora;Évora;Évora;1.138;Regional / Urban
5313;2018;Portugal;Guimarães;Guimarães;Braga;Portugal;Porto Campanhã;Porto;Porto;0.64;Regional / Urban
5314;2018;Portugal;Guimarães;Guimarães;Braga;Portugal;Évora;Évora;Évora;1.023;Regional / Urban
5315;2018;Portugal;Évora;Évora;Évora;Portugal;Lisboa Oriente;Lisboa;Lisboa;0.195;Regional / Long-distance
5316;2018;Portugal;Évora;Évora;Évora;Portugal;Faro;Faro;Faro;0.566;Regional / Long-distance
5317;2018;Portugal;Viana do Castelo;Viana do Castelo;Viana do Castelo;Portugal;Lisboa Santa Apolónia;Lisboa;Lisboa;0.188;Regional / Urban
5318;2018;Portugal;Viana do Castelo;Viana do Castelo;Viana do Castelo;Portugal;Faro;Faro;Faro;0.828;Regional / Urban
5319;2018;Portugal;Viana do Castelo;Viana do Castelo;Viana do Castelo;Portugal;Braga;Braga;Braga;0.864;Regional / Urban
5320;2019;Portugal;Lisboa Santa Apolónia;Lisboa;Lisboa;Portugal;Aveiro;Aveiro;Aveiro;0.489;Long-distance / Intercidades
5321;2019;Portugal;Lisboa Santa Apolónia;Lisboa;Lisboa;Portugal;Évora;Évora;Évora;1.343;Long-distance / Intercidades
5322;2019;Portugal;Porto Campanhã;Porto;Porto;Portugal;Coimbra-B;Coimbra;Coimbra;4.826;Long-distance / Intercidades
5323;2019;Portugal;Braga;Braga;Braga;Portugal;Coimbra-B;Coimbra;Coimbra;1.281;Regional / Urban
5324;2019;Portugal;Braga;Braga;Braga;Portugal;Faro;Faro;Faro;1.347;Regional / Urban
5325;2019;Portugal;Guimarães;Guimarães;Braga;Portugal;Lisboa Oriente;Lisboa;Lisboa;0.824;Regional / Urban
5326;2019;Portugal;Aveiro;Aveiro;Aveiro;Portugal;Braga;Braga;Braga;0.877;Regional / Urban
5327;2019;Portugal;Évora;Évora;Évora;Portugal;Guimarães;Guimarães;Braga;0.286;Regional / Long-distance
5328;2019;Portugal;Évora;Évora;Évora;Portugal;Viana do Castelo;Viana do Castelo;Viana do Castelo;0.448;Regional / Long-distance
5329;2019;Portugal;Viana do Castelo;Viana do Castelo;Viana do Castelo;Portugal;Porto Campanhã;Porto;Porto;1.264;Regional / Urban
5330;2019;Portugal;Viana do Castelo;Viana do Castelo;Viana do Castelo;Portugal;Coimbra-B;Coimbra;Coimbra;0.149;Regional / Urban
5331;2019;Portugal;Viana do Castelo;Viana do Castelo;Viana do Castelo;Portugal;Faro;Faro;Faro;1.367;Regional / Urban
5332;2020;Portugal;Lisboa Santa Apolónia;Lisboa;Lisboa;Portugal;Lisboa Oriente;Lisboa;Lisboa;0.677;Long-distance / Intercidades
5333;2020;Portugal;Lisboa Santa Apolónia;Lisboa;Lisboa;Portugal;Coimbra-B;Coimbra;Coimbra;1.386;Long-distance / Intercidades
5334;2020;Portugal;Lisboa Santa Apolónia;Lisboa;Lisboa;Portugal;Évora;Évora;Évora;0.606;Long-distance / Intercidades
5335;2020;Portugal;Lisboa Oriente;Lisboa;Lisboa;Portugal;Guimarães;Guimarães;Braga;0.073;Long-distance / Intercidades
5336;2020;Portugal;Lisboa Oriente;Lisboa;Lisboa;Portugal;Aveiro;Aveiro;Aveiro;0.74;Long-distance / Intercidades
5337;2020;Portugal;Porto Campanhã;Porto;Porto;Portugal;Faro;Faro;Faro;1.604;Long-distance / Intercidades
5338;2020;Portugal;Porto Campanhã;Porto;Porto;Portugal;Évora;Évora;Évora;0.915;Long-distance / Intercidades
5339;2020;Portugal;Porto Campanhã;Porto;Porto;Portugal;Viana do Castelo;Viana do Castelo;Viana do Castelo;0.229;Long-distance / Intercidades
5340;2020;Portugal;Coimbra-B;Coimbra;Coimbra;Portugal;Lisboa Santa Apolónia;Lisboa;Lisboa;1.211;Long-distance / Intercidades
5341;2020;Portugal;Coimbra-B;Coimbra;Coimbra;Portugal;Porto Campanhã;Porto;Porto;5.012;Long-distance / Intercidades
5342;2020;Portugal;Coimbra-B;Coimbra;Coimbra;Portugal;Aveiro;Aveiro;Aveiro;0.325;Long-distance / Intercidades
5343;2020;Portugal;Faro;Faro;Faro;Portugal;Lisboa Santa Apolónia;Lisboa;Lisboa;1.448;Long-distance / Intercidades
5344;2020;Portugal;Faro;Faro;Faro;Portugal;Lisboa Oriente;Lisboa;Lisboa;3.745;Long-distance / Intercidades
5345;2020;Portugal;Faro;Faro;Faro;Portugal;Guimarães;Guimarães;Braga;0.397;Long-distance / Intercidades
5346;2020;Portugal;Aveiro;Aveiro;Aveiro;Portugal;Viana do Castelo;Viana do Castelo;Viana do Castelo;0.216;Regional / Urban
5347;2020;Portugal;Viana do Castelo;Viana do Castelo;Viana do Castelo;Portugal;Lisboa Oriente;Lisboa;Lisboa;1.07;Regional / Urban
5348;2020;Portugal;Viana do Castelo;Viana do Castelo;Viana do Castelo;Portugal;Porto Campanhã;Porto;Porto;0.94;Regional / Urban
5349;2021;Portugal;Lisboa Santa Apolónia;Lisboa;Lisboa;Portugal;Porto Campanhã;Porto;Porto;5.646;Long-distance / Intercidades
5350;2021;Portugal;Lisboa Oriente;Lisboa;Lisboa;Portugal;Lisboa Santa Apolónia;Lisboa;Lisboa;0.617;Long-distance / Intercidades
5351;2021;Portugal;Lisboa Oriente;Lisboa;Lisboa;Portugal;Évora;Évora;Évora;1.366;Long-distance / Intercidades
5352;2021;Portugal;Porto Campanhã;Porto;Porto;Portugal;Guimarães;Guimarães;Braga;0.494;Long-distance / Intercidades
5353;2021;Portugal;Porto Campanhã;Porto;Porto;Portugal;Évora;Évora;Évora;0.364;Long-distance / Intercidades
5354;2021;Portugal;Porto Campanhã;Porto;Porto;Portugal;Viana do Castelo;Viana do Castelo;Viana do Castelo;1.251;Long-distance / Intercidades
5355;2021;Portugal;Coimbra-B;Coimbra;Coimbra;Portugal;Lisboa Santa Apolónia;Lisboa;Lisboa;1.129;Long-distance / Intercidades
5356;2021;Portugal;Coimbra-B;Coimbra;Coimbra;Portugal;Faro;Faro;Faro;0.621;Long-distance / Intercidades
5357;2021;Portugal;Faro;Faro;Faro;Portugal;Coimbra-B;Coimbra;Coimbra;0.222;Long-distance / Intercidades
5358;2021;Portugal;Faro;Faro;Faro;Portugal;Aveiro;Aveiro;Aveiro;1.797;Long-distance / Intercidades
5359;2021;Portugal;Faro;Faro;Faro;Portugal;Évora;Évora;Évora;1.073;Long-distance / Intercidades
5360;2021;Portugal;Braga;Braga;Braga;Portugal;Coimbra-B;Coimbra;Coimbra;1.231;Regional / Urban
5361;2021;Portugal;Aveiro;Aveiro;Aveiro;Portugal;Porto Campanhã;Porto;Porto;1.77;Regional / Urban
5362;2021;Portugal;Aveiro;Aveiro;Aveiro;Portugal;Braga;Braga;Braga;0.782;Regional / Urban
5363;2021;Portugal;Aveiro;Aveiro;Aveiro;Portugal;Viana do Castelo;Viana do Castelo;Viana do Castelo;0.931;Regional / Urban
5364;2022;Portugal;Lisboa Santa Apolónia;Lisboa;Lisboa;Portugal;Braga;Braga;Braga;1.287;Long-distance / Intercidades
5365;2022;Portugal;Lisboa Santa Apolónia;Lisboa;Lisboa;Portugal;Aveiro;Aveiro;Aveiro;1.588;Long-distance / Intercidades
5366;2022;Portugal;Lisboa Oriente;Lisboa;Lisboa;Portugal;Faro;Faro;Faro;1.521;Long-distance / Intercidades
5367;2022;Portugal;Porto Campanhã;Porto;Porto;Portugal;Coimbra-B;Coimbra;Coimbra;4.74;Long-distance / Intercidades
5368;2022;Portugal;Coimbra-B;Coimbra;Coimbra;Portugal;Braga;Braga;Braga;1.791;Long-distance / Intercidades
5369;2022;Portugal;Coimbra-B;Coimbra;Coimbra;Portugal;Guimarães;Guimarães;Braga;0.402;Long-distance / Intercidades
5370;2022;Portugal;Faro;Faro;Faro;Portugal;Lisboa Santa Apolónia;Lisboa;Lisboa;1.301;Long-distance / Intercidades
5371;2022;Portugal;Faro;Faro;Faro;Portugal;Aveiro;Aveiro;Aveiro;0.379;Long-distance / Intercidades
5372;2022;Portugal;Braga;Braga;Braga;Portugal;Faro;Faro;Faro;0.842;Regional / Urban
5373;2022;Portugal;Guimarães;Guimarães;Braga;Portugal;Lisboa Oriente;Lisboa;Lisboa;0.764;Regional / Urban
5374;2022;Portugal;Aveiro;Aveiro;Aveiro;Portugal;Évora;Évora;Évora;0.982;Regional / Urban
5375;2022;Portugal;Viana do Castelo;Viana do Castelo;Viana do Castelo;Portugal;Lisboa Santa Apolónia;Lisboa;Lisboa;1.244;Regional / Urban
5376;2023;Portugal;Lisboa Oriente;Lisboa;Lisboa;Portugal;Aveiro;Aveiro;Aveiro;0.784;Long-distance / Intercidades
5377;2023;Portugal;Lisboa Oriente;Lisboa;Lisboa;Portugal;Viana do Castelo;Viana do Castelo;Viana do Castelo;0.415;Long-distance / Intercidades
5378;2023;Portugal;Porto Campanhã;Porto;Porto;Portugal;Coimbra-B;Coimbra;Coimbra;4.47;Long-distance / Intercidades
5379;2023;Portugal;Porto Campanhã;Porto;Porto;Portugal;Viana do Castelo;Viana do Castelo;Viana do Castelo;1.77;Long-distance / Intercidades
5380;2023;Portugal;Faro;Faro;Faro;Portugal;Évora;Évora;Évora;0.503;Long-distance / Intercidades
5381;2023;Portugal;Faro;Faro;Faro;Portugal;Viana do Castelo;Viana do Castelo;Viana do Castelo;0.475;Long-distance / Intercidades
5382;2023;Portugal;Braga;Braga;Braga;Portugal;Évora;Évora;Évora;0.396;Regional / Urban
5383;2023;Portugal;Guimarães;Guimarães;Braga;Portugal;Coimbra-B;Coimbra;Coimbra;0.722;Regional / Urban
5384;2023;Portugal;Guimarães;Guimarães;Braga;Portugal;Évora;Évora;Évora;1.041;Regional / Urban
5385;2023;Portugal;Évora;Évora;Évora;Portugal;Lisboa Oriente;Lisboa;Lisboa;1.605;Regional / Long-distance
5386;2023;Portugal;Évora;Évora;Évora;Portugal;Coimbra-B;Coimbra;Coimbra;0.432;Regional / Long-distance
5387;2023;Portugal;Viana do Castelo;Viana do Castelo;Viana do Castelo;Portugal;Lisboa Santa Apolónia;Lisboa;Lisboa;0.397;Regional / Urban
5388;2023;Portugal;Viana do Castelo;Viana do Castelo;Viana do Castelo;Portugal;Guimarães;Guimarães;Braga;0.112;Regional / Urban
5389;2024;Portugal;Lisboa Santa Apolónia;Lisboa;Lisboa;Portugal;Porto Campanhã;Porto;Porto;6.303;Long-distance / Intercidades
5390;2024;Portugal;Lisboa Santa Apolónia;Lisboa;Lisboa;Portugal;Évora;Évora;Évora;1.771;Long-distance / Intercidades
5391;2024;Portugal;Lisboa Oriente;Lisboa;Lisboa;Portugal;Coimbra-B;Coimbra;Coimbra;6.154;Long-distance / Intercidades
5392;2024;Portugal;Lisboa Oriente;Lisboa;Lisboa;Portugal;Braga;Braga;Braga;0.383;Long-distance / Intercidades
5393;2024;Portugal;Porto Campanhã;Porto;Porto;Portugal;Guimarães;Guimarães;Braga;1.808;Long-distance / Intercidades
5394;2024;Portugal;Porto Campanhã;Porto;Porto;Portugal;Aveiro;Aveiro;Aveiro;0.328;Long-distance / Intercidades
5395;2024;Portugal;Faro;Faro;Faro;Portugal;Lisboa Santa Apolónia;Lisboa;Lisboa;1.849;Long-distance / Intercidades
5396;2024;Portugal;Faro;Faro;Faro;Portugal;Porto Campanhã;Porto;Porto;0.222;Long-distance / Intercidades
5397;2024;Portugal;Guimarães;Guimarães;Braga;Portugal;Coimbra-B;Coimbra;Coimbra;0.468;Regional / Urban
5398;2024;Portugal;Guimarães;Guimarães;Braga;Portugal;Faro;Faro;Faro;0.92;Regional / Urban
5399;2024;Portugal;Évora;Évora;Évora;Portugal;Lisboa Santa Apolónia;Lisboa;Lisboa;1.062;Regional / Long-distance
5400;2024;Portugal;Évora;Évora;Évora;Portugal;Faro;Faro;Faro;1.579;Regional / Long-distance
5401;2024;Portugal;Évora;Évora;Évora;Portugal;Viana do Castelo;Viana do Castelo;Viana do Castelo;0.365;Regional / Long-distance
5402;2024;Portugal;Viana do Castelo;Viana do Castelo;Viana do Castelo;Portugal;Braga;Braga;Braga;0.821;Regional / Urban
5403;2016;Switzerland;Genève;Genève;Genève;Switzerland;Winterthur;Winterthur;Zürich;1.638;Long-distance
5404;2016;Switzerland;Genève;Genève;Genève;Switzerland;Fribourg/Freiburg;Fribourg;Fribourg;2.083;Long-distance
5405;2016;Switzerland;Lausanne;Lausanne;Vaud;Switzerland;Zürich HB;Zürich;Zürich;1.444;Long-distance
5406;2016;Switzerland;Lausanne;Lausanne;Vaud;Switzerland;Fribourg/Freiburg;Fribourg;Fribourg;0.639;Long-distance
5407;2016;Switzerland;Luzern;Luzern;Luzern;Switzerland;Lugano;Lugano;Ticino;1.649;Long-distance
5408;2016;Switzerland;Fribourg/Freiburg;Fribourg;Fribourg;Switzerland;Zürich HB;Zürich;Zürich;2.901;Regional
5409;2016;Switzerland;Fribourg/Freiburg;Fribourg;Fribourg;Switzerland;Lausanne;Lausanne;Vaud;4.017;Regional
5410;2016;Switzerland;Fribourg/Freiburg;Fribourg;Fribourg;Switzerland;St. Gallen;St. Gallen;St. Gallen;2.768;Regional
5411;2016;Switzerland;Lugano;Lugano;Ticino;Switzerland;Winterthur;Winterthur;Zürich;2.73;Long-distance
5412;2017;Switzerland;Zürich HB;Zürich;Zürich;Switzerland;Basel SBB;Basel;Basel-Stadt;10.468;Long-distance
5413;2017;Switzerland;Zürich HB;Zürich;Zürich;Switzerland;Luzern;Luzern;Luzern;3.5;Long-distance
5414;2017;Switzerland;Zürich HB;Zürich;Zürich;Switzerland;Winterthur;Winterthur;Zürich;1.183;Long-distance
5415;2017;Switzerland;Zürich HB;Zürich;Zürich;Switzerland;St. Gallen;St. Gallen;St. Gallen;3.256;Long-distance
5416;2017;Switzerland;Genève;Genève;Genève;Switzerland;Bern;Bern;Bern;2.084;Long-distance
5417;2017;Switzerland;Genève;Genève;Genève;Switzerland;Fribourg/Freiburg;Fribourg;Fribourg;0.43;Long-distance
5418;2017;Switzerland;Basel SBB;Basel;Basel-Stadt;Switzerland;Zürich HB;Zürich;Zürich;3.049;Long-distance
5419;2017;Switzerland;Basel SBB;Basel;Basel-Stadt;Switzerland;St. Gallen;St. Gallen;St. Gallen;1.633;Long-distance
5420;2017;Switzerland;Basel SBB;Basel;Basel-Stadt;Switzerland;Fribourg/Freiburg;Fribourg;Fribourg;1.668;Long-distance
5421;2017;Switzerland;St. Gallen;St. Gallen;St. Gallen;Switzerland;Genève;Genève;Genève;1.517;Regional
5422;2017;Switzerland;Lugano;Lugano;Ticino;Switzerland;Zürich HB;Zürich;Zürich;3.253;Long-distance
5423;2018;Switzerland;Zürich HB;Zürich;Zürich;Switzerland;Bern;Bern;Bern;7.515;Long-distance
5424;2018;Switzerland;Zürich HB;Zürich;Zürich;Switzerland;Genève;Genève;Genève;3.876;Long-distance
5425;2018;Switzerland;Bern;Bern;Bern;Switzerland;Lausanne;Lausanne;Vaud;3.622;Long-distance
5426;2018;Switzerland;Bern;Bern;Bern;Switzerland;Fribourg/Freiburg;Fribourg;Fribourg;1.408;Long-distance
5427;2018;Switzerland;Lausanne;Lausanne;Vaud;Switzerland;Basel SBB;Basel;Basel-Stadt;0.774;Long-distance
5428;2018;Switzerland;Luzern;Luzern;Luzern;Switzerland;Bern;Bern;Bern;0.34;Long-distance
5429;2018;Switzerland;Winterthur;Winterthur;Zürich;Switzerland;Genève;Genève;Genève;2.722;Regional
5430;2018;Switzerland;St. Gallen;St. Gallen;St. Gallen;Switzerland;Lausanne;Lausanne;Vaud;4.751;Regional
5431;2018;Switzerland;St. Gallen;St. Gallen;St. Gallen;Switzerland;Lugano;Lugano;Ticino;0.569;Regional
5432;2018;Switzerland;Fribourg/Freiburg;Fribourg;Fribourg;Switzerland;Lausanne;Lausanne;Vaud;2.553;Regional
5433;2018;Switzerland;Lugano;Lugano;Ticino;Switzerland;Luzern;Luzern;Luzern;2.695;Long-distance
5434;2018;Switzerland;Lugano;Lugano;Ticino;Switzerland;Fribourg/Freiburg;Fribourg;Fribourg;2.439;Long-distance
5435;2019;Switzerland;Zürich HB;Zürich;Zürich;Switzerland;Bern;Bern;Bern;9.76;Long-distance
5436;2019;Switzerland;Zürich HB;Zürich;Zürich;Switzerland;Fribourg/Freiburg;Fribourg;Fribourg;3.444;Long-distance
5437;2019;Switzerland;Bern;Bern;Bern;Switzerland;Genève;Genève;Genève;2.563;Long-distance
5438;2019;Switzerland;Genève;Genève;Genève;Switzerland;Luzern;Luzern;Luzern;2.885;Long-distance
5439;2019;Switzerland;Basel SBB;Basel;Basel-Stadt;Switzerland;Lausanne;Lausanne;Vaud;2.234;Long-distance
5440;2019;Switzerland;Lausanne;Lausanne;Vaud;Switzerland;Zürich HB;Zürich;Zürich;0.38;Long-distance
5441;2019;Switzerland;Luzern;Luzern;Luzern;Switzerland;Genève;Genève;Genève;3.045;Long-distance
5442;2019;Switzerland;Luzern;Luzern;Luzern;Switzerland;Lausanne;Lausanne;Vaud;3.233;Long-distance
5443;2019;Switzerland;Luzern;Luzern;Luzern;Switzerland;Fribourg/Freiburg;Fribourg;Fribourg;0.136;Long-distance
5444;2019;Switzerland;Fribourg/Freiburg;Fribourg;Fribourg;Switzerland;Luzern;Luzern;Luzern;4.444;Regional
5445;2019;Switzerland;Lugano;Lugano;Ticino;Switzerland;Zürich HB;Zürich;Zürich;2.551;Long-distance
5446;2020;Switzerland;Zürich HB;Zürich;Zürich;Switzerland;Winterthur;Winterthur;Zürich;2.002;Long-distance
5447;2020;Switzerland;Bern;Bern;Bern;Switzerland;Zürich HB;Zürich;Zürich;3.321;Long-distance
5448;2020;Switzerland;Bern;Bern;Bern;Switzerland;Lugano;Lugano;Ticino;3.419;Long-distance
5449;2020;Switzerland;Basel SBB;Basel;Basel-Stadt;Switzerland;Zürich HB;Zürich;Zürich;6.342;Long-distance
5450;2020;Switzerland;Fribourg/Freiburg;Fribourg;Fribourg;Switzerland;Lausanne;Lausanne;Vaud;3.188;Regional
5451;2021;Switzerland;Zürich HB;Zürich;Zürich;Switzerland;Genève;Genève;Genève;1.569;Long-distance
5452;2021;Switzerland;Genève;Genève;Genève;Switzerland;Zürich HB;Zürich;Zürich;3.184;Long-distance
5453;2021;Switzerland;Basel SBB;Basel;Basel-Stadt;Switzerland;Lausanne;Lausanne;Vaud;0.78;Long-distance
5454;2021;Switzerland;Lausanne;Lausanne;Vaud;Switzerland;Basel SBB;Basel;Basel-Stadt;1.672;Long-distance
5455;2021;Switzerland;Lausanne;Lausanne;Vaud;Switzerland;Fribourg/Freiburg;Fribourg;Fribourg;3.835;Long-distance
5456;2021;Switzerland;Luzern;Luzern;Luzern;Switzerland;Genève;Genève;Genève;3.476;Long-distance
5457;2021;Switzerland;Winterthur;Winterthur;Zürich;Switzerland;Lausanne;Lausanne;Vaud;4.115;Regional
5458;2021;Switzerland;St. Gallen;St. Gallen;St. Gallen;Switzerland;Bern;Bern;Bern;2.232;Regional
5459;2021;Switzerland;St. Gallen;St. Gallen;St. Gallen;Switzerland;Basel SBB;Basel;Basel-Stadt;4.059;Regional
5460;2021;Switzerland;Fribourg/Freiburg;Fribourg;Fribourg;Switzerland;Winterthur;Winterthur;Zürich;1.47;Regional
5461;2021;Switzerland;Lugano;Lugano;Ticino;Switzerland;Genève;Genève;Genève;2.371;Long-distance
5462;2021;Switzerland;Lugano;Lugano;Ticino;Switzerland;Luzern;Luzern;Luzern;4.003;Long-distance
5463;2022;Switzerland;Bern;Bern;Bern;Switzerland;Winterthur;Winterthur;Zürich;2.669;Long-distance
5464;2022;Switzerland;Lausanne;Lausanne;Vaud;Switzerland;Bern;Bern;Bern;1.442;Long-distance
5465;2022;Switzerland;St. Gallen;St. Gallen;St. Gallen;Switzerland;Genève;Genève;Genève;3.616;Regional
5466;2022;Switzerland;St. Gallen;St. Gallen;St. Gallen;Switzerland;Luzern;Luzern;Luzern;3.491;Regional
5467;2022;Switzerland;Lugano;Lugano;Ticino;Switzerland;St. Gallen;St. Gallen;St. Gallen;1.357;Long-distance
5468;2023;Switzerland;Zürich HB;Zürich;Zürich;Switzerland;Bern;Bern;Bern;8.619;Long-distance
5469;2023;Switzerland;Zürich HB;Zürich;Zürich;Switzerland;Genève;Genève;Genève;1.671;Long-distance
5470;2023;Switzerland;Genève;Genève;Genève;Switzerland;St. Gallen;St. Gallen;St. Gallen;3.896;Long-distance
5471;2023;Switzerland;Basel SBB;Basel;Basel-Stadt;Switzerland;Luzern;Luzern;Luzern;1.624;Long-distance
5472;2023;Switzerland;Luzern;Luzern;Luzern;Switzerland;Winterthur;Winterthur;Zürich;2.543;Long-distance
5473;2023;Switzerland;Winterthur;Winterthur;Zürich;Switzerland;Zürich HB;Zürich;Zürich;3.019;Regional
5474;2023;Switzerland;St. Gallen;St. Gallen;St. Gallen;Switzerland;Bern;Bern;Bern;1.453;Regional
5475;2024;Switzerland;Zürich HB;Zürich;Zürich;Switzerland;Bern;Bern;Bern;6.389;Long-distance
5476;2024;Switzerland;Zürich HB;Zürich;Zürich;Switzerland;Lausanne;Lausanne;Vaud;1.217;Long-distance
5477;2024;Switzerland;Bern;Bern;Bern;Switzerland;Luzern;Luzern;Luzern;1.072;Long-distance
5478;2024;Switzerland;Bern;Bern;Bern;Switzerland;Lugano;Lugano;Ticino;3.711;Long-distance
5479;2024;Switzerland;Genève;Genève;Genève;Switzerland;Zürich HB;Zürich;Zürich;2.857;Long-distance
5480;2024;Switzerland;Genève;Genève;Genève;Switzerland;Lugano;Lugano;Ticino;2.94;Long-distance
5481;2024;Switzerland;Basel SBB;Basel;Basel-Stadt;Switzerland;Bern;Bern;Bern;2.509;Long-distance
5482;2024;Switzerland;Basel SBB;Basel;Basel-Stadt;Switzerland;Luzern;Luzern;Luzern;3.817;Long-distance
5483;2024;Switzerland;Basel SBB;Basel;Basel-Stadt;Switzerland;Lugano;Lugano;Ticino;0.157;Long-distance
5484;2024;Switzerland;Lausanne;Lausanne;Vaud;Switzerland;Luzern;Luzern;Luzern;4.547;Long-distance
5485;2024;Switzerland;Winterthur;Winterthur;Zürich;Switzerland;Bern;Bern;Bern;2.934;Regional
5486;2024;Switzerland;Winterthur;Winterthur;Zürich;Switzerland;Luzern;Luzern;Luzern;3.155;Regional
5487;2024;Switzerland;Fribourg/Freiburg;Fribourg;Fribourg;Switzerland;Winterthur;Winterthur;Zürich;3.597;Regional
5488;2024;Switzerland;Lugano;Lugano;Ticino;Switzerland;Basel SBB;Basel;Basel-Stadt;0.905;Long-distance
5489;2024;Switzerland;Lugano;Lugano;Ticino;Switzerland;St. Gallen;St. Gallen;St. Gallen;1.519;Long-distance
5490;2024;Switzerland;Lugano;Lugano;Ticino;Switzerland;Fribourg/Freiburg;Fribourg;Fribourg;4.87;Long-distance
5491;2016;Spain;Madrid Puerta de Atocha;Madrid;Comunidad de Madrid;Spain;Barcelona Sants;Barcelona;Cataluña;10.439;Larga Distancia / AVE
5492;2016;Spain;Madrid Puerta de Atocha;Madrid;Comunidad de Madrid;Spain;Málaga María Zambrano;Málaga;Andalucía;3.071;Larga Distancia / AVE
5493;2016;Spain;Madrid Puerta de Atocha;Madrid;Comunidad de Madrid;Spain;Zaragoza Delicias;Zaragoza;Aragón;1.498;Larga Distancia / AVE
5494;2016;Spain;Madrid Chamartín;Madrid;Comunidad de Madrid;Spain;Zaragoza Delicias;Zaragoza;Aragón;0.777;Larga Distancia / AVE
5495;2016;Spain;Madrid Chamartín;Madrid;Comunidad de Madrid;Spain;Valladolid Campo Grande;Valladolid;Castilla y León;2.993;Larga Distancia / AVE
5496;2016;Spain;Barcelona Sants;Barcelona;Cataluña;Spain;Málaga María Zambrano;Málaga;Andalucía;0.192;Larga Distancia / AVE
5497;2016;Spain;Valencia Joaquín Sorolla;Valencia;Comunidad Valenciana;Spain;Valladolid Campo Grande;Valladolid;Castilla y León;3.929;Larga Distancia / AVE
5498;2016;Spain;Sevilla Santa Justa;Sevilla;Andalucía;Spain;Barcelona Sants;Barcelona;Cataluña;4.057;Larga Distancia / AVE
5499;2016;Spain;Sevilla Santa Justa;Sevilla;Andalucía;Spain;Valencia Joaquín Sorolla;Valencia;Comunidad Valenciana;0.802;Larga Distancia / AVE
5500;2016;Spain;Málaga María Zambrano;Málaga;Andalucía;Spain;Madrid Puerta de Atocha;Madrid;Comunidad de Madrid;1.569;Larga Distancia / AVE
5501;2016;Spain;Málaga María Zambrano;Málaga;Andalucía;Spain;Sevilla Santa Justa;Sevilla;Andalucía;0.626;Larga Distancia / AVE
5502;2016;Spain;Málaga María Zambrano;Málaga;Andalucía;Spain;Alicante Terminal;Alicante;Comunidad Valenciana;1.169;Larga Distancia / AVE
5503;2016;Spain;Valladolid Campo Grande;Valladolid;Castilla y León;Spain;Madrid Puerta de Atocha;Madrid;Comunidad de Madrid;2.94;Larga Distancia
5504;2016;Spain;Valladolid Campo Grande;Valladolid;Castilla y León;Spain;Sevilla Santa Justa;Sevilla;Andalucía;2.681;Larga Distancia
5505;2017;Spain;Madrid Puerta de Atocha;Madrid;Comunidad de Madrid;Spain;Bilbao-Abando Indalecio Prieto;Bilbao;País Vasco;0.728;Larga Distancia / AVE
5506;2017;Spain;Madrid Chamartín;Madrid;Comunidad de Madrid;Spain;Málaga María Zambrano;Málaga;Andalucía;2.989;Larga Distancia / AVE
5507;2017;Spain;Madrid Chamartín;Madrid;Comunidad de Madrid;Spain;Bilbao-Abando Indalecio Prieto;Bilbao;País Vasco;4.499;Larga Distancia / AVE
5508;2017;Spain;Valencia Joaquín Sorolla;Valencia;Comunidad Valenciana;Spain;Valladolid Campo Grande;Valladolid;Castilla y León;2.932;Larga Distancia / AVE
5509;2017;Spain;Málaga María Zambrano;Málaga;Andalucía;Spain;Barcelona Sants;Barcelona;Cataluña;2.712;Larga Distancia / AVE
5510;2017;Spain;Málaga María Zambrano;Málaga;Andalucía;Spain;Valladolid Campo Grande;Valladolid;Castilla y León;0.21;Larga Distancia / AVE
5511;2017;Spain;Alicante Terminal;Alicante;Comunidad Valenciana;Spain;Valladolid Campo Grande;Valladolid;Castilla y León;2.505;Larga Distancia / AVE
5512;2017;Spain;Bilbao-Abando Indalecio Prieto;Bilbao;País Vasco;Spain;Sevilla Santa Justa;Sevilla;Andalucía;2.356;Larga Distancia
5513;2017;Spain;Valladolid Campo Grande;Valladolid;Castilla y León;Spain;Valencia Joaquín Sorolla;Valencia;Comunidad Valenciana;1.886;Larga Distancia
5514;2017;Spain;Valladolid Campo Grande;Valladolid;Castilla y León;Spain;Málaga María Zambrano;Málaga;Andalucía;1.813;Larga Distancia
5515;2018;Spain;Madrid Puerta de Atocha;Madrid;Comunidad de Madrid;Spain;Madrid Chamartín;Madrid;Comunidad de Madrid;3.35;Larga Distancia / AVE
5516;2018;Spain;Madrid Puerta de Atocha;Madrid;Comunidad de Madrid;Spain;Valencia Joaquín Sorolla;Valencia;Comunidad Valenciana;1.793;Larga Distancia / AVE
5517;2018;Spain;Madrid Chamartín;Madrid;Comunidad de Madrid;Spain;Alicante Terminal;Alicante;Comunidad Valenciana;0.27;Larga Distancia / AVE
5518;2018;Spain;Barcelona Sants;Barcelona;Cataluña;Spain;Valencia Joaquín Sorolla;Valencia;Comunidad Valenciana;13.201;Larga Distancia / AVE
5519;2018;Spain;Sevilla Santa Justa;Sevilla;Andalucía;Spain;Madrid Puerta de Atocha;Madrid;Comunidad de Madrid;9.83;Larga Distancia / AVE
5520;2018;Spain;Alicante Terminal;Alicante;Comunidad Valenciana;Spain;Madrid Chamartín;Madrid;Comunidad de Madrid;1.745;Larga Distancia / AVE
5521;2018;Spain;Valladolid Campo Grande;Valladolid;Castilla y León;Spain;Madrid Chamartín;Madrid;Comunidad de Madrid;3.34;Larga Distancia
5522;2019;Spain;Madrid Puerta de Atocha;Madrid;Comunidad de Madrid;Spain;Barcelona Sants;Barcelona;Cataluña;4.713;Larga Distancia / AVE
5523;2019;Spain;Madrid Chamartín;Madrid;Comunidad de Madrid;Spain;Sevilla Santa Justa;Sevilla;Andalucía;0.591;Larga Distancia / AVE
5524;2019;Spain;Sevilla Santa Justa;Sevilla;Andalucía;Spain;Valladolid Campo Grande;Valladolid;Castilla y León;2.733;Larga Distancia / AVE
5525;2019;Spain;Málaga María Zambrano;Málaga;Andalucía;Spain;Barcelona Sants;Barcelona;Cataluña;3.162;Larga Distancia / AVE
5526;2019;Spain;Zaragoza Delicias;Zaragoza;Aragón;Spain;Madrid Puerta de Atocha;Madrid;Comunidad de Madrid;2.361;Larga Distancia / AVE
5527;2019;Spain;Bilbao-Abando Indalecio Prieto;Bilbao;País Vasco;Spain;Sevilla Santa Justa;Sevilla;Andalucía;2.611;Larga Distancia
5528;2019;Spain;Valladolid Campo Grande;Valladolid;Castilla y León;Spain;Madrid Chamartín;Madrid;Comunidad de Madrid;3.216;Larga Distancia
5529;2019;Spain;Valladolid Campo Grande;Valladolid;Castilla y León;Spain;Valencia Joaquín Sorolla;Valencia;Comunidad Valenciana;2.345;Larga Distancia
5530;2020;Spain;Barcelona Sants;Barcelona;Cataluña;Spain;Madrid Chamartín;Madrid;Comunidad de Madrid;0.317;Larga Distancia / AVE
5531;2020;Spain;Valencia Joaquín Sorolla;Valencia;Comunidad Valenciana;Spain;Madrid Puerta de Atocha;Madrid;Comunidad de Madrid;0.582;Larga Distancia / AVE
5532;2020;Spain;Zaragoza Delicias;Zaragoza;Aragón;Spain;Barcelona Sants;Barcelona;Cataluña;0.49;Larga Distancia / AVE
5533;2020;Spain;Alicante Terminal;Alicante;Comunidad Valenciana;Spain;Madrid Puerta de Atocha;Madrid;Comunidad de Madrid;1.389;Larga Distancia / AVE
5534;2020;Spain;Alicante Terminal;Alicante;Comunidad Valenciana;Spain;Málaga María Zambrano;Málaga;Andalucía;3.317;Larga Distancia / AVE
5535;2020;Spain;Bilbao-Abando Indalecio Prieto;Bilbao;País Vasco;Spain;Valencia Joaquín Sorolla;Valencia;Comunidad Valenciana;2.148;Larga Distancia
5536;2020;Spain;Valladolid Campo Grande;Valladolid;Castilla y León;Spain;Madrid Chamartín;Madrid;Comunidad de Madrid;3.362;Larga Distancia
5537;2021;Spain;Madrid Puerta de Atocha;Madrid;Comunidad de Madrid;Spain;Valencia Joaquín Sorolla;Valencia;Comunidad Valenciana;1.924;Larga Distancia / AVE
5538;2021;Spain;Madrid Chamartín;Madrid;Comunidad de Madrid;Spain;Madrid Puerta de Atocha;Madrid;Comunidad de Madrid;2.78;Larga Distancia / AVE
5539;2021;Spain;Barcelona Sants;Barcelona;Cataluña;Spain;Málaga María Zambrano;Málaga;Andalucía;2.047;Larga Distancia / AVE
5540;2021;Spain;Sevilla Santa Justa;Sevilla;Andalucía;Spain;Madrid Puerta de Atocha;Madrid;Comunidad de Madrid;9.594;Larga Distancia / AVE
5541;2021;Spain;Sevilla Santa Justa;Sevilla;Andalucía;Spain;Madrid Chamartín;Madrid;Comunidad de Madrid;1.028;Larga Distancia / AVE
5542;2021;Spain;Sevilla Santa Justa;Sevilla;Andalucía;Spain;Barcelona Sants;Barcelona;Cataluña;2.938;Larga Distancia / AVE
5543;2021;Spain;Alicante Terminal;Alicante;Comunidad Valenciana;Spain;Sevilla Santa Justa;Sevilla;Andalucía;3.47;Larga Distancia / AVE
5544;2021;Spain;Bilbao-Abando Indalecio Prieto;Bilbao;País Vasco;Spain;Madrid Puerta de Atocha;Madrid;Comunidad de Madrid;2.781;Larga Distancia
5545;2021;Spain;Bilbao-Abando Indalecio Prieto;Bilbao;País Vasco;Spain;Zaragoza Delicias;Zaragoza;Aragón;1.473;Larga Distancia
5546;2021;Spain;Valladolid Campo Grande;Valladolid;Castilla y León;Spain;Zaragoza Delicias;Zaragoza;Aragón;1.511;Larga Distancia
5547;2022;Spain;Madrid Chamartín;Madrid;Comunidad de Madrid;Spain;Valencia Joaquín Sorolla;Valencia;Comunidad Valenciana;5.514;Larga Distancia / AVE
5548;2022;Spain;Valencia Joaquín Sorolla;Valencia;Comunidad Valenciana;Spain;Sevilla Santa Justa;Sevilla;Andalucía;4.578;Larga Distancia / AVE
5549;2022;Spain;Sevilla Santa Justa;Sevilla;Andalucía;Spain;Bilbao-Abando Indalecio Prieto;Bilbao;País Vasco;0.551;Larga Distancia / AVE
5550;2022;Spain;Málaga María Zambrano;Málaga;Andalucía;Spain;Sevilla Santa Justa;Sevilla;Andalucía;1.168;Larga Distancia / AVE
5551;2022;Spain;Alicante Terminal;Alicante;Comunidad Valenciana;Spain;Barcelona Sants;Barcelona;Cataluña;1.28;Larga Distancia / AVE
5552;2022;Spain;Alicante Terminal;Alicante;Comunidad Valenciana;Spain;Valencia Joaquín Sorolla;Valencia;Comunidad Valenciana;1.66;Larga Distancia / AVE
5553;2022;Spain;Valladolid Campo Grande;Valladolid;Castilla y León;Spain;Málaga María Zambrano;Málaga;Andalucía;2.536;Larga Distancia
5554;2023;Spain;Madrid Puerta de Atocha;Madrid;Comunidad de Madrid;Spain;Zaragoza Delicias;Zaragoza;Aragón;3.276;Larga Distancia / AVE
5555;2023;Spain;Madrid Puerta de Atocha;Madrid;Comunidad de Madrid;Spain;Alicante Terminal;Alicante;Comunidad Valenciana;0.617;Larga Distancia / AVE
5556;2023;Spain;Madrid Puerta de Atocha;Madrid;Comunidad de Madrid;Spain;Bilbao-Abando Indalecio Prieto;Bilbao;País Vasco;2.458;Larga Distancia / AVE
5557;2023;Spain;Madrid Chamartín;Madrid;Comunidad de Madrid;Spain;Málaga María Zambrano;Málaga;Andalucía;3.891;Larga Distancia / AVE
5558;2023;Spain;Barcelona Sants;Barcelona;Cataluña;Spain;Madrid Puerta de Atocha;Madrid;Comunidad de Madrid;13.452;Larga Distancia / AVE
5559;2023;Spain;Barcelona Sants;Barcelona;Cataluña;Spain;Málaga María Zambrano;Málaga;Andalucía;4.114;Larga Distancia / AVE
5560;2023;Spain;Valencia Joaquín Sorolla;Valencia;Comunidad Valenciana;Spain;Málaga María Zambrano;Málaga;Andalucía;1.293;Larga Distancia / AVE
5561;2023;Spain;Valencia Joaquín Sorolla;Valencia;Comunidad Valenciana;Spain;Bilbao-Abando Indalecio Prieto;Bilbao;País Vasco;1.931;Larga Distancia / AVE
5562;2023;Spain;Málaga María Zambrano;Málaga;Andalucía;Spain;Madrid Puerta de Atocha;Madrid;Comunidad de Madrid;4.386;Larga Distancia / AVE
5563;2024;Spain;Madrid Puerta de Atocha;Madrid;Comunidad de Madrid;Spain;Sevilla Santa Justa;Sevilla;Andalucía;4.327;Larga Distancia / AVE
5564;2024;Spain;Madrid Chamartín;Madrid;Comunidad de Madrid;Spain;Málaga María Zambrano;Málaga;Andalucía;3.581;Larga Distancia / AVE
5565;2024;Spain;Barcelona Sants;Barcelona;Cataluña;Spain;Madrid Puerta de Atocha;Madrid;Comunidad de Madrid;13.294;Larga Distancia / AVE
5566;2024;Spain;Barcelona Sants;Barcelona;Cataluña;Spain;Madrid Chamartín;Madrid;Comunidad de Madrid;3.837;Larga Distancia / AVE
5567;2024;Spain;Barcelona Sants;Barcelona;Cataluña;Spain;Alicante Terminal;Alicante;Comunidad Valenciana;1.509;Larga Distancia / AVE
5568;2024;Spain;Valencia Joaquín Sorolla;Valencia;Comunidad Valenciana;Spain;Madrid Chamartín;Madrid;Comunidad de Madrid;11.487;Larga Distancia / AVE
5569;2024;Spain;Sevilla Santa Justa;Sevilla;Andalucía;Spain;Madrid Puerta de Atocha;Madrid;Comunidad de Madrid;4.196;Larga Distancia / AVE
5570;2024;Spain;Sevilla Santa Justa;Sevilla;Andalucía;Spain;Barcelona Sants;Barcelona;Cataluña;2.122;Larga Distancia / AVE
5571;2024;Spain;Zaragoza Delicias;Zaragoza;Aragón;Spain;Valencia Joaquín Sorolla;Valencia;Comunidad Valenciana;0.681;Larga Distancia / AVE
5572;2024;Spain;Bilbao-Abando Indalecio Prieto;Bilbao;País Vasco;Spain;Madrid Chamartín;Madrid;Comunidad de Madrid;5.142;Larga Distancia
5573;2024;Spain;Valladolid Campo Grande;Valladolid;Castilla y León;Spain;Málaga María Zambrano;Málaga;Andalucía;1.217;Larga Distancia
